Lon,Lat,ID_merged
-180,89.5,165
-179,89.5,165
-178,89.5,165
-177,89.5,165
-176,89.5,165
-175,89.5,165
-174,89.5,165
-173,89.5,165
-172,89.5,165
-171,89.5,165
-170,89.5,165
-169,89.5,165
-168,89.5,165
-167,89.5,165
-166,89.5,165
-165,89.5,165
-164,89.5,165
-163,89.5,165
-162,89.5,165
-161,89.5,165
-160,89.5,165
-159,89.5,165
-158,89.5,165
-157,89.5,165
-156,89.5,165
-155,89.5,165
-154,89.5,165
-153,89.5,165
-152,89.5,165
-151,89.5,165
-150,89.5,165
-149,89.5,165
-148,89.5,165
-147,89.5,165
-146,89.5,165
-145,89.5,165
-144,89.5,165
-143,89.5,165
-142,89.5,165
-141,89.5,165
-140,89.5,165
-139,89.5,165
-138,89.5,165
-137,89.5,165
-136,89.5,165
-135,89.5,165
-134,89.5,165
-133,89.5,165
-132,89.5,165
-131,89.5,165
-130,89.5,165
-129,89.5,165
-128,89.5,165
-127,89.5,165
-126,89.5,165
-125,89.5,165
-124,89.5,165
-123,89.5,165
-122,89.5,165
-121,89.5,165
-120,89.5,165
-119,89.5,165
-118,89.5,165
-117,89.5,165
-116,89.5,165
-115,89.5,165
-114,89.5,165
-113,89.5,165
-112,89.5,165
-111,89.5,165
-110,89.5,165
-109,89.5,165
-108,89.5,165
-107,89.5,165
-106,89.5,165
-105,89.5,165
-104,89.5,165
-103,89.5,165
-102,89.5,165
-101,89.5,165
-100,89.5,165
-99,89.5,165
-98,89.5,165
-97,89.5,165
-96,89.5,165
-95,89.5,165
-94,89.5,165
-93,89.5,165
-92,89.5,165
-91,89.5,165
-90,89.5,165
-89,89.5,165
-88,89.5,165
-87,89.5,165
-86,89.5,165
-85,89.5,165
-84,89.5,165
-83,89.5,165
-82,89.5,165
-81,89.5,165
-80,89.5,165
-79,89.5,165
-78,89.5,165
-77,89.5,165
-76,89.5,165
-75,89.5,165
-74,89.5,165
-73,89.5,165
-72,89.5,165
-71,89.5,165
-70,89.5,165
-69,89.5,165
-68,89.5,165
-67,89.5,165
-66,89.5,165
-65,89.5,165
-64,89.5,165
-63,89.5,165
-62,89.5,165
-61,89.5,165
-60,89.5,165
-59,89.5,165
-58,89.5,165
-57,89.5,165
-56,89.5,165
-55,89.5,165
-54,89.5,165
-53,89.5,165
-52,89.5,165
-51,89.5,165
-50,89.5,165
-49,89.5,165
-48,89.5,165
-47,89.5,165
-46,89.5,165
-45,89.5,165
-44,89.5,165
-43,89.5,165
-42,89.5,165
-41,89.5,165
-40,89.5,165
-39,89.5,165
-38,89.5,165
-37,89.5,165
-36,89.5,165
-35,89.5,165
-34,89.5,165
-33,89.5,165
-32,89.5,165
-31,89.5,165
-30,89.5,165
-29,89.5,165
-28,89.5,165
-27,89.5,165
-26,89.5,165
-25,89.5,165
-24,89.5,165
-23,89.5,165
-22,89.5,165
-21,89.5,165
-20,89.5,165
-19,89.5,165
-18,89.5,165
-17,89.5,165
-16,89.5,165
-15,89.5,165
-14,89.5,165
-13,89.5,165
-12,89.5,165
-11,89.5,165
-10,89.5,165
-9,89.5,165
-8,89.5,165
-7,89.5,165
-6,89.5,165
-5,89.5,165
-4,89.5,165
-3,89.5,165
-2,89.5,165
-1,89.5,165
0,89.5,165
1,89.5,165
2,89.5,165
3,89.5,165
4,89.5,165
5,89.5,165
6,89.5,165
7,89.5,165
8,89.5,165
9,89.5,165
10,89.5,165
11,89.5,165
12,89.5,165
13,89.5,165
14,89.5,165
15,89.5,165
16,89.5,165
17,89.5,165
18,89.5,165
19,89.5,165
20,89.5,165
21,89.5,165
22,89.5,165
23,89.5,165
24,89.5,165
25,89.5,165
26,89.5,165
27,89.5,165
28,89.5,165
29,89.5,165
30,89.5,165
31,89.5,165
32,89.5,165
33,89.5,165
34,89.5,165
35,89.5,165
36,89.5,165
37,89.5,165
38,89.5,165
39,89.5,165
40,89.5,165
41,89.5,165
42,89.5,165
43,89.5,165
44,89.5,165
45,89.5,165
46,89.5,165
47,89.5,165
48,89.5,165
49,89.5,165
50,89.5,165
51,89.5,165
52,89.5,165
53,89.5,165
54,89.5,165
55,89.5,165
56,89.5,165
57,89.5,165
58,89.5,165
59,89.5,165
60,89.5,165
61,89.5,165
62,89.5,165
63,89.5,165
64,89.5,165
65,89.5,165
66,89.5,165
67,89.5,165
68,89.5,165
69,89.5,165
70,89.5,165
71,89.5,165
72,89.5,165
73,89.5,165
74,89.5,165
75,89.5,165
76,89.5,165
77,89.5,165
78,89.5,165
79,89.5,165
80,89.5,165
81,89.5,165
82,89.5,165
83,89.5,165
84,89.5,165
85,89.5,165
86,89.5,165
87,89.5,165
88,89.5,165
89,89.5,165
90,89.5,165
91,89.5,165
92,89.5,165
93,89.5,165
94,89.5,165
95,89.5,165
96,89.5,165
97,89.5,165
98,89.5,165
99,89.5,165
100,89.5,165
101,89.5,165
102,89.5,165
103,89.5,165
104,89.5,165
105,89.5,165
106,89.5,165
107,89.5,165
108,89.5,165
109,89.5,165
110,89.5,165
111,89.5,165
112,89.5,165
113,89.5,165
114,89.5,165
115,89.5,165
116,89.5,165
117,89.5,165
118,89.5,165
119,89.5,165
120,89.5,165
121,89.5,165
122,89.5,165
123,89.5,165
124,89.5,165
125,89.5,165
126,89.5,165
127,89.5,165
128,89.5,165
129,89.5,165
130,89.5,165
131,89.5,165
132,89.5,165
133,89.5,165
134,89.5,165
135,89.5,165
136,89.5,165
137,89.5,165
138,89.5,165
139,89.5,165
140,89.5,165
141,89.5,165
142,89.5,165
143,89.5,165
144,89.5,165
145,89.5,165
146,89.5,165
147,89.5,165
148,89.5,165
149,89.5,165
150,89.5,165
151,89.5,165
152,89.5,165
153,89.5,165
154,89.5,165
155,89.5,165
156,89.5,165
157,89.5,165
158,89.5,165
159,89.5,165
160,89.5,165
161,89.5,165
162,89.5,165
163,89.5,165
164,89.5,165
165,89.5,165
166,89.5,165
167,89.5,165
168,89.5,165
169,89.5,165
170,89.5,165
171,89.5,165
172,89.5,165
173,89.5,165
174,89.5,165
175,89.5,165
176,89.5,165
177,89.5,165
178,89.5,165
179,89.5,165
-180,88.5,165
-179,88.5,165
-178,88.5,165
-177,88.5,165
-176,88.5,165
-175,88.5,165
-174,88.5,165
-173,88.5,165
-172,88.5,165
-171,88.5,165
-170,88.5,165
-169,88.5,165
-168,88.5,165
-167,88.5,165
-166,88.5,165
-165,88.5,165
-164,88.5,165
-163,88.5,165
-162,88.5,165
-161,88.5,165
-160,88.5,165
-159,88.5,165
-158,88.5,165
-157,88.5,165
-156,88.5,165
-155,88.5,165
-154,88.5,165
-153,88.5,165
-152,88.5,165
-151,88.5,165
-150,88.5,165
-149,88.5,165
-148,88.5,165
-147,88.5,165
-146,88.5,165
-145,88.5,165
-144,88.5,165
-143,88.5,165
-142,88.5,165
-141,88.5,165
-140,88.5,165
-139,88.5,165
-138,88.5,165
-137,88.5,165
-136,88.5,165
-135,88.5,165
-134,88.5,165
-133,88.5,165
-132,88.5,165
-131,88.5,165
-130,88.5,165
-129,88.5,165
-128,88.5,165
-127,88.5,165
-126,88.5,165
-125,88.5,165
-124,88.5,165
-123,88.5,165
-122,88.5,165
-121,88.5,165
-120,88.5,165
-119,88.5,165
-118,88.5,165
-117,88.5,165
-116,88.5,165
-115,88.5,165
-114,88.5,165
-113,88.5,165
-112,88.5,165
-111,88.5,165
-110,88.5,165
-109,88.5,165
-108,88.5,165
-107,88.5,165
-106,88.5,165
-105,88.5,165
-104,88.5,165
-103,88.5,165
-102,88.5,165
-101,88.5,165
-100,88.5,165
-99,88.5,165
-98,88.5,165
-97,88.5,165
-96,88.5,165
-95,88.5,165
-94,88.5,165
-93,88.5,165
-92,88.5,165
-91,88.5,165
-90,88.5,165
-89,88.5,165
-88,88.5,165
-87,88.5,165
-86,88.5,165
-85,88.5,165
-84,88.5,165
-83,88.5,165
-82,88.5,165
-81,88.5,165
-80,88.5,165
-79,88.5,165
-78,88.5,165
-77,88.5,165
-76,88.5,165
-75,88.5,165
-74,88.5,165
-73,88.5,165
-72,88.5,165
-71,88.5,165
-70,88.5,165
-69,88.5,165
-68,88.5,165
-67,88.5,165
-66,88.5,165
-65,88.5,165
-64,88.5,165
-63,88.5,165
-62,88.5,165
-61,88.5,165
-60,88.5,165
-59,88.5,165
-58,88.5,165
-57,88.5,165
-56,88.5,165
-55,88.5,165
-54,88.5,165
-53,88.5,165
-52,88.5,165
-51,88.5,165
-50,88.5,165
-49,88.5,165
-48,88.5,165
-47,88.5,165
-46,88.5,165
-45,88.5,165
-44,88.5,165
-43,88.5,165
-42,88.5,165
-41,88.5,165
-40,88.5,165
-39,88.5,165
-38,88.5,165
-37,88.5,165
-36,88.5,165
-35,88.5,165
-34,88.5,165
-33,88.5,165
-32,88.5,165
-31,88.5,165
-30,88.5,165
-29,88.5,165
-28,88.5,165
-27,88.5,165
-26,88.5,165
-25,88.5,165
-24,88.5,165
-23,88.5,165
-22,88.5,165
-21,88.5,165
-20,88.5,165
-19,88.5,165
-18,88.5,165
-17,88.5,165
-16,88.5,165
-15,88.5,165
-14,88.5,165
-13,88.5,165
-12,88.5,165
-11,88.5,165
-10,88.5,165
-9,88.5,165
-8,88.5,165
-7,88.5,165
-6,88.5,165
-5,88.5,165
-4,88.5,165
-3,88.5,165
-2,88.5,165
-1,88.5,165
0,88.5,165
1,88.5,165
2,88.5,165
3,88.5,165
4,88.5,165
5,88.5,165
6,88.5,165
7,88.5,165
8,88.5,165
9,88.5,165
10,88.5,165
11,88.5,165
12,88.5,165
13,88.5,165
14,88.5,165
15,88.5,165
16,88.5,165
17,88.5,165
18,88.5,165
19,88.5,165
20,88.5,165
21,88.5,165
22,88.5,165
23,88.5,165
24,88.5,165
25,88.5,165
26,88.5,165
27,88.5,165
28,88.5,165
29,88.5,165
30,88.5,165
31,88.5,165
32,88.5,165
33,88.5,165
34,88.5,165
35,88.5,165
36,88.5,165
37,88.5,165
38,88.5,165
39,88.5,165
40,88.5,165
41,88.5,165
42,88.5,165
43,88.5,165
44,88.5,165
45,88.5,165
46,88.5,165
47,88.5,165
48,88.5,165
49,88.5,165
50,88.5,165
51,88.5,165
52,88.5,165
53,88.5,165
54,88.5,165
55,88.5,165
56,88.5,165
57,88.5,165
58,88.5,165
59,88.5,165
60,88.5,165
61,88.5,165
62,88.5,165
63,88.5,165
64,88.5,165
65,88.5,165
66,88.5,165
67,88.5,165
68,88.5,165
69,88.5,165
70,88.5,165
71,88.5,165
72,88.5,165
73,88.5,165
74,88.5,165
75,88.5,165
76,88.5,165
77,88.5,165
78,88.5,165
79,88.5,165
80,88.5,165
81,88.5,165
82,88.5,165
83,88.5,165
84,88.5,165
85,88.5,165
86,88.5,165
87,88.5,165
88,88.5,165
89,88.5,165
90,88.5,165
91,88.5,165
92,88.5,165
93,88.5,165
94,88.5,165
95,88.5,165
96,88.5,165
97,88.5,165
98,88.5,165
99,88.5,165
100,88.5,165
101,88.5,165
102,88.5,165
103,88.5,165
104,88.5,165
105,88.5,165
106,88.5,165
107,88.5,165
108,88.5,165
109,88.5,165
110,88.5,165
111,88.5,165
112,88.5,165
113,88.5,165
114,88.5,165
115,88.5,165
116,88.5,165
117,88.5,165
118,88.5,165
119,88.5,165
120,88.5,165
121,88.5,165
122,88.5,165
123,88.5,165
124,88.5,165
125,88.5,165
126,88.5,165
127,88.5,165
128,88.5,165
129,88.5,165
130,88.5,165
131,88.5,165
132,88.5,165
133,88.5,165
134,88.5,165
135,88.5,165
136,88.5,165
137,88.5,165
138,88.5,165
139,88.5,165
140,88.5,165
141,88.5,165
142,88.5,165
143,88.5,165
144,88.5,165
145,88.5,165
146,88.5,165
147,88.5,165
148,88.5,165
149,88.5,165
150,88.5,165
151,88.5,165
152,88.5,165
153,88.5,165
154,88.5,165
155,88.5,165
156,88.5,165
157,88.5,165
158,88.5,165
159,88.5,165
160,88.5,165
161,88.5,165
162,88.5,165
163,88.5,165
164,88.5,165
165,88.5,165
166,88.5,165
167,88.5,165
168,88.5,165
169,88.5,165
170,88.5,165
171,88.5,165
172,88.5,165
173,88.5,165
174,88.5,165
175,88.5,165
176,88.5,165
177,88.5,165
178,88.5,165
179,88.5,165
-180,87.5,165
-179,87.5,165
-178,87.5,165
-177,87.5,165
-176,87.5,165
-175,87.5,165
-174,87.5,165
-173,87.5,165
-172,87.5,165
-171,87.5,165
-170,87.5,165
-169,87.5,165
-168,87.5,165
-167,87.5,165
-166,87.5,165
-165,87.5,165
-164,87.5,165
-163,87.5,165
-162,87.5,165
-161,87.5,165
-160,87.5,165
-159,87.5,165
-158,87.5,165
-157,87.5,165
-156,87.5,165
-155,87.5,165
-154,87.5,165
-153,87.5,165
-152,87.5,165
-151,87.5,165
-150,87.5,165
-149,87.5,165
-148,87.5,165
-147,87.5,165
-146,87.5,165
-145,87.5,165
-144,87.5,165
-143,87.5,165
-142,87.5,165
-141,87.5,165
-140,87.5,165
-139,87.5,165
-138,87.5,165
-137,87.5,165
-136,87.5,165
-135,87.5,165
-134,87.5,165
-133,87.5,165
-132,87.5,165
-131,87.5,165
-130,87.5,165
-129,87.5,165
-128,87.5,165
-127,87.5,165
-126,87.5,165
-125,87.5,165
-124,87.5,165
-123,87.5,165
-122,87.5,165
-121,87.5,165
-120,87.5,165
-119,87.5,165
-118,87.5,165
-117,87.5,165
-116,87.5,165
-115,87.5,165
-114,87.5,165
-113,87.5,165
-112,87.5,165
-111,87.5,165
-110,87.5,165
-109,87.5,165
-108,87.5,165
-107,87.5,165
-106,87.5,165
-105,87.5,165
-104,87.5,165
-103,87.5,165
-102,87.5,165
-101,87.5,165
-100,87.5,165
-99,87.5,165
-98,87.5,165
-97,87.5,165
-96,87.5,165
-95,87.5,165
-94,87.5,165
-93,87.5,165
-92,87.5,165
-91,87.5,165
-90,87.5,165
-89,87.5,165
-88,87.5,165
-87,87.5,165
-86,87.5,165
-85,87.5,165
-84,87.5,165
-83,87.5,165
-82,87.5,165
-81,87.5,165
-80,87.5,165
-79,87.5,165
-78,87.5,165
-77,87.5,165
-76,87.5,165
-75,87.5,165
-74,87.5,165
-73,87.5,165
-72,87.5,165
-71,87.5,165
-70,87.5,165
-69,87.5,165
-68,87.5,165
-67,87.5,165
-66,87.5,165
-65,87.5,165
-64,87.5,165
-63,87.5,165
-62,87.5,165
-61,87.5,165
-60,87.5,165
-59,87.5,165
-58,87.5,165
-57,87.5,165
-56,87.5,165
-55,87.5,165
-54,87.5,165
-53,87.5,165
-52,87.5,165
-51,87.5,165
-50,87.5,165
-49,87.5,165
-48,87.5,165
-47,87.5,165
-46,87.5,165
-45,87.5,165
-44,87.5,165
-43,87.5,165
-42,87.5,165
-41,87.5,165
-40,87.5,165
-39,87.5,165
-38,87.5,165
-37,87.5,165
-36,87.5,165
-35,87.5,165
-34,87.5,165
-33,87.5,165
-32,87.5,165
-31,87.5,165
-30,87.5,165
-29,87.5,165
-28,87.5,165
-27,87.5,165
-26,87.5,165
-25,87.5,165
-24,87.5,165
-23,87.5,165
-22,87.5,165
-21,87.5,165
-20,87.5,165
-19,87.5,165
-18,87.5,165
-17,87.5,165
-16,87.5,165
-15,87.5,165
-14,87.5,165
-13,87.5,165
-12,87.5,165
-11,87.5,165
-10,87.5,165
-9,87.5,165
-8,87.5,165
-7,87.5,165
-6,87.5,165
-5,87.5,165
-4,87.5,165
-3,87.5,165
-2,87.5,165
-1,87.5,165
0,87.5,165
1,87.5,165
2,87.5,165
3,87.5,165
4,87.5,165
5,87.5,165
6,87.5,165
7,87.5,165
8,87.5,165
9,87.5,165
10,87.5,165
11,87.5,165
12,87.5,165
13,87.5,165
14,87.5,165
15,87.5,165
16,87.5,165
17,87.5,165
18,87.5,165
19,87.5,165
20,87.5,165
21,87.5,165
22,87.5,165
23,87.5,165
24,87.5,165
25,87.5,165
26,87.5,165
27,87.5,165
28,87.5,165
29,87.5,165
30,87.5,165
31,87.5,165
32,87.5,165
33,87.5,165
34,87.5,165
35,87.5,165
36,87.5,165
37,87.5,165
38,87.5,165
39,87.5,165
40,87.5,165
41,87.5,165
42,87.5,165
43,87.5,165
44,87.5,165
45,87.5,165
46,87.5,165
47,87.5,165
48,87.5,165
49,87.5,165
50,87.5,165
51,87.5,165
52,87.5,165
53,87.5,165
54,87.5,165
55,87.5,165
56,87.5,165
57,87.5,165
58,87.5,165
59,87.5,165
60,87.5,165
61,87.5,165
62,87.5,165
63,87.5,165
64,87.5,165
65,87.5,165
66,87.5,165
67,87.5,165
68,87.5,165
69,87.5,165
70,87.5,165
71,87.5,165
72,87.5,165
73,87.5,165
74,87.5,165
75,87.5,165
76,87.5,165
77,87.5,165
78,87.5,165
79,87.5,165
80,87.5,165
81,87.5,165
82,87.5,165
83,87.5,165
84,87.5,165
85,87.5,165
86,87.5,165
87,87.5,165
88,87.5,165
89,87.5,165
90,87.5,165
91,87.5,165
92,87.5,165
93,87.5,165
94,87.5,165
95,87.5,165
96,87.5,165
97,87.5,165
98,87.5,165
99,87.5,165
100,87.5,165
101,87.5,165
102,87.5,165
103,87.5,165
104,87.5,165
105,87.5,165
106,87.5,165
107,87.5,165
108,87.5,165
109,87.5,165
110,87.5,165
111,87.5,165
112,87.5,165
113,87.5,165
114,87.5,165
115,87.5,165
116,87.5,165
117,87.5,165
118,87.5,165
119,87.5,165
120,87.5,165
121,87.5,165
122,87.5,165
123,87.5,165
124,87.5,165
125,87.5,165
126,87.5,165
127,87.5,165
128,87.5,165
129,87.5,165
130,87.5,165
131,87.5,165
132,87.5,165
133,87.5,165
134,87.5,165
135,87.5,165
136,87.5,165
137,87.5,165
138,87.5,165
139,87.5,165
140,87.5,165
141,87.5,165
142,87.5,165
143,87.5,165
144,87.5,165
145,87.5,165
146,87.5,165
147,87.5,165
148,87.5,165
149,87.5,165
150,87.5,165
151,87.5,165
152,87.5,165
153,87.5,165
154,87.5,165
155,87.5,165
156,87.5,165
157,87.5,165
158,87.5,165
159,87.5,165
160,87.5,165
161,87.5,165
162,87.5,165
163,87.5,165
164,87.5,165
165,87.5,165
166,87.5,165
167,87.5,165
168,87.5,165
169,87.5,165
170,87.5,165
171,87.5,165
172,87.5,165
173,87.5,165
174,87.5,165
175,87.5,165
176,87.5,165
177,87.5,165
178,87.5,165
179,87.5,165
-180,86.5,165
-179,86.5,165
-178,86.5,165
-177,86.5,165
-176,86.5,165
-175,86.5,165
-174,86.5,165
-173,86.5,165
-172,86.5,165
-171,86.5,165
-170,86.5,165
-169,86.5,165
-168,86.5,165
-167,86.5,165
-166,86.5,165
-165,86.5,165
-164,86.5,165
-163,86.5,165
-162,86.5,165
-161,86.5,165
-160,86.5,165
-159,86.5,165
-158,86.5,165
-157,86.5,165
-156,86.5,165
-155,86.5,165
-154,86.5,165
-153,86.5,165
-152,86.5,165
-151,86.5,165
-150,86.5,165
-149,86.5,165
-148,86.5,165
-147,86.5,165
-146,86.5,165
-145,86.5,165
-144,86.5,165
-143,86.5,165
-142,86.5,165
-141,86.5,165
-140,86.5,165
-139,86.5,165
-138,86.5,165
-137,86.5,165
-136,86.5,165
-135,86.5,165
-134,86.5,165
-133,86.5,165
-132,86.5,165
-131,86.5,165
-130,86.5,165
-129,86.5,165
-128,86.5,165
-127,86.5,165
-126,86.5,165
-125,86.5,165
-124,86.5,165
-123,86.5,165
-122,86.5,165
-121,86.5,165
-120,86.5,165
-119,86.5,165
-118,86.5,165
-117,86.5,165
-116,86.5,165
-115,86.5,165
-114,86.5,165
-113,86.5,165
-112,86.5,165
-111,86.5,165
-110,86.5,165
-109,86.5,165
-108,86.5,165
-107,86.5,165
-106,86.5,165
-105,86.5,165
-104,86.5,165
-103,86.5,165
-102,86.5,165
-101,86.5,165
-100,86.5,165
-99,86.5,165
-98,86.5,165
-97,86.5,165
-96,86.5,165
-95,86.5,165
-94,86.5,165
-93,86.5,165
-92,86.5,165
-91,86.5,165
-90,86.5,165
-89,86.5,165
-88,86.5,165
-87,86.5,165
-86,86.5,165
-85,86.5,165
-84,86.5,165
-83,86.5,165
-82,86.5,165
-81,86.5,165
-80,86.5,165
-79,86.5,165
-78,86.5,165
-77,86.5,165
-76,86.5,165
-75,86.5,165
-74,86.5,165
-73,86.5,165
-72,86.5,165
-71,86.5,165
-70,86.5,165
-69,86.5,165
-68,86.5,165
-67,86.5,165
-66,86.5,165
-65,86.5,165
-64,86.5,165
-63,86.5,165
-62,86.5,165
-61,86.5,165
-60,86.5,165
-59,86.5,165
-58,86.5,165
-57,86.5,165
-56,86.5,165
-55,86.5,165
-54,86.5,165
-53,86.5,165
-52,86.5,165
-51,86.5,165
-50,86.5,165
-49,86.5,165
-48,86.5,165
-47,86.5,165
-46,86.5,165
-45,86.5,165
-44,86.5,165
-43,86.5,165
-42,86.5,165
-41,86.5,165
-40,86.5,165
-39,86.5,165
-38,86.5,165
-37,86.5,165
-36,86.5,165
-35,86.5,165
-34,86.5,165
-33,86.5,165
-32,86.5,165
-31,86.5,165
-30,86.5,165
-29,86.5,165
-28,86.5,165
-27,86.5,165
-26,86.5,165
-25,86.5,165
-24,86.5,165
-23,86.5,165
-22,86.5,165
-21,86.5,165
-20,86.5,165
-19,86.5,165
-18,86.5,165
-17,86.5,165
-16,86.5,165
-15,86.5,165
-14,86.5,165
-13,86.5,165
-12,86.5,165
-11,86.5,165
-10,86.5,165
-9,86.5,165
-8,86.5,165
-7,86.5,165
-6,86.5,165
-5,86.5,165
-4,86.5,165
-3,86.5,165
-2,86.5,165
-1,86.5,165
0,86.5,165
1,86.5,165
2,86.5,165
3,86.5,165
4,86.5,165
5,86.5,165
6,86.5,165
7,86.5,165
8,86.5,165
9,86.5,165
10,86.5,165
11,86.5,165
12,86.5,165
13,86.5,165
14,86.5,165
15,86.5,165
16,86.5,165
17,86.5,165
18,86.5,165
19,86.5,165
20,86.5,165
21,86.5,165
22,86.5,165
23,86.5,165
24,86.5,165
25,86.5,165
26,86.5,165
27,86.5,165
28,86.5,165
29,86.5,165
30,86.5,165
31,86.5,165
32,86.5,165
33,86.5,165
34,86.5,165
35,86.5,165
36,86.5,165
37,86.5,165
38,86.5,165
39,86.5,165
40,86.5,165
41,86.5,165
42,86.5,165
43,86.5,165
44,86.5,165
45,86.5,165
46,86.5,165
47,86.5,165
48,86.5,165
49,86.5,165
50,86.5,165
51,86.5,165
52,86.5,165
53,86.5,165
54,86.5,165
55,86.5,165
56,86.5,165
57,86.5,165
58,86.5,165
59,86.5,165
60,86.5,165
61,86.5,165
62,86.5,165
63,86.5,165
64,86.5,165
65,86.5,165
66,86.5,165
67,86.5,165
68,86.5,165
69,86.5,165
70,86.5,165
71,86.5,165
72,86.5,165
73,86.5,165
74,86.5,165
75,86.5,165
76,86.5,165
77,86.5,165
78,86.5,165
79,86.5,165
80,86.5,165
81,86.5,165
82,86.5,165
83,86.5,165
84,86.5,165
85,86.5,165
86,86.5,165
87,86.5,165
88,86.5,165
89,86.5,165
90,86.5,165
91,86.5,165
92,86.5,165
93,86.5,165
94,86.5,165
95,86.5,165
96,86.5,165
97,86.5,165
98,86.5,165
99,86.5,165
100,86.5,165
101,86.5,165
102,86.5,165
103,86.5,165
104,86.5,165
105,86.5,165
106,86.5,165
107,86.5,165
108,86.5,165
109,86.5,165
110,86.5,165
111,86.5,165
112,86.5,165
113,86.5,165
114,86.5,165
115,86.5,165
116,86.5,165
117,86.5,165
118,86.5,165
119,86.5,165
120,86.5,165
121,86.5,165
122,86.5,165
123,86.5,165
124,86.5,165
125,86.5,165
126,86.5,165
127,86.5,165
128,86.5,165
129,86.5,165
130,86.5,165
131,86.5,165
132,86.5,165
133,86.5,165
134,86.5,165
135,86.5,165
136,86.5,165
137,86.5,165
138,86.5,165
139,86.5,165
140,86.5,165
141,86.5,165
142,86.5,165
143,86.5,165
144,86.5,165
145,86.5,165
146,86.5,165
147,86.5,165
148,86.5,165
149,86.5,165
150,86.5,165
151,86.5,165
152,86.5,165
153,86.5,165
154,86.5,165
155,86.5,165
156,86.5,165
157,86.5,165
158,86.5,165
159,86.5,165
160,86.5,165
161,86.5,165
162,86.5,165
163,86.5,165
164,86.5,165
165,86.5,165
166,86.5,165
167,86.5,165
168,86.5,165
169,86.5,165
170,86.5,165
171,86.5,165
172,86.5,165
173,86.5,165
174,86.5,165
175,86.5,165
176,86.5,165
177,86.5,165
178,86.5,165
179,86.5,165
-180,85.5,165
-179,85.5,165
-178,85.5,165
-177,85.5,165
-176,85.5,165
-175,85.5,165
-174,85.5,165
-173,85.5,165
-172,85.5,165
-171,85.5,165
-170,85.5,165
-169,85.5,165
-168,85.5,165
-167,85.5,165
-166,85.5,165
-165,85.5,165
-164,85.5,165
-163,85.5,165
-162,85.5,165
-161,85.5,165
-160,85.5,165
-159,85.5,165
-158,85.5,165
-157,85.5,165
-156,85.5,165
-155,85.5,165
-154,85.5,165
-153,85.5,165
-152,85.5,165
-151,85.5,165
-150,85.5,165
-149,85.5,165
-148,85.5,165
-147,85.5,165
-146,85.5,165
-145,85.5,165
-144,85.5,165
-143,85.5,165
-142,85.5,165
-141,85.5,165
-140,85.5,165
-139,85.5,165
-138,85.5,165
-137,85.5,165
-136,85.5,165
-135,85.5,165
-134,85.5,165
-133,85.5,165
-132,85.5,165
-131,85.5,165
-130,85.5,165
-129,85.5,165
-128,85.5,165
-127,85.5,165
-126,85.5,165
-125,85.5,165
-124,85.5,165
-123,85.5,165
-122,85.5,165
-121,85.5,165
-120,85.5,165
-119,85.5,165
-118,85.5,165
-117,85.5,165
-116,85.5,165
-115,85.5,165
-114,85.5,165
-113,85.5,165
-112,85.5,165
-111,85.5,165
-110,85.5,165
-109,85.5,165
-108,85.5,165
-107,85.5,165
-106,85.5,165
-105,85.5,165
-104,85.5,165
-103,85.5,165
-102,85.5,165
-101,85.5,165
-100,85.5,165
-99,85.5,165
-98,85.5,165
-97,85.5,165
-96,85.5,165
-95,85.5,165
-94,85.5,165
-93,85.5,165
-92,85.5,165
-91,85.5,165
-90,85.5,165
-89,85.5,165
-88,85.5,165
-87,85.5,165
-86,85.5,165
-85,85.5,165
-84,85.5,165
-83,85.5,165
-82,85.5,165
-81,85.5,165
-80,85.5,165
-79,85.5,165
-78,85.5,165
-77,85.5,165
-76,85.5,165
-75,85.5,165
-74,85.5,165
-73,85.5,165
-72,85.5,165
-71,85.5,165
-70,85.5,165
-69,85.5,165
-68,85.5,165
-67,85.5,165
-66,85.5,165
-65,85.5,165
-64,85.5,165
-63,85.5,165
-62,85.5,165
-61,85.5,165
-60,85.5,165
-59,85.5,165
-58,85.5,165
-57,85.5,165
-56,85.5,165
-55,85.5,165
-54,85.5,165
-53,85.5,165
-52,85.5,165
-51,85.5,165
-50,85.5,165
-49,85.5,165
-48,85.5,165
-47,85.5,165
-46,85.5,165
-45,85.5,165
-44,85.5,165
-43,85.5,165
-42,85.5,165
-41,85.5,165
-40,85.5,165
-39,85.5,165
-38,85.5,165
-37,85.5,165
-36,85.5,165
-35,85.5,165
-34,85.5,165
-33,85.5,165
-32,85.5,165
-31,85.5,165
-30,85.5,165
-29,85.5,165
-28,85.5,165
-27,85.5,165
-26,85.5,165
-25,85.5,165
-24,85.5,165
-23,85.5,165
-22,85.5,165
-21,85.5,165
-20,85.5,165
-19,85.5,165
-18,85.5,165
-17,85.5,165
-16,85.5,165
-15,85.5,165
-14,85.5,165
-13,85.5,165
-12,85.5,165
-11,85.5,165
-10,85.5,165
-9,85.5,165
-8,85.5,165
-7,85.5,165
-6,85.5,165
-5,85.5,165
-4,85.5,165
-3,85.5,165
-2,85.5,165
-1,85.5,165
0,85.5,165
1,85.5,165
2,85.5,165
3,85.5,165
4,85.5,165
5,85.5,165
6,85.5,165
7,85.5,165
8,85.5,165
9,85.5,165
10,85.5,165
11,85.5,165
12,85.5,165
13,85.5,165
14,85.5,165
15,85.5,165
16,85.5,165
17,85.5,165
18,85.5,165
19,85.5,165
20,85.5,165
21,85.5,165
22,85.5,165
23,85.5,165
24,85.5,165
25,85.5,165
26,85.5,165
27,85.5,165
28,85.5,165
29,85.5,165
30,85.5,165
31,85.5,165
32,85.5,165
33,85.5,165
34,85.5,165
35,85.5,165
36,85.5,165
37,85.5,165
38,85.5,165
39,85.5,165
40,85.5,165
41,85.5,165
42,85.5,165
43,85.5,165
44,85.5,165
45,85.5,165
46,85.5,165
47,85.5,165
48,85.5,165
49,85.5,165
50,85.5,165
51,85.5,165
52,85.5,165
53,85.5,165
54,85.5,165
55,85.5,165
56,85.5,165
57,85.5,165
58,85.5,165
59,85.5,165
60,85.5,165
61,85.5,165
62,85.5,165
63,85.5,165
64,85.5,165
65,85.5,165
66,85.5,165
67,85.5,165
68,85.5,165
69,85.5,165
70,85.5,165
71,85.5,165
72,85.5,165
73,85.5,165
74,85.5,165
75,85.5,165
76,85.5,165
77,85.5,165
78,85.5,165
79,85.5,165
80,85.5,165
81,85.5,165
82,85.5,165
83,85.5,165
84,85.5,165
85,85.5,165
86,85.5,165
87,85.5,165
88,85.5,165
89,85.5,165
90,85.5,165
91,85.5,165
92,85.5,165
93,85.5,165
94,85.5,165
95,85.5,165
96,85.5,165
97,85.5,165
98,85.5,165
99,85.5,165
100,85.5,165
101,85.5,165
102,85.5,165
103,85.5,165
104,85.5,165
105,85.5,165
106,85.5,165
107,85.5,165
108,85.5,165
109,85.5,165
110,85.5,165
111,85.5,165
112,85.5,165
113,85.5,165
114,85.5,165
115,85.5,165
116,85.5,165
117,85.5,165
118,85.5,165
119,85.5,165
120,85.5,165
121,85.5,165
122,85.5,165
123,85.5,165
124,85.5,165
125,85.5,165
126,85.5,165
127,85.5,165
128,85.5,165
129,85.5,165
130,85.5,165
131,85.5,165
132,85.5,165
133,85.5,165
134,85.5,165
135,85.5,165
136,85.5,165
137,85.5,165
138,85.5,165
139,85.5,165
140,85.5,165
141,85.5,165
142,85.5,165
143,85.5,165
144,85.5,165
145,85.5,165
146,85.5,165
147,85.5,165
148,85.5,165
149,85.5,165
150,85.5,165
151,85.5,165
152,85.5,165
153,85.5,165
154,85.5,165
155,85.5,165
156,85.5,165
157,85.5,165
158,85.5,165
159,85.5,165
160,85.5,165
161,85.5,165
162,85.5,165
163,85.5,165
164,85.5,165
165,85.5,165
166,85.5,165
167,85.5,165
168,85.5,165
169,85.5,165
170,85.5,165
171,85.5,165
172,85.5,165
173,85.5,165
174,85.5,165
175,85.5,165
176,85.5,165
177,85.5,165
178,85.5,165
179,85.5,165
-180,84.5,165
-179,84.5,165
-178,84.5,165
-177,84.5,165
-176,84.5,165
-175,84.5,165
-174,84.5,165
-173,84.5,165
-172,84.5,165
-171,84.5,165
-170,84.5,165
-169,84.5,165
-168,84.5,165
-167,84.5,165
-166,84.5,165
-165,84.5,165
-164,84.5,165
-163,84.5,165
-162,84.5,165
-161,84.5,165
-160,84.5,165
-159,84.5,165
-158,84.5,165
-157,84.5,165
-156,84.5,165
-155,84.5,165
-154,84.5,165
-153,84.5,165
-152,84.5,165
-151,84.5,165
-150,84.5,165
-149,84.5,165
-148,84.5,165
-147,84.5,165
-146,84.5,165
-145,84.5,165
-144,84.5,165
-143,84.5,165
-142,84.5,165
-141,84.5,165
-140,84.5,165
-139,84.5,165
-138,84.5,165
-137,84.5,165
-136,84.5,165
-135,84.5,165
-134,84.5,165
-133,84.5,165
-132,84.5,165
-131,84.5,165
-130,84.5,165
-129,84.5,165
-128,84.5,165
-127,84.5,165
-126,84.5,165
-125,84.5,165
-124,84.5,165
-123,84.5,165
-122,84.5,165
-121,84.5,165
-120,84.5,165
-119,84.5,165
-118,84.5,165
-117,84.5,165
-116,84.5,165
-115,84.5,165
-114,84.5,165
-113,84.5,165
-112,84.5,165
-111,84.5,165
-110,84.5,165
-109,84.5,165
-108,84.5,165
-107,84.5,165
-106,84.5,165
-105,84.5,165
-104,84.5,165
-103,84.5,165
-102,84.5,165
-101,84.5,165
-100,84.5,165
-99,84.5,165
-98,84.5,165
-97,84.5,165
-96,84.5,165
-95,84.5,165
-94,84.5,165
-93,84.5,165
-92,84.5,165
-91,84.5,165
-90,84.5,165
-89,84.5,165
-88,84.5,165
-87,84.5,165
-86,84.5,165
-85,84.5,165
-84,84.5,165
-83,84.5,165
-82,84.5,165
-81,84.5,165
-80,84.5,165
-79,84.5,165
-78,84.5,165
-77,84.5,165
-76,84.5,165
-75,84.5,165
-74,84.5,165
-73,84.5,165
-72,84.5,165
-71,84.5,165
-70,84.5,165
-69,84.5,165
-68,84.5,165
-67,84.5,165
-66,84.5,165
-65,84.5,165
-64,84.5,165
-63,84.5,165
-62,84.5,165
-61,84.5,165
-60,84.5,165
-59,84.5,165
-58,84.5,165
-57,84.5,165
-56,84.5,165
-55,84.5,165
-54,84.5,165
-53,84.5,165
-52,84.5,164
-51,84.5,164
-50,84.5,164
-49,84.5,164
-48,84.5,164
-47,84.5,164
-46,84.5,164
-45,84.5,164
-44,84.5,164
-43,84.5,164
-42,84.5,164
-41,84.5,164
-40,84.5,164
-39,84.5,164
-38,84.5,164
-37,84.5,164
-36,84.5,164
-35,84.5,164
-34,84.5,164
-33,84.5,164
-32,84.5,165
-31,84.5,165
-30,84.5,165
-29,84.5,165
-28,84.5,165
-27,84.5,165
-26,84.5,165
-25,84.5,165
-24,84.5,165
-23,84.5,165
-22,84.5,165
-21,84.5,165
-20,84.5,165
-19,84.5,165
-18,84.5,165
-17,84.5,165
-16,84.5,165
-15,84.5,165
-14,84.5,165
-13,84.5,165
-12,84.5,165
-11,84.5,165
-10,84.5,165
-9,84.5,165
-8,84.5,165
-7,84.5,165
-6,84.5,165
-5,84.5,165
-4,84.5,165
-3,84.5,165
-2,84.5,165
-1,84.5,165
0,84.5,165
1,84.5,165
2,84.5,165
3,84.5,165
4,84.5,165
5,84.5,165
6,84.5,165
7,84.5,165
8,84.5,165
9,84.5,165
10,84.5,165
11,84.5,165
12,84.5,165
13,84.5,165
14,84.5,165
15,84.5,165
16,84.5,165
17,84.5,165
18,84.5,165
19,84.5,165
20,84.5,165
21,84.5,165
22,84.5,165
23,84.5,165
24,84.5,165
25,84.5,165
26,84.5,165
27,84.5,165
28,84.5,165
29,84.5,165
30,84.5,165
31,84.5,165
32,84.5,165
33,84.5,165
34,84.5,165
35,84.5,165
36,84.5,165
37,84.5,165
38,84.5,165
39,84.5,165
40,84.5,165
41,84.5,165
42,84.5,165
43,84.5,165
44,84.5,165
45,84.5,165
46,84.5,165
47,84.5,165
48,84.5,165
49,84.5,165
50,84.5,165
51,84.5,165
52,84.5,165
53,84.5,165
54,84.5,165
55,84.5,165
56,84.5,165
57,84.5,165
58,84.5,165
59,84.5,165
60,84.5,165
61,84.5,165
62,84.5,165
63,84.5,165
64,84.5,165
65,84.5,165
66,84.5,165
67,84.5,165
68,84.5,165
69,84.5,165
70,84.5,165
71,84.5,165
72,84.5,165
73,84.5,165
74,84.5,165
75,84.5,165
76,84.5,165
77,84.5,165
78,84.5,165
79,84.5,165
80,84.5,165
81,84.5,165
82,84.5,165
83,84.5,165
84,84.5,165
85,84.5,165
86,84.5,165
87,84.5,165
88,84.5,165
89,84.5,165
90,84.5,165
91,84.5,165
92,84.5,165
93,84.5,165
94,84.5,165
95,84.5,165
96,84.5,165
97,84.5,165
98,84.5,165
99,84.5,165
100,84.5,165
101,84.5,165
102,84.5,165
103,84.5,165
104,84.5,165
105,84.5,165
106,84.5,165
107,84.5,165
108,84.5,165
109,84.5,165
110,84.5,165
111,84.5,165
112,84.5,165
113,84.5,165
114,84.5,165
115,84.5,165
116,84.5,165
117,84.5,165
118,84.5,165
119,84.5,165
120,84.5,165
121,84.5,165
122,84.5,165
123,84.5,165
124,84.5,165
125,84.5,165
126,84.5,165
127,84.5,165
128,84.5,165
129,84.5,165
130,84.5,165
131,84.5,165
132,84.5,165
133,84.5,165
134,84.5,165
135,84.5,165
136,84.5,165
137,84.5,165
138,84.5,165
139,84.5,165
140,84.5,165
141,84.5,165
142,84.5,165
143,84.5,165
144,84.5,165
145,84.5,165
146,84.5,165
147,84.5,165
148,84.5,165
149,84.5,165
150,84.5,165
151,84.5,165
152,84.5,165
153,84.5,165
154,84.5,165
155,84.5,165
156,84.5,165
157,84.5,165
158,84.5,165
159,84.5,165
160,84.5,165
161,84.5,165
162,84.5,165
163,84.5,165
164,84.5,165
165,84.5,165
166,84.5,165
167,84.5,165
168,84.5,165
169,84.5,165
170,84.5,165
171,84.5,165
172,84.5,165
173,84.5,165
174,84.5,165
175,84.5,165
176,84.5,165
177,84.5,165
178,84.5,165
179,84.5,165
-180,83.5,165
-179,83.5,165
-178,83.5,165
-177,83.5,165
-176,83.5,165
-175,83.5,165
-174,83.5,165
-173,83.5,165
-172,83.5,165
-171,83.5,165
-170,83.5,165
-169,83.5,165
-168,83.5,165
-167,83.5,165
-166,83.5,165
-165,83.5,165
-164,83.5,165
-163,83.5,165
-162,83.5,165
-161,83.5,165
-160,83.5,165
-159,83.5,165
-158,83.5,165
-157,83.5,165
-156,83.5,165
-155,83.5,165
-154,83.5,165
-153,83.5,165
-152,83.5,165
-151,83.5,165
-150,83.5,165
-149,83.5,165
-148,83.5,165
-147,83.5,165
-146,83.5,165
-145,83.5,165
-144,83.5,165
-143,83.5,165
-142,83.5,165
-141,83.5,165
-140,83.5,165
-139,83.5,165
-138,83.5,165
-137,83.5,165
-136,83.5,165
-135,83.5,165
-134,83.5,165
-133,83.5,165
-132,83.5,165
-131,83.5,165
-130,83.5,165
-129,83.5,165
-128,83.5,165
-127,83.5,165
-126,83.5,165
-125,83.5,165
-124,83.5,165
-123,83.5,165
-122,83.5,165
-121,83.5,165
-120,83.5,165
-119,83.5,165
-118,83.5,165
-117,83.5,165
-116,83.5,165
-115,83.5,165
-114,83.5,165
-113,83.5,165
-112,83.5,165
-111,83.5,165
-110,83.5,165
-109,83.5,165
-108,83.5,165
-107,83.5,165
-106,83.5,165
-105,83.5,165
-104,83.5,165
-103,83.5,165
-102,83.5,165
-101,83.5,165
-100,83.5,165
-99,83.5,165
-98,83.5,165
-97,83.5,165
-96,83.5,165
-95,83.5,165
-94,83.5,165
-93,83.5,165
-92,83.5,165
-91,83.5,165
-90,83.5,165
-89,83.5,165
-88,83.5,165
-87,83.5,165
-86,83.5,165
-85,83.5,164
-84,83.5,164
-83,83.5,164
-82,83.5,164
-81,83.5,164
-80,83.5,164
-79,83.5,164
-78,83.5,164
-77,83.5,164
-76,83.5,164
-75,83.5,164
-74,83.5,164
-73,83.5,164
-72,83.5,164
-71,83.5,164
-70,83.5,164
-69,83.5,164
-68,83.5,164
-67,83.5,164
-66,83.5,164
-65,83.5,164
-64,83.5,164
-63,83.5,164
-62,83.5,164
-61,83.5,164
-60,83.5,164
-59,83.5,164
-58,83.5,164
-57,83.5,164
-56,83.5,164
-55,83.5,164
-54,83.5,164
-53,83.5,164
-52,83.5,164
-51,83.5,164
-50,83.5,164
-49,83.5,164
-48,83.5,164
-47,83.5,164
-46,83.5,164
-45,83.5,164
-44,83.5,164
-43,83.5,164
-42,83.5,164
-41,83.5,164
-40,83.5,164
-39,83.5,164
-38,83.5,164
-37,83.5,164
-34,83.5,164
-28,83.5,164
-27,83.5,164
-26,83.5,164
-25,83.5,164
-24,83.5,164
-23,83.5,164
-22,83.5,164
-21,83.5,164
-20,83.5,164
-19,83.5,165
-18,83.5,165
-17,83.5,165
-16,83.5,165
-15,83.5,165
-14,83.5,165
-13,83.5,165
-12,83.5,165
-11,83.5,165
-10,83.5,165
-9,83.5,165
-8,83.5,165
-7,83.5,165
-6,83.5,165
-5,83.5,165
-4,83.5,165
-3,83.5,165
-2,83.5,165
-1,83.5,165
0,83.5,165
1,83.5,165
2,83.5,165
3,83.5,165
4,83.5,165
5,83.5,165
6,83.5,165
7,83.5,165
8,83.5,165
9,83.5,165
10,83.5,165
11,83.5,165
12,83.5,165
13,83.5,165
14,83.5,165
15,83.5,165
16,83.5,165
17,83.5,165
18,83.5,165
19,83.5,165
20,83.5,165
21,83.5,165
22,83.5,165
23,83.5,165
24,83.5,165
25,83.5,165
26,83.5,165
27,83.5,165
28,83.5,165
29,83.5,165
30,83.5,165
31,83.5,165
32,83.5,165
33,83.5,165
34,83.5,165
35,83.5,165
36,83.5,165
37,83.5,165
38,83.5,165
39,83.5,165
40,83.5,165
41,83.5,165
42,83.5,165
43,83.5,165
44,83.5,165
45,83.5,165
46,83.5,165
47,83.5,165
48,83.5,165
49,83.5,165
50,83.5,165
51,83.5,165
52,83.5,165
53,83.5,165
54,83.5,165
55,83.5,165
56,83.5,165
57,83.5,165
58,83.5,165
59,83.5,165
60,83.5,165
61,83.5,165
62,83.5,165
63,83.5,165
64,83.5,165
65,83.5,165
66,83.5,165
67,83.5,165
68,83.5,165
69,83.5,165
70,83.5,165
71,83.5,165
72,83.5,165
73,83.5,165
74,83.5,165
75,83.5,165
76,83.5,165
77,83.5,165
78,83.5,165
79,83.5,165
80,83.5,165
81,83.5,165
82,83.5,165
83,83.5,165
84,83.5,165
85,83.5,165
86,83.5,165
87,83.5,165
88,83.5,165
89,83.5,165
90,83.5,165
91,83.5,165
92,83.5,165
93,83.5,165
94,83.5,165
95,83.5,165
96,83.5,165
97,83.5,165
98,83.5,165
99,83.5,165
100,83.5,165
101,83.5,165
102,83.5,165
103,83.5,165
104,83.5,165
105,83.5,165
106,83.5,165
107,83.5,165
108,83.5,165
109,83.5,165
110,83.5,165
111,83.5,165
112,83.5,165
113,83.5,165
114,83.5,165
115,83.5,165
116,83.5,165
117,83.5,165
118,83.5,165
119,83.5,165
120,83.5,165
121,83.5,165
122,83.5,165
123,83.5,165
124,83.5,165
125,83.5,165
126,83.5,165
127,83.5,165
128,83.5,165
129,83.5,165
130,83.5,165
131,83.5,165
132,83.5,165
133,83.5,165
134,83.5,165
135,83.5,165
136,83.5,165
137,83.5,165
138,83.5,165
139,83.5,165
140,83.5,165
141,83.5,165
142,83.5,165
143,83.5,165
144,83.5,165
145,83.5,165
146,83.5,165
147,83.5,165
148,83.5,165
149,83.5,165
150,83.5,165
151,83.5,165
152,83.5,165
153,83.5,165
154,83.5,165
155,83.5,165
156,83.5,165
157,83.5,165
158,83.5,165
159,83.5,165
160,83.5,165
161,83.5,165
162,83.5,165
163,83.5,165
164,83.5,165
165,83.5,165
166,83.5,165
167,83.5,165
168,83.5,165
169,83.5,165
170,83.5,165
171,83.5,165
172,83.5,165
173,83.5,165
174,83.5,165
175,83.5,165
176,83.5,165
177,83.5,165
178,83.5,165
179,83.5,165
-180,82.5,165
-179,82.5,165
-178,82.5,165
-177,82.5,165
-176,82.5,165
-175,82.5,165
-174,82.5,165
-173,82.5,165
-172,82.5,165
-171,82.5,165
-170,82.5,165
-169,82.5,165
-168,82.5,165
-167,82.5,165
-166,82.5,165
-165,82.5,165
-164,82.5,165
-163,82.5,165
-162,82.5,165
-161,82.5,165
-160,82.5,165
-159,82.5,165
-158,82.5,165
-157,82.5,165
-156,82.5,165
-155,82.5,165
-154,82.5,165
-153,82.5,165
-152,82.5,165
-151,82.5,165
-150,82.5,165
-149,82.5,165
-148,82.5,165
-147,82.5,165
-146,82.5,165
-145,82.5,165
-144,82.5,165
-143,82.5,165
-142,82.5,165
-141,82.5,165
-140,82.5,165
-139,82.5,165
-138,82.5,165
-137,82.5,165
-136,82.5,165
-135,82.5,165
-134,82.5,165
-133,82.5,165
-132,82.5,165
-131,82.5,165
-130,82.5,165
-129,82.5,165
-128,82.5,165
-127,82.5,165
-126,82.5,165
-125,82.5,165
-124,82.5,165
-123,82.5,165
-122,82.5,165
-121,82.5,165
-120,82.5,165
-119,82.5,165
-118,82.5,165
-117,82.5,165
-116,82.5,165
-115,82.5,165
-114,82.5,165
-113,82.5,165
-112,82.5,165
-111,82.5,165
-110,82.5,165
-109,82.5,165
-108,82.5,165
-107,82.5,165
-106,82.5,165
-105,82.5,165
-104,82.5,165
-103,82.5,165
-102,82.5,165
-101,82.5,165
-100,82.5,164
-99,82.5,164
-98,82.5,164
-97,82.5,164
-96,82.5,164
-95,82.5,164
-94,82.5,164
-93,82.5,164
-92,82.5,164
-91,82.5,164
-90,82.5,164
-89,82.5,164
-88,82.5,164
-87,82.5,164
-86,82.5,164
-85,82.5,164
-84,82.5,164
-83,82.5,164
-76,82.5,164
-63,82.5,164
-62,82.5,164
-61,82.5,164
-60,82.5,164
-59,82.5,164
-58,82.5,164
-57,82.5,164
-56,82.5,164
-55,82.5,164
-54,82.5,164
-53,82.5,164
-52,82.5,164
-49,82.5,164
-48,82.5,164
-40,82.5,164
-21,82.5,164
-20,82.5,164
-19,82.5,164
-18,82.5,164
-17,82.5,164
-16,82.5,164
-15,82.5,164
-14,82.5,164
-13,82.5,164
-12,82.5,165
-11,82.5,165
-10,82.5,165
-9,82.5,165
-8,82.5,165
-7,82.5,165
-6,82.5,165
-5,82.5,165
-4,82.5,165
-3,82.5,165
-2,82.5,165
-1,82.5,165
0,82.5,165
1,82.5,165
2,82.5,165
3,82.5,165
4,82.5,165
5,82.5,165
6,82.5,165
7,82.5,165
8,82.5,165
9,82.5,154
10,82.5,154
11,82.5,154
12,82.5,154
13,82.5,154
14,82.5,154
15,82.5,154
16,82.5,154
17,82.5,154
18,82.5,154
19,82.5,154
20,82.5,154
21,82.5,154
22,82.5,154
23,82.5,154
24,82.5,154
25,82.5,154
26,82.5,154
27,82.5,154
28,82.5,154
29,82.5,154
30,82.5,154
31,82.5,154
32,82.5,154
33,82.5,154
34,82.5,154
35,82.5,154
36,82.5,154
37,82.5,154
38,82.5,154
39,82.5,154
40,82.5,154
41,82.5,154
42,82.5,154
43,82.5,154
44,82.5,154
45,82.5,154
46,82.5,154
47,82.5,154
48,82.5,154
49,82.5,154
50,82.5,154
51,82.5,154
52,82.5,154
53,82.5,154
54,82.5,154
55,82.5,154
56,82.5,154
57,82.5,154
58,82.5,154
59,82.5,154
60,82.5,154
61,82.5,154
62,82.5,154
63,82.5,154
64,82.5,154
65,82.5,155
66,82.5,155
67,82.5,155
68,82.5,155
69,82.5,155
70,82.5,155
71,82.5,155
72,82.5,155
73,82.5,155
74,82.5,155
75,82.5,155
76,82.5,155
77,82.5,155
78,82.5,155
79,82.5,155
80,82.5,155
81,82.5,155
82,82.5,155
83,82.5,155
84,82.5,155
85,82.5,155
86,82.5,155
87,82.5,155
88,82.5,155
89,82.5,155
90,82.5,155
91,82.5,155
92,82.5,155
93,82.5,155
94,82.5,165
95,82.5,165
96,82.5,165
97,82.5,165
98,82.5,165
99,82.5,165
100,82.5,165
101,82.5,165
102,82.5,165
103,82.5,165
104,82.5,165
105,82.5,165
106,82.5,165
107,82.5,165
108,82.5,165
109,82.5,165
110,82.5,165
111,82.5,165
112,82.5,165
113,82.5,165
114,82.5,165
115,82.5,165
116,82.5,165
117,82.5,165
118,82.5,165
119,82.5,165
120,82.5,165
121,82.5,165
122,82.5,165
123,82.5,165
124,82.5,165
125,82.5,165
126,82.5,165
127,82.5,165
128,82.5,165
129,82.5,165
130,82.5,165
131,82.5,165
132,82.5,165
133,82.5,165
134,82.5,165
135,82.5,165
136,82.5,165
137,82.5,165
138,82.5,165
139,82.5,165
140,82.5,165
141,82.5,165
142,82.5,165
143,82.5,165
144,82.5,165
145,82.5,165
146,82.5,165
147,82.5,165
148,82.5,165
149,82.5,165
150,82.5,165
151,82.5,165
152,82.5,165
153,82.5,165
154,82.5,165
155,82.5,165
156,82.5,165
157,82.5,165
158,82.5,165
159,82.5,165
160,82.5,165
161,82.5,165
162,82.5,165
163,82.5,165
164,82.5,165
165,82.5,165
166,82.5,165
167,82.5,165
168,82.5,165
169,82.5,165
170,82.5,165
171,82.5,165
172,82.5,165
173,82.5,165
174,82.5,165
175,82.5,165
176,82.5,165
177,82.5,165
178,82.5,165
179,82.5,165
-180,81.5,165
-179,81.5,165
-178,81.5,165
-177,81.5,165
-176,81.5,165
-175,81.5,165
-174,81.5,165
-173,81.5,165
-172,81.5,165
-171,81.5,165
-170,81.5,165
-169,81.5,165
-168,81.5,165
-167,81.5,165
-166,81.5,165
-165,81.5,165
-164,81.5,165
-163,81.5,165
-162,81.5,165
-161,81.5,165
-160,81.5,165
-159,81.5,165
-158,81.5,165
-157,81.5,165
-156,81.5,165
-155,81.5,165
-154,81.5,165
-153,81.5,165
-152,81.5,165
-151,81.5,165
-150,81.5,165
-149,81.5,165
-148,81.5,165
-147,81.5,165
-146,81.5,165
-145,81.5,165
-144,81.5,165
-143,81.5,165
-142,81.5,165
-141,81.5,165
-140,81.5,165
-139,81.5,165
-138,81.5,165
-137,81.5,165
-136,81.5,165
-135,81.5,165
-134,81.5,165
-133,81.5,165
-132,81.5,165
-131,81.5,165
-130,81.5,165
-129,81.5,165
-128,81.5,165
-127,81.5,165
-126,81.5,165
-125,81.5,165
-124,81.5,165
-123,81.5,165
-122,81.5,165
-121,81.5,165
-120,81.5,165
-119,81.5,165
-118,81.5,165
-117,81.5,165
-116,81.5,165
-115,81.5,165
-114,81.5,165
-113,81.5,165
-112,81.5,165
-111,81.5,165
-110,81.5,165
-109,81.5,165
-108,81.5,164
-107,81.5,164
-106,81.5,164
-105,81.5,164
-104,81.5,164
-103,81.5,164
-102,81.5,164
-101,81.5,164
-100,81.5,164
-99,81.5,164
-98,81.5,164
-97,81.5,164
-96,81.5,164
-95,81.5,164
-94,81.5,164
-93,81.5,164
-92,81.5,164
-91,81.5,164
-89,81.5,164
-66,81.5,164
-64,81.5,164
-63,81.5,164
-62,81.5,164
-61,81.5,164
-27,81.5,164
-22,81.5,164
-20,81.5,164
-12,81.5,164
-11,81.5,164
-10,81.5,164
-9,81.5,164
-8,81.5,152
-7,81.5,152
-6,81.5,152
-5,81.5,152
-4,81.5,152
-3,81.5,152
-2,81.5,152
-1,81.5,152
0,81.5,154
1,81.5,154
2,81.5,154
3,81.5,154
4,81.5,154
5,81.5,154
6,81.5,154
7,81.5,154
8,81.5,154
9,81.5,154
10,81.5,154
11,81.5,154
12,81.5,154
13,81.5,154
14,81.5,154
15,81.5,154
16,81.5,154
17,81.5,154
18,81.5,154
19,81.5,154
20,81.5,154
21,81.5,154
22,81.5,154
23,81.5,154
24,81.5,154
25,81.5,154
26,81.5,154
27,81.5,154
28,81.5,154
29,81.5,154
30,81.5,154
31,81.5,154
32,81.5,154
33,81.5,154
34,81.5,154
35,81.5,154
36,81.5,154
37,81.5,154
38,81.5,154
39,81.5,154
40,81.5,154
41,81.5,154
42,81.5,154
43,81.5,154
44,81.5,154
45,81.5,154
46,81.5,154
47,81.5,154
48,81.5,154
49,81.5,154
50,81.5,154
51,81.5,154
52,81.5,154
53,81.5,154
54,81.5,154
55,81.5,154
56,81.5,154
57,81.5,154
58,81.5,154
59,81.5,154
60,81.5,154
61,81.5,154
62,81.5,154
63,81.5,154
64,81.5,154
65,81.5,155
66,81.5,155
67,81.5,155
68,81.5,155
69,81.5,155
70,81.5,155
71,81.5,155
72,81.5,155
73,81.5,155
74,81.5,155
75,81.5,155
76,81.5,155
77,81.5,155
78,81.5,155
79,81.5,155
80,81.5,155
81,81.5,155
82,81.5,155
83,81.5,155
84,81.5,155
85,81.5,155
86,81.5,155
87,81.5,155
88,81.5,155
89,81.5,155
90,81.5,155
91,81.5,155
92,81.5,155
93,81.5,155
94,81.5,155
95,81.5,155
96,81.5,155
97,81.5,155
98,81.5,156
99,81.5,156
100,81.5,156
101,81.5,156
102,81.5,156
103,81.5,165
104,81.5,165
105,81.5,165
106,81.5,165
107,81.5,165
108,81.5,165
109,81.5,165
110,81.5,165
111,81.5,165
112,81.5,165
113,81.5,165
114,81.5,165
115,81.5,165
116,81.5,165
117,81.5,165
118,81.5,165
119,81.5,165
120,81.5,165
121,81.5,165
122,81.5,165
123,81.5,165
124,81.5,165
125,81.5,165
126,81.5,165
127,81.5,165
128,81.5,165
129,81.5,165
130,81.5,165
131,81.5,165
132,81.5,165
133,81.5,165
134,81.5,165
135,81.5,165
136,81.5,165
137,81.5,165
138,81.5,165
139,81.5,165
140,81.5,165
141,81.5,165
142,81.5,165
143,81.5,165
144,81.5,165
145,81.5,165
146,81.5,165
147,81.5,165
148,81.5,165
149,81.5,165
150,81.5,165
151,81.5,165
152,81.5,165
153,81.5,165
154,81.5,165
155,81.5,165
156,81.5,165
157,81.5,165
158,81.5,165
159,81.5,165
160,81.5,165
161,81.5,165
162,81.5,165
163,81.5,165
164,81.5,165
165,81.5,165
166,81.5,165
167,81.5,165
168,81.5,165
169,81.5,165
170,81.5,165
171,81.5,165
172,81.5,165
173,81.5,165
174,81.5,165
175,81.5,165
176,81.5,165
177,81.5,165
178,81.5,165
179,81.5,165
-180,80.5,165
-179,80.5,165
-178,80.5,165
-177,80.5,165
-176,80.5,165
-175,80.5,165
-174,80.5,165
-173,80.5,165
-172,80.5,165
-171,80.5,165
-170,80.5,165
-169,80.5,165
-168,80.5,165
-167,80.5,165
-166,80.5,165
-165,80.5,165
-164,80.5,165
-163,80.5,165
-162,80.5,165
-161,80.5,165
-160,80.5,165
-159,80.5,165
-158,80.5,165
-157,80.5,165
-156,80.5,165
-155,80.5,165
-154,80.5,165
-153,80.5,165
-152,80.5,165
-151,80.5,165
-150,80.5,165
-149,80.5,165
-148,80.5,165
-147,80.5,165
-146,80.5,165
-145,80.5,165
-144,80.5,165
-143,80.5,165
-142,80.5,165
-141,80.5,165
-140,80.5,165
-139,80.5,165
-138,80.5,165
-137,80.5,165
-136,80.5,165
-135,80.5,165
-134,80.5,165
-133,80.5,165
-132,80.5,165
-131,80.5,165
-130,80.5,165
-129,80.5,165
-128,80.5,165
-127,80.5,165
-126,80.5,165
-125,80.5,165
-124,80.5,165
-123,80.5,165
-122,80.5,165
-121,80.5,165
-120,80.5,165
-119,80.5,165
-118,80.5,165
-117,80.5,165
-116,80.5,165
-115,80.5,165
-114,80.5,164
-113,80.5,164
-112,80.5,164
-111,80.5,164
-110,80.5,164
-109,80.5,164
-108,80.5,164
-107,80.5,164
-106,80.5,164
-105,80.5,164
-104,80.5,164
-103,80.5,164
-102,80.5,164
-101,80.5,164
-100,80.5,164
-99,80.5,164
-98,80.5,164
-97,80.5,164
-89,80.5,164
-88,80.5,164
-87,80.5,164
-86,80.5,164
-85,80.5,164
-84,80.5,164
-83,80.5,164
-82,80.5,164
-81,80.5,164
-69,80.5,164
-68,80.5,164
-67,80.5,164
-16,80.5,152
-15,80.5,152
-14,80.5,152
-13,80.5,152
-12,80.5,152
-11,80.5,152
-10,80.5,152
-9,80.5,152
-8,80.5,152
-7,80.5,152
-6,80.5,152
-5,80.5,152
-4,80.5,152
-3,80.5,152
-2,80.5,152
-1,80.5,152
0,80.5,152
1,80.5,152
2,80.5,154
3,80.5,154
4,80.5,154
5,80.5,154
6,80.5,154
7,80.5,154
8,80.5,154
9,80.5,154
10,80.5,154
11,80.5,154
12,80.5,154
13,80.5,154
14,80.5,154
15,80.5,154
16,80.5,154
17,80.5,154
18,80.5,154
19,80.5,154
21,80.5,154
22,80.5,154
23,80.5,154
24,80.5,154
25,80.5,154
26,80.5,154
27,80.5,154
28,80.5,154
29,80.5,154
30,80.5,154
31,80.5,154
32,80.5,154
33,80.5,154
34,80.5,154
35,80.5,154
36,80.5,154
37,80.5,154
38,80.5,154
39,80.5,154
40,80.5,154
41,80.5,154
42,80.5,154
43,80.5,154
44,80.5,154
45,80.5,154
46,80.5,154
47,80.5,154
51,80.5,154
52,80.5,154
53,80.5,154
56,80.5,154
57,80.5,154
58,80.5,154
59,80.5,154
62,80.5,154
63,80.5,154
64,80.5,154
65,80.5,155
66,80.5,155
67,80.5,155
68,80.5,155
69,80.5,155
70,80.5,155
71,80.5,155
72,80.5,155
73,80.5,155
74,80.5,155
75,80.5,155
76,80.5,155
77,80.5,155
78,80.5,155
79,80.5,155
80,80.5,155
81,80.5,155
82,80.5,155
83,80.5,155
84,80.5,155
85,80.5,155
86,80.5,155
87,80.5,155
88,80.5,155
89,80.5,155
90,80.5,155
91,80.5,155
92,80.5,155
98,80.5,156
99,80.5,156
100,80.5,156
101,80.5,156
102,80.5,156
103,80.5,156
104,80.5,156
105,80.5,156
106,80.5,156
107,80.5,156
108,80.5,165
109,80.5,165
110,80.5,165
111,80.5,165
112,80.5,165
113,80.5,165
114,80.5,165
115,80.5,165
116,80.5,165
117,80.5,165
118,80.5,165
119,80.5,165
120,80.5,165
121,80.5,165
122,80.5,165
123,80.5,165
124,80.5,165
125,80.5,165
126,80.5,165
127,80.5,165
128,80.5,165
129,80.5,165
130,80.5,165
131,80.5,165
132,80.5,165
133,80.5,165
134,80.5,165
135,80.5,165
136,80.5,165
137,80.5,165
138,80.5,165
139,80.5,165
140,80.5,165
141,80.5,165
142,80.5,165
143,80.5,165
144,80.5,165
145,80.5,165
146,80.5,165
147,80.5,165
148,80.5,165
149,80.5,165
150,80.5,165
151,80.5,165
152,80.5,165
153,80.5,165
154,80.5,165
155,80.5,165
156,80.5,165
157,80.5,165
158,80.5,165
159,80.5,165
160,80.5,165
161,80.5,165
162,80.5,165
163,80.5,165
164,80.5,165
165,80.5,165
166,80.5,165
167,80.5,165
168,80.5,165
169,80.5,165
170,80.5,165
171,80.5,165
172,80.5,165
173,80.5,165
174,80.5,165
175,80.5,165
176,80.5,165
177,80.5,165
178,80.5,165
179,80.5,165
-180,79.5,165
-179,79.5,165
-178,79.5,165
-177,79.5,165
-176,79.5,165
-175,79.5,165
-174,79.5,165
-173,79.5,165
-172,79.5,165
-171,79.5,165
-170,79.5,165
-169,79.5,165
-168,79.5,165
-167,79.5,165
-166,79.5,165
-165,79.5,165
-164,79.5,165
-163,79.5,165
-162,79.5,165
-161,79.5,165
-160,79.5,165
-159,79.5,165
-158,79.5,165
-157,79.5,165
-156,79.5,165
-155,79.5,165
-154,79.5,165
-153,79.5,165
-152,79.5,165
-151,79.5,165
-150,79.5,165
-149,79.5,165
-148,79.5,165
-147,79.5,165
-146,79.5,165
-145,79.5,165
-144,79.5,165
-143,79.5,165
-142,79.5,165
-141,79.5,165
-140,79.5,165
-139,79.5,165
-138,79.5,165
-137,79.5,165
-136,79.5,165
-135,79.5,165
-134,79.5,165
-133,79.5,165
-132,79.5,165
-131,79.5,165
-130,79.5,165
-129,79.5,165
-128,79.5,165
-127,79.5,165
-126,79.5,165
-125,79.5,165
-124,79.5,165
-123,79.5,165
-122,79.5,165
-121,79.5,165
-120,79.5,165
-119,79.5,165
-118,79.5,164
-117,79.5,164
-116,79.5,164
-115,79.5,164
-114,79.5,164
-113,79.5,164
-112,79.5,164
-111,79.5,164
-110,79.5,164
-109,79.5,164
-108,79.5,164
-107,79.5,164
-106,79.5,164
-105,79.5,164
-104,79.5,164
-103,79.5,164
-102,79.5,164
-101,79.5,164
-100,79.5,164
-99,79.5,164
-98,79.5,164
-97,79.5,164
-96,79.5,164
-86,79.5,164
-85,79.5,164
-77,79.5,164
-75,79.5,164
-73,79.5,164
-72,79.5,164
-71,79.5,164
-70,79.5,164
-69,79.5,164
-68,79.5,164
-67,79.5,164
-66,79.5,164
-65,79.5,164
-19,79.5,152
-18,79.5,152
-17,79.5,152
-16,79.5,152
-15,79.5,152
-14,79.5,152
-13,79.5,152
-12,79.5,152
-11,79.5,152
-10,79.5,152
-9,79.5,152
-8,79.5,152
-7,79.5,152
-6,79.5,152
-5,79.5,152
-4,79.5,152
-3,79.5,152
-2,79.5,152
-1,79.5,152
0,79.5,152
1,79.5,152
2,79.5,152
3,79.5,152
4,79.5,154
5,79.5,154
6,79.5,154
7,79.5,154
8,79.5,154
9,79.5,154
10,79.5,154
18,79.5,154
19,79.5,154
20,79.5,154
26,79.5,154
27,79.5,154
28,79.5,154
29,79.5,154
30,79.5,154
31,79.5,154
32,79.5,154
33,79.5,154
34,79.5,154
35,79.5,154
36,79.5,154
37,79.5,154
38,79.5,154
39,79.5,154
40,79.5,154
41,79.5,154
42,79.5,154
43,79.5,154
44,79.5,154
45,79.5,154
46,79.5,154
47,79.5,154
48,79.5,154
49,79.5,154
50,79.5,154
51,79.5,154
52,79.5,154
53,79.5,154
54,79.5,154
55,79.5,154
56,79.5,154
57,79.5,154
58,79.5,154
59,79.5,154
60,79.5,154
61,79.5,154
62,79.5,154
63,79.5,154
64,79.5,154
65,79.5,154
66,79.5,155
67,79.5,155
68,79.5,155
69,79.5,155
70,79.5,155
71,79.5,155
72,79.5,155
73,79.5,155
74,79.5,155
75,79.5,155
76,79.5,155
78,79.5,155
79,79.5,155
80,79.5,155
81,79.5,155
82,79.5,155
83,79.5,155
84,79.5,155
85,79.5,155
86,79.5,155
87,79.5,155
88,79.5,155
89,79.5,155
90,79.5,155
91,79.5,155
92,79.5,155
93,79.5,155
100,79.5,156
101,79.5,156
102,79.5,156
103,79.5,156
104,79.5,156
105,79.5,156
106,79.5,156
107,79.5,156
108,79.5,156
109,79.5,156
110,79.5,156
111,79.5,156
112,79.5,156
113,79.5,165
114,79.5,165
115,79.5,165
116,79.5,165
117,79.5,165
118,79.5,165
119,79.5,165
120,79.5,165
121,79.5,165
122,79.5,165
123,79.5,165
124,79.5,165
125,79.5,165
126,79.5,165
127,79.5,165
128,79.5,165
129,79.5,165
130,79.5,165
131,79.5,165
132,79.5,165
133,79.5,165
134,79.5,165
135,79.5,165
136,79.5,165
137,79.5,165
138,79.5,165
139,79.5,165
140,79.5,165
141,79.5,165
142,79.5,156
143,79.5,156
144,79.5,156
145,79.5,156
146,79.5,156
147,79.5,156
148,79.5,156
149,79.5,156
150,79.5,156
151,79.5,156
152,79.5,156
153,79.5,156
154,79.5,156
155,79.5,157
156,79.5,157
157,79.5,157
158,79.5,157
159,79.5,157
160,79.5,157
161,79.5,157
162,79.5,157
163,79.5,157
164,79.5,157
165,79.5,165
166,79.5,165
167,79.5,165
168,79.5,165
169,79.5,165
170,79.5,165
171,79.5,165
172,79.5,165
173,79.5,165
174,79.5,165
175,79.5,165
176,79.5,165
177,79.5,165
178,79.5,165
179,79.5,165
-180,78.5,165
-179,78.5,165
-178,78.5,165
-177,78.5,165
-176,78.5,165
-175,78.5,165
-174,78.5,165
-173,78.5,165
-172,78.5,165
-171,78.5,165
-170,78.5,165
-169,78.5,166
-168,78.5,166
-167,78.5,166
-166,78.5,166
-165,78.5,166
-164,78.5,166
-163,78.5,166
-162,78.5,166
-161,78.5,166
-160,78.5,166
-159,78.5,166
-158,78.5,166
-157,78.5,166
-156,78.5,166
-155,78.5,166
-154,78.5,166
-153,78.5,166
-152,78.5,165
-151,78.5,165
-150,78.5,165
-149,78.5,165
-148,78.5,165
-147,78.5,165
-146,78.5,165
-145,78.5,165
-144,78.5,165
-143,78.5,165
-142,78.5,165
-141,78.5,165
-140,78.5,165
-139,78.5,165
-138,78.5,165
-137,78.5,165
-136,78.5,165
-135,78.5,165
-134,78.5,165
-133,78.5,165
-132,78.5,165
-131,78.5,165
-130,78.5,165
-129,78.5,165
-128,78.5,165
-127,78.5,165
-126,78.5,165
-125,78.5,165
-124,78.5,165
-123,78.5,165
-122,78.5,164
-121,78.5,164
-120,78.5,164
-119,78.5,164
-118,78.5,164
-117,78.5,164
-116,78.5,164
-115,78.5,164
-114,78.5,164
-113,78.5,164
-109,78.5,164
-108,78.5,164
-107,78.5,164
-106,78.5,164
-99,78.5,164
-96,78.5,164
-95,78.5,164
-94,78.5,164
-93,78.5,164
-90,78.5,164
-76,78.5,164
-75,78.5,164
-74,78.5,164
-73,78.5,164
-21,78.5,152
-20,78.5,152
-19,78.5,152
-18,78.5,152
-17,78.5,152
-16,78.5,152
-15,78.5,152
-14,78.5,152
-13,78.5,152
-12,78.5,152
-11,78.5,152
-10,78.5,152
-9,78.5,152
-8,78.5,152
-7,78.5,152
-6,78.5,152
-5,78.5,152
-4,78.5,152
-3,78.5,152
-2,78.5,152
-1,78.5,152
0,78.5,152
1,78.5,152
2,78.5,152
3,78.5,152
4,78.5,152
5,78.5,152
6,78.5,154
7,78.5,154
8,78.5,154
9,78.5,154
10,78.5,154
11,78.5,154
12,78.5,154
15,78.5,154
20,78.5,154
23,78.5,154
24,78.5,154
25,78.5,154
26,78.5,154
27,78.5,154
28,78.5,154
29,78.5,154
30,78.5,154
31,78.5,154
32,78.5,154
33,78.5,154
34,78.5,154
35,78.5,154
36,78.5,154
37,78.5,154
38,78.5,154
39,78.5,154
40,78.5,154
41,78.5,154
42,78.5,154
43,78.5,154
44,78.5,154
45,78.5,154
46,78.5,154
47,78.5,154
48,78.5,154
49,78.5,154
50,78.5,154
51,78.5,154
52,78.5,154
53,78.5,154
54,78.5,154
55,78.5,154
56,78.5,154
57,78.5,154
58,78.5,154
59,78.5,154
60,78.5,154
61,78.5,154
62,78.5,154
63,78.5,154
64,78.5,154
65,78.5,154
66,78.5,154
67,78.5,155
68,78.5,155
69,78.5,155
70,78.5,155
71,78.5,155
72,78.5,155
73,78.5,155
74,78.5,155
75,78.5,155
76,78.5,155
77,78.5,155
78,78.5,155
79,78.5,155
80,78.5,155
81,78.5,155
82,78.5,155
83,78.5,155
84,78.5,155
85,78.5,155
86,78.5,155
87,78.5,155
88,78.5,155
89,78.5,155
90,78.5,155
91,78.5,155
92,78.5,155
93,78.5,155
94,78.5,155
95,78.5,155
96,78.5,155
97,78.5,155
98,78.5,155
99,78.5,155
100,78.5,155
106,78.5,156
107,78.5,156
108,78.5,156
109,78.5,156
110,78.5,156
111,78.5,156
112,78.5,156
113,78.5,156
114,78.5,156
115,78.5,156
116,78.5,156
117,78.5,156
118,78.5,165
119,78.5,165
120,78.5,165
121,78.5,165
122,78.5,165
123,78.5,165
124,78.5,165
125,78.5,165
126,78.5,165
127,78.5,165
128,78.5,165
129,78.5,165
130,78.5,165
131,78.5,165
132,78.5,165
133,78.5,165
134,78.5,156
135,78.5,156
136,78.5,156
137,78.5,156
138,78.5,156
139,78.5,156
140,78.5,156
141,78.5,156
142,78.5,156
143,78.5,156
144,78.5,156
145,78.5,156
146,78.5,156
147,78.5,156
148,78.5,156
149,78.5,156
150,78.5,156
151,78.5,156
152,78.5,156
153,78.5,156
154,78.5,156
155,78.5,157
156,78.5,157
157,78.5,157
158,78.5,157
159,78.5,157
160,78.5,157
161,78.5,157
162,78.5,157
163,78.5,157
164,78.5,157
165,78.5,157
166,78.5,157
167,78.5,157
168,78.5,157
169,78.5,165
170,78.5,165
171,78.5,165
172,78.5,165
173,78.5,165
174,78.5,165
175,78.5,165
176,78.5,165
177,78.5,165
178,78.5,165
179,78.5,165
-180,77.5,165
-179,77.5,165
-178,77.5,165
-177,77.5,165
-176,77.5,165
-175,77.5,165
-174,77.5,165
-173,77.5,165
-172,77.5,165
-171,77.5,165
-170,77.5,165
-169,77.5,166
-168,77.5,166
-167,77.5,166
-166,77.5,166
-165,77.5,166
-164,77.5,166
-163,77.5,166
-162,77.5,166
-161,77.5,166
-160,77.5,166
-159,77.5,166
-158,77.5,166
-157,77.5,166
-156,77.5,166
-155,77.5,166
-154,77.5,166
-153,77.5,166
-152,77.5,165
-151,77.5,165
-150,77.5,165
-149,77.5,165
-148,77.5,165
-147,77.5,165
-146,77.5,165
-145,77.5,165
-144,77.5,165
-143,77.5,165
-142,77.5,165
-141,77.5,165
-140,77.5,165
-139,77.5,165
-138,77.5,165
-137,77.5,165
-136,77.5,165
-135,77.5,165
-134,77.5,165
-133,77.5,165
-132,77.5,165
-131,77.5,165
-130,77.5,165
-129,77.5,165
-128,77.5,165
-127,77.5,165
-126,77.5,165
-125,77.5,164
-124,77.5,164
-123,77.5,164
-122,77.5,164
-121,77.5,164
-120,77.5,164
-119,77.5,164
-118,77.5,164
-117,77.5,164
-116,77.5,164
-115,77.5,164
-114,77.5,164
-113,77.5,164
-110,77.5,164
-109,77.5,164
-108,77.5,164
-107,77.5,164
-106,77.5,164
-104,77.5,164
-103,77.5,164
-102,77.5,164
-101,77.5,164
-100,77.5,164
-99,77.5,164
-98,77.5,164
-97,77.5,164
-93,77.5,164
-92,77.5,164
-89,77.5,164
-88,77.5,164
-84,77.5,164
-77,77.5,161
-76,77.5,161
-75,77.5,161
-74,77.5,161
-73,77.5,161
-72,77.5,161
-71,77.5,161
-70,77.5,161
-68,77.5,161
-67,77.5,161
-20,77.5,152
-19,77.5,152
-18,77.5,152
-17,77.5,152
-16,77.5,152
-15,77.5,152
-14,77.5,152
-13,77.5,152
-12,77.5,152
-11,77.5,152
-10,77.5,152
-9,77.5,152
-8,77.5,152
-7,77.5,152
-6,77.5,152
-5,77.5,152
-4,77.5,152
-3,77.5,152
-2,77.5,152
-1,77.5,152
0,77.5,152
1,77.5,152
2,77.5,152
3,77.5,152
4,77.5,152
5,77.5,152
6,77.5,152
7,77.5,152
8,77.5,154
9,77.5,154
10,77.5,154
11,77.5,154
12,77.5,154
13,77.5,154
16,77.5,154
19,77.5,154
20,77.5,154
24,77.5,154
25,77.5,154
26,77.5,154
27,77.5,154
28,77.5,154
29,77.5,154
30,77.5,154
31,77.5,154
32,77.5,154
33,77.5,154
34,77.5,154
35,77.5,154
36,77.5,154
37,77.5,154
38,77.5,154
39,77.5,154
40,77.5,154
41,77.5,154
42,77.5,154
43,77.5,154
44,77.5,154
45,77.5,154
46,77.5,154
47,77.5,154
48,77.5,154
49,77.5,154
50,77.5,154
51,77.5,154
52,77.5,154
53,77.5,154
54,77.5,154
55,77.5,154
56,77.5,154
57,77.5,154
58,77.5,154
59,77.5,154
60,77.5,154
61,77.5,154
62,77.5,154
63,77.5,154
64,77.5,154
65,77.5,154
66,77.5,154
67,77.5,154
68,77.5,155
69,77.5,155
70,77.5,155
71,77.5,155
72,77.5,155
73,77.5,155
74,77.5,155
75,77.5,155
76,77.5,155
77,77.5,155
78,77.5,155
79,77.5,155
80,77.5,155
81,77.5,155
82,77.5,155
83,77.5,155
84,77.5,155
85,77.5,155
86,77.5,155
87,77.5,155
88,77.5,155
89,77.5,155
90,77.5,155
91,77.5,155
92,77.5,155
93,77.5,155
94,77.5,155
95,77.5,155
96,77.5,155
97,77.5,155
98,77.5,155
99,77.5,155
100,77.5,155
101,77.5,155
102,77.5,155
106,77.5,156
107,77.5,156
108,77.5,156
109,77.5,156
110,77.5,156
111,77.5,156
112,77.5,156
113,77.5,156
114,77.5,156
115,77.5,156
116,77.5,156
117,77.5,156
118,77.5,156
119,77.5,156
120,77.5,156
121,77.5,156
122,77.5,156
123,77.5,156
124,77.5,156
125,77.5,156
126,77.5,156
127,77.5,156
128,77.5,156
129,77.5,156
130,77.5,156
131,77.5,156
132,77.5,156
133,77.5,156
134,77.5,156
135,77.5,156
136,77.5,156
137,77.5,156
138,77.5,156
139,77.5,156
140,77.5,156
141,77.5,156
142,77.5,156
143,77.5,156
144,77.5,156
145,77.5,156
146,77.5,156
147,77.5,156
148,77.5,156
149,77.5,156
150,77.5,156
151,77.5,156
152,77.5,156
153,77.5,156
154,77.5,156
155,77.5,157
156,77.5,157
157,77.5,157
158,77.5,157
159,77.5,157
160,77.5,157
161,77.5,157
162,77.5,157
163,77.5,157
164,77.5,157
165,77.5,157
166,77.5,157
167,77.5,157
168,77.5,157
169,77.5,157
170,77.5,157
171,77.5,157
172,77.5,165
173,77.5,165
174,77.5,165
175,77.5,165
176,77.5,165
177,77.5,165
178,77.5,165
179,77.5,165
-180,76.5,165
-179,76.5,165
-178,76.5,165
-177,76.5,165
-176,76.5,165
-175,76.5,165
-174,76.5,165
-173,76.5,165
-172,76.5,165
-171,76.5,165
-170,76.5,165
-169,76.5,166
-168,76.5,166
-167,76.5,166
-166,76.5,166
-165,76.5,166
-164,76.5,166
-163,76.5,166
-162,76.5,166
-161,76.5,166
-160,76.5,166
-159,76.5,166
-158,76.5,166
-157,76.5,166
-156,76.5,166
-155,76.5,166
-154,76.5,166
-153,76.5,165
-152,76.5,165
-151,76.5,165
-150,76.5,165
-149,76.5,165
-148,76.5,165
-147,76.5,165
-146,76.5,165
-145,76.5,165
-144,76.5,165
-143,76.5,165
-142,76.5,165
-141,76.5,165
-140,76.5,165
-139,76.5,165
-138,76.5,165
-137,76.5,165
-136,76.5,165
-135,76.5,165
-134,76.5,165
-133,76.5,165
-132,76.5,165
-131,76.5,165
-130,76.5,165
-129,76.5,165
-128,76.5,165
-127,76.5,164
-126,76.5,164
-125,76.5,164
-124,76.5,164
-123,76.5,164
-122,76.5,164
-117,76.5,164
-116,76.5,164
-115,76.5,164
-114,76.5,164
-113,76.5,164
-112,76.5,164
-111,76.5,164
-110,76.5,164
-108,76.5,164
-107,76.5,164
-106,76.5,164
-105,76.5,164
-103,76.5,164
-102,76.5,164
-101,76.5,164
-99,76.5,164
-97,76.5,161
-91,76.5,161
-85,76.5,161
-84,76.5,161
-82,76.5,161
-78,76.5,161
-77,76.5,161
-76,76.5,161
-75,76.5,161
-74,76.5,161
-73,76.5,161
-72,76.5,161
-71,76.5,161
-70,76.5,161
-69,76.5,161
-21,76.5,152
-20,76.5,152
-18,76.5,152
-17,76.5,152
-16,76.5,152
-15,76.5,152
-14,76.5,152
-13,76.5,152
-12,76.5,152
-11,76.5,152
-10,76.5,152
-9,76.5,152
-8,76.5,152
-7,76.5,152
-6,76.5,152
-5,76.5,152
-4,76.5,152
-3,76.5,152
-2,76.5,152
-1,76.5,152
0,76.5,152
1,76.5,152
2,76.5,152
3,76.5,152
4,76.5,152
5,76.5,152
6,76.5,152
7,76.5,152
8,76.5,152
9,76.5,153
10,76.5,153
11,76.5,153
12,76.5,154
13,76.5,154
14,76.5,154
15,76.5,154
16,76.5,154
17,76.5,154
18,76.5,154
19,76.5,154
20,76.5,154
21,76.5,154
22,76.5,154
23,76.5,154
24,76.5,154
25,76.5,154
26,76.5,154
27,76.5,154
28,76.5,154
29,76.5,154
30,76.5,154
31,76.5,154
32,76.5,154
33,76.5,154
34,76.5,154
35,76.5,154
36,76.5,154
37,76.5,154
38,76.5,154
39,76.5,154
40,76.5,154
41,76.5,154
42,76.5,154
43,76.5,154
44,76.5,154
45,76.5,154
46,76.5,154
47,76.5,154
48,76.5,154
49,76.5,154
50,76.5,154
51,76.5,154
52,76.5,154
53,76.5,154
54,76.5,154
55,76.5,154
56,76.5,154
57,76.5,154
58,76.5,154
59,76.5,154
60,76.5,154
61,76.5,154
62,76.5,154
63,76.5,154
64,76.5,154
65,76.5,154
69,76.5,155
70,76.5,155
71,76.5,155
72,76.5,155
73,76.5,155
74,76.5,155
75,76.5,155
76,76.5,155
77,76.5,155
78,76.5,155
79,76.5,155
80,76.5,155
81,76.5,155
82,76.5,155
83,76.5,155
84,76.5,155
85,76.5,155
86,76.5,155
87,76.5,155
88,76.5,155
89,76.5,155
90,76.5,155
91,76.5,155
92,76.5,155
93,76.5,155
94,76.5,155
95,76.5,155
96,76.5,155
97,76.5,155
98,76.5,155
100,76.5,155
101,76.5,155
113,76.5,156
114,76.5,156
115,76.5,156
116,76.5,156
117,76.5,156
118,76.5,156
119,76.5,156
120,76.5,156
121,76.5,156
122,76.5,156
123,76.5,156
124,76.5,156
125,76.5,156
126,76.5,156
127,76.5,156
128,76.5,156
129,76.5,156
130,76.5,156
131,76.5,156
132,76.5,156
133,76.5,156
134,76.5,156
135,76.5,156
136,76.5,156
137,76.5,156
138,76.5,156
139,76.5,156
140,76.5,156
141,76.5,156
142,76.5,156
143,76.5,156
144,76.5,156
145,76.5,156
146,76.5,156
147,76.5,156
148,76.5,156
149,76.5,156
150,76.5,156
151,76.5,156
152,76.5,156
153,76.5,156
154,76.5,156
155,76.5,157
156,76.5,157
157,76.5,157
158,76.5,157
159,76.5,157
160,76.5,157
161,76.5,157
162,76.5,157
163,76.5,157
164,76.5,157
165,76.5,157
166,76.5,157
167,76.5,157
168,76.5,157
169,76.5,157
170,76.5,157
171,76.5,157
172,76.5,157
173,76.5,157
174,76.5,157
175,76.5,165
176,76.5,165
177,76.5,165
178,76.5,165
179,76.5,165
-180,75.5,166
-179,75.5,166
-178,75.5,166
-177,75.5,166
-176,75.5,166
-175,75.5,166
-174,75.5,166
-173,75.5,166
-172,75.5,166
-171,75.5,166
-170,75.5,166
-169,75.5,166
-168,75.5,166
-167,75.5,166
-166,75.5,166
-165,75.5,166
-164,75.5,166
-163,75.5,166
-162,75.5,166
-161,75.5,166
-160,75.5,166
-159,75.5,166
-158,75.5,166
-157,75.5,166
-156,75.5,166
-155,75.5,163
-154,75.5,163
-153,75.5,163
-152,75.5,163
-151,75.5,163
-150,75.5,163
-149,75.5,163
-148,75.5,163
-147,75.5,163
-146,75.5,163
-145,75.5,163
-144,75.5,163
-143,75.5,163
-142,75.5,163
-141,75.5,163
-140,75.5,163
-139,75.5,163
-138,75.5,163
-137,75.5,163
-136,75.5,163
-135,75.5,163
-134,75.5,163
-133,75.5,163
-132,75.5,163
-131,75.5,163
-130,75.5,163
-129,75.5,163
-128,75.5,163
-127,75.5,163
-126,75.5,163
-125,75.5,163
-124,75.5,163
-123,75.5,163
-122,75.5,163
-121,75.5,163
-120,75.5,163
-119,75.5,163
-118,75.5,164
-117,75.5,164
-116,75.5,164
-109,75.5,164
-105,75.5,164
-104,75.5,164
-103,75.5,164
-102,75.5,164
-101,75.5,164
-96,75.5,161
-94,75.5,161
-93,75.5,161
-89,75.5,161
-80,75.5,161
-79,75.5,161
-78,75.5,161
-77,75.5,161
-76,75.5,161
-75,75.5,161
-74,75.5,161
-73,75.5,161
-72,75.5,161
-71,75.5,161
-70,75.5,161
-69,75.5,161
-68,75.5,161
-67,75.5,161
-66,75.5,161
-65,75.5,161
-64,75.5,161
-63,75.5,161
-62,75.5,161
-61,75.5,161
-60,75.5,161
-59,75.5,161
-19,75.5,152
-18,75.5,152
-17,75.5,152
-16,75.5,152
-15,75.5,152
-14,75.5,152
-13,75.5,152
-12,75.5,152
-11,75.5,152
-10,75.5,152
-9,75.5,152
-8,75.5,152
-7,75.5,152
-6,75.5,152
-5,75.5,152
-4,75.5,152
-3,75.5,152
-2,75.5,152
-1,75.5,152
0,75.5,152
1,75.5,152
2,75.5,152
3,75.5,152
4,75.5,152
5,75.5,152
6,75.5,152
7,75.5,152
8,75.5,152
9,75.5,153
10,75.5,153
11,75.5,153
12,75.5,153
13,75.5,153
14,75.5,154
15,75.5,154
16,75.5,154
17,75.5,154
18,75.5,154
19,75.5,154
20,75.5,154
21,75.5,154
22,75.5,154
23,75.5,154
24,75.5,154
25,75.5,154
26,75.5,154
27,75.5,154
28,75.5,154
29,75.5,154
30,75.5,154
31,75.5,154
32,75.5,154
33,75.5,154
34,75.5,154
35,75.5,154
36,75.5,154
37,75.5,154
38,75.5,154
39,75.5,154
40,75.5,154
41,75.5,154
42,75.5,154
43,75.5,154
44,75.5,154
45,75.5,154
46,75.5,154
47,75.5,154
48,75.5,154
49,75.5,154
50,75.5,154
51,75.5,154
52,75.5,154
53,75.5,154
54,75.5,154
55,75.5,154
56,75.5,154
57,75.5,154
63,75.5,155
64,75.5,155
65,75.5,155
66,75.5,155
67,75.5,155
68,75.5,155
69,75.5,155
70,75.5,155
71,75.5,155
72,75.5,155
73,75.5,155
74,75.5,155
75,75.5,155
76,75.5,155
77,75.5,155
78,75.5,155
79,75.5,155
80,75.5,155
81,75.5,155
83,75.5,155
84,75.5,155
85,75.5,155
86,75.5,155
87,75.5,155
88,75.5,155
89,75.5,155
114,75.5,156
115,75.5,156
116,75.5,156
117,75.5,156
118,75.5,156
119,75.5,156
120,75.5,156
121,75.5,156
122,75.5,156
123,75.5,156
124,75.5,156
125,75.5,156
126,75.5,156
127,75.5,156
128,75.5,156
129,75.5,156
130,75.5,156
131,75.5,156
132,75.5,156
133,75.5,156
134,75.5,156
135,75.5,156
136,75.5,156
137,75.5,156
146,75.5,156
147,75.5,156
148,75.5,156
149,75.5,156
150,75.5,156
151,75.5,156
152,75.5,156
153,75.5,156
154,75.5,156
155,75.5,157
156,75.5,157
157,75.5,157
158,75.5,157
159,75.5,157
160,75.5,157
161,75.5,157
162,75.5,157
163,75.5,157
164,75.5,157
165,75.5,157
166,75.5,157
167,75.5,157
168,75.5,157
169,75.5,157
170,75.5,157
171,75.5,157
172,75.5,157
173,75.5,157
174,75.5,157
175,75.5,157
176,75.5,166
177,75.5,166
178,75.5,166
179,75.5,166
-180,74.5,166
-179,74.5,166
-178,74.5,166
-177,74.5,166
-176,74.5,166
-175,74.5,166
-174,74.5,166
-173,74.5,166
-172,74.5,166
-171,74.5,166
-170,74.5,166
-169,74.5,166
-168,74.5,166
-167,74.5,166
-166,74.5,166
-165,74.5,166
-164,74.5,166
-163,74.5,166
-162,74.5,166
-161,74.5,166
-160,74.5,166
-159,74.5,166
-158,74.5,166
-157,74.5,166
-156,74.5,163
-155,74.5,163
-154,74.5,163
-153,74.5,163
-152,74.5,163
-151,74.5,163
-150,74.5,163
-149,74.5,163
-148,74.5,163
-147,74.5,163
-146,74.5,163
-145,74.5,163
-144,74.5,163
-143,74.5,163
-142,74.5,163
-141,74.5,163
-140,74.5,163
-139,74.5,163
-138,74.5,163
-137,74.5,163
-136,74.5,163
-135,74.5,163
-134,74.5,163
-133,74.5,163
-132,74.5,163
-131,74.5,163
-130,74.5,163
-129,74.5,163
-128,74.5,163
-127,74.5,163
-126,74.5,163
-125,74.5,163
-124,74.5,163
-123,74.5,163
-121,74.5,163
-120,74.5,163
-119,74.5,163
-118,74.5,163
-117,74.5,163
-116,74.5,163
-115,74.5,163
-114,74.5,163
-111,74.5,163
-110,74.5,163
-109,74.5,163
-108,74.5,163
-107,74.5,163
-106,74.5,163
-105,74.5,163
-104,74.5,163
-103,74.5,163
-102,74.5,163
-101,74.5,163
-100,74.5,161
-99,74.5,161
-98,74.5,161
-97,74.5,161
-96,74.5,161
-95,74.5,161
-94,74.5,161
-93,74.5,161
-92,74.5,161
-91,74.5,161
-90,74.5,161
-89,74.5,161
-85,74.5,161
-84,74.5,161
-83,74.5,161
-81,74.5,161
-80,74.5,161
-79,74.5,161
-78,74.5,161
-77,74.5,161
-76,74.5,161
-75,74.5,161
-74,74.5,161
-73,74.5,161
-72,74.5,161
-71,74.5,161
-70,74.5,161
-69,74.5,161
-68,74.5,161
-67,74.5,161
-66,74.5,161
-65,74.5,161
-64,74.5,161
-63,74.5,161
-62,74.5,161
-61,74.5,161
-60,74.5,161
-59,74.5,161
-58,74.5,161
-19,74.5,152
-18,74.5,152
-17,74.5,152
-16,74.5,152
-15,74.5,152
-14,74.5,152
-13,74.5,152
-12,74.5,152
-11,74.5,152
-10,74.5,152
-9,74.5,152
-8,74.5,152
-7,74.5,152
-6,74.5,152
-5,74.5,152
-4,74.5,152
-3,74.5,152
-2,74.5,152
-1,74.5,152
0,74.5,152
1,74.5,152
2,74.5,152
3,74.5,152
4,74.5,152
5,74.5,152
6,74.5,152
7,74.5,152
8,74.5,152
9,74.5,153
10,74.5,153
11,74.5,153
12,74.5,153
13,74.5,153
14,74.5,153
15,74.5,153
16,74.5,154
17,74.5,154
18,74.5,154
20,74.5,154
21,74.5,154
22,74.5,154
23,74.5,154
24,74.5,154
25,74.5,154
26,74.5,154
27,74.5,154
28,74.5,154
29,74.5,154
30,74.5,154
31,74.5,154
32,74.5,154
33,74.5,154
34,74.5,154
35,74.5,154
36,74.5,154
37,74.5,154
38,74.5,154
39,74.5,154
40,74.5,154
41,74.5,154
42,74.5,154
43,74.5,154
44,74.5,154
45,74.5,154
46,74.5,154
47,74.5,154
48,74.5,154
49,74.5,154
50,74.5,154
51,74.5,154
52,74.5,154
53,74.5,154
54,74.5,154
55,74.5,154
56,74.5,154
60,74.5,155
61,74.5,155
62,74.5,155
63,74.5,155
64,74.5,155
65,74.5,155
66,74.5,155
67,74.5,155
68,74.5,155
69,74.5,155
70,74.5,155
71,74.5,155
72,74.5,155
73,74.5,155
74,74.5,155
75,74.5,155
76,74.5,155
77,74.5,155
78,74.5,155
79,74.5,155
80,74.5,155
81,74.5,155
82,74.5,155
83,74.5,155
84,74.5,155
85,74.5,155
86,74.5,155
111,74.5,156
113,74.5,156
114,74.5,156
115,74.5,156
116,74.5,156
117,74.5,156
118,74.5,156
119,74.5,156
120,74.5,156
121,74.5,156
122,74.5,156
123,74.5,156
124,74.5,156
125,74.5,156
126,74.5,156
127,74.5,156
128,74.5,156
129,74.5,156
130,74.5,156
131,74.5,156
132,74.5,156
133,74.5,156
134,74.5,156
135,74.5,156
136,74.5,156
137,74.5,156
138,74.5,156
139,74.5,156
140,74.5,156
141,74.5,156
142,74.5,156
143,74.5,156
144,74.5,156
145,74.5,156
146,74.5,156
147,74.5,156
148,74.5,156
149,74.5,156
150,74.5,156
151,74.5,156
152,74.5,156
153,74.5,156
154,74.5,156
155,74.5,157
156,74.5,157
157,74.5,157
158,74.5,157
159,74.5,157
160,74.5,157
161,74.5,157
162,74.5,157
163,74.5,157
164,74.5,157
165,74.5,157
166,74.5,157
167,74.5,157
168,74.5,157
169,74.5,157
170,74.5,157
171,74.5,157
172,74.5,157
173,74.5,157
174,74.5,157
175,74.5,157
176,74.5,166
177,74.5,166
178,74.5,166
179,74.5,166
-180,73.5,166
-179,73.5,166
-178,73.5,166
-177,73.5,166
-176,73.5,166
-175,73.5,166
-174,73.5,166
-173,73.5,166
-172,73.5,166
-171,73.5,166
-170,73.5,166
-169,73.5,166
-168,73.5,166
-167,73.5,166
-166,73.5,166
-165,73.5,166
-164,73.5,166
-163,73.5,166
-162,73.5,166
-161,73.5,166
-160,73.5,166
-159,73.5,166
-158,73.5,166
-157,73.5,166
-156,73.5,163
-155,73.5,163
-154,73.5,163
-153,73.5,163
-152,73.5,163
-151,73.5,163
-150,73.5,163
-149,73.5,163
-148,73.5,163
-147,73.5,163
-146,73.5,163
-145,73.5,163
-144,73.5,163
-143,73.5,163
-142,73.5,163
-141,73.5,163
-140,73.5,163
-139,73.5,163
-138,73.5,163
-137,73.5,163
-136,73.5,163
-135,73.5,163
-134,73.5,163
-133,73.5,163
-132,73.5,163
-131,73.5,163
-130,73.5,163
-129,73.5,163
-128,73.5,163
-127,73.5,163
-126,73.5,163
-125,73.5,163
-115,73.5,163
-114,73.5,163
-113,73.5,163
-112,73.5,163
-111,73.5,163
-110,73.5,163
-109,73.5,163
-108,73.5,163
-104,73.5,163
-103,73.5,163
-102,73.5,163
-97,73.5,161
-96,73.5,161
-90,73.5,161
-89,73.5,161
-85,73.5,161
-84,73.5,161
-81,73.5,161
-77,73.5,161
-76,73.5,161
-75,73.5,161
-74,73.5,161
-73,73.5,161
-72,73.5,161
-71,73.5,161
-70,73.5,161
-69,73.5,161
-68,73.5,161
-67,73.5,161
-66,73.5,161
-65,73.5,161
-64,73.5,161
-63,73.5,161
-62,73.5,161
-61,73.5,161
-60,73.5,161
-59,73.5,161
-58,73.5,161
-57,73.5,161
-56,73.5,161
-24,73.5,152
-20,73.5,152
-19,73.5,152
-18,73.5,152
-17,73.5,152
-16,73.5,152
-15,73.5,152
-14,73.5,152
-13,73.5,152
-12,73.5,152
-11,73.5,152
-10,73.5,152
-9,73.5,152
-8,73.5,152
-7,73.5,152
-6,73.5,152
-5,73.5,152
-4,73.5,152
-3,73.5,152
-2,73.5,152
-1,73.5,152
0,73.5,152
1,73.5,152
2,73.5,152
3,73.5,152
4,73.5,152
5,73.5,152
6,73.5,152
7,73.5,152
8,73.5,153
9,73.5,153
10,73.5,153
11,73.5,153
12,73.5,153
13,73.5,153
14,73.5,153
15,73.5,153
16,73.5,153
17,73.5,153
18,73.5,154
19,73.5,154
20,73.5,154
21,73.5,154
22,73.5,154
23,73.5,154
24,73.5,154
25,73.5,154
26,73.5,154
27,73.5,154
28,73.5,154
29,73.5,154
30,73.5,154
31,73.5,154
32,73.5,154
33,73.5,154
34,73.5,154
35,73.5,154
36,73.5,154
37,73.5,154
38,73.5,154
39,73.5,154
40,73.5,154
41,73.5,154
42,73.5,154
43,73.5,154
44,73.5,154
45,73.5,154
46,73.5,154
47,73.5,154
48,73.5,154
49,73.5,154
50,73.5,154
51,73.5,154
52,73.5,154
53,73.5,154
54,73.5,154
58,73.5,155
59,73.5,155
60,73.5,155
61,73.5,155
62,73.5,155
63,73.5,155
64,73.5,155
65,73.5,155
66,73.5,155
67,73.5,155
68,73.5,155
69,73.5,155
70,73.5,155
72,73.5,155
73,73.5,155
74,73.5,155
75,73.5,155
76,73.5,155
77,73.5,155
78,73.5,155
79,73.5,155
80,73.5,155
108,73.5,156
109,73.5,156
119,73.5,156
120,73.5,156
121,73.5,156
122,73.5,156
123,73.5,156
126,73.5,156
128,73.5,156
129,73.5,156
130,73.5,156
131,73.5,156
132,73.5,156
133,73.5,156
134,73.5,156
135,73.5,156
136,73.5,156
137,73.5,156
138,73.5,156
139,73.5,156
140,73.5,156
144,73.5,156
145,73.5,156
146,73.5,156
147,73.5,156
148,73.5,156
149,73.5,156
150,73.5,156
151,73.5,156
152,73.5,156
153,73.5,156
154,73.5,156
155,73.5,157
156,73.5,157
157,73.5,157
158,73.5,157
159,73.5,157
160,73.5,157
161,73.5,157
162,73.5,157
163,73.5,157
164,73.5,157
165,73.5,157
166,73.5,157
167,73.5,157
168,73.5,157
169,73.5,157
170,73.5,157
171,73.5,157
172,73.5,157
173,73.5,157
174,73.5,157
175,73.5,166
176,73.5,166
177,73.5,166
178,73.5,166
179,73.5,166
-180,72.5,166
-179,72.5,166
-178,72.5,166
-177,72.5,166
-176,72.5,166
-175,72.5,166
-174,72.5,166
-173,72.5,166
-172,72.5,166
-171,72.5,166
-170,72.5,166
-169,72.5,166
-168,72.5,166
-167,72.5,166
-166,72.5,166
-165,72.5,166
-164,72.5,166
-163,72.5,166
-162,72.5,166
-161,72.5,166
-160,72.5,166
-159,72.5,166
-158,72.5,166
-157,72.5,166
-156,72.5,163
-155,72.5,163
-154,72.5,163
-153,72.5,163
-152,72.5,163
-151,72.5,163
-150,72.5,163
-149,72.5,163
-148,72.5,163
-147,72.5,163
-146,72.5,163
-145,72.5,163
-144,72.5,163
-143,72.5,163
-142,72.5,163
-141,72.5,163
-140,72.5,163
-139,72.5,163
-138,72.5,163
-137,72.5,163
-136,72.5,163
-135,72.5,163
-134,72.5,163
-133,72.5,163
-132,72.5,163
-131,72.5,163
-130,72.5,163
-129,72.5,163
-128,72.5,163
-127,72.5,163
-126,72.5,163
-119,72.5,163
-111,72.5,163
-108,72.5,163
-105,72.5,163
-104,72.5,163
-103,72.5,163
-96,72.5,161
-93,72.5,161
-92,72.5,161
-91,72.5,161
-90,72.5,161
-86,72.5,161
-80,72.5,161
-79,72.5,161
-75,72.5,161
-74,72.5,161
-73,72.5,161
-72,72.5,161
-71,72.5,161
-70,72.5,161
-69,72.5,161
-68,72.5,161
-67,72.5,161
-66,72.5,161
-65,72.5,161
-64,72.5,161
-63,72.5,161
-62,72.5,161
-61,72.5,161
-60,72.5,161
-59,72.5,161
-58,72.5,161
-57,72.5,161
-56,72.5,161
-55,72.5,161
-22,72.5,152
-21,72.5,152
-20,72.5,152
-19,72.5,152
-18,72.5,152
-17,72.5,152
-16,72.5,152
-15,72.5,152
-14,72.5,152
-13,72.5,152
-12,72.5,152
-11,72.5,152
-10,72.5,152
-9,72.5,152
-8,72.5,152
-7,72.5,152
-6,72.5,152
-5,72.5,152
-4,72.5,152
-3,72.5,152
-2,72.5,152
-1,72.5,152
0,72.5,152
1,72.5,152
2,72.5,152
3,72.5,152
4,72.5,153
5,72.5,153
6,72.5,153
7,72.5,153
8,72.5,153
9,72.5,153
10,72.5,153
11,72.5,153
12,72.5,153
13,72.5,153
14,72.5,153
15,72.5,153
16,72.5,153
17,72.5,153
18,72.5,154
19,72.5,154
20,72.5,154
21,72.5,154
22,72.5,154
23,72.5,154
24,72.5,154
25,72.5,154
26,72.5,154
27,72.5,154
28,72.5,154
29,72.5,154
30,72.5,154
31,72.5,154
32,72.5,154
33,72.5,154
34,72.5,154
35,72.5,154
36,72.5,154
37,72.5,154
38,72.5,154
39,72.5,154
40,72.5,154
41,72.5,154
42,72.5,154
43,72.5,154
44,72.5,154
45,72.5,154
46,72.5,154
47,72.5,154
48,72.5,154
49,72.5,154
50,72.5,154
51,72.5,154
52,72.5,154
56,72.5,155
57,72.5,155
58,72.5,155
59,72.5,155
60,72.5,155
61,72.5,155
62,72.5,155
63,72.5,155
64,72.5,155
65,72.5,155
66,72.5,155
67,72.5,155
68,72.5,155
73,72.5,155
74,72.5,155
75,72.5,155
76,72.5,155
77,72.5,155
79,72.5,155
80,72.5,155
129,72.5,156
130,72.5,156
131,72.5,156
132,72.5,156
133,72.5,156
134,72.5,156
135,72.5,156
136,72.5,156
137,72.5,156
138,72.5,156
139,72.5,156
140,72.5,156
146,72.5,156
147,72.5,156
148,72.5,156
149,72.5,156
150,72.5,156
151,72.5,156
152,72.5,157
153,72.5,157
154,72.5,157
155,72.5,157
156,72.5,157
157,72.5,157
158,72.5,157
159,72.5,157
160,72.5,157
161,72.5,157
162,72.5,157
163,72.5,157
164,72.5,157
165,72.5,157
166,72.5,157
167,72.5,157
168,72.5,157
169,72.5,157
170,72.5,157
171,72.5,157
172,72.5,157
173,72.5,157
174,72.5,157
175,72.5,166
176,72.5,166
177,72.5,166
178,72.5,166
179,72.5,166
-178,71.5,166
-177,71.5,166
-176,71.5,166
-175,71.5,166
-174,71.5,166
-173,71.5,166
-172,71.5,166
-171,71.5,166
-170,71.5,166
-169,71.5,166
-168,71.5,166
-167,71.5,166
-166,71.5,166
-165,71.5,166
-164,71.5,166
-163,71.5,166
-162,71.5,166
-161,71.5,166
-160,71.5,166
-159,71.5,166
-158,71.5,166
-157,71.5,166
-156,71.5,163
-155,71.5,163
-154,71.5,163
-153,71.5,163
-152,71.5,163
-151,71.5,163
-150,71.5,163
-149,71.5,163
-148,71.5,163
-147,71.5,163
-146,71.5,163
-145,71.5,163
-144,71.5,163
-143,71.5,163
-142,71.5,163
-141,71.5,163
-140,71.5,163
-139,71.5,163
-138,71.5,163
-137,71.5,163
-136,71.5,163
-135,71.5,163
-134,71.5,163
-133,71.5,163
-132,71.5,163
-131,71.5,163
-130,71.5,163
-129,71.5,163
-128,71.5,163
-127,71.5,163
-126,71.5,163
-125,71.5,163
-124,71.5,163
-120,71.5,163
-119,71.5,163
-116,71.5,163
-104,71.5,163
-103,71.5,163
-102,71.5,163
-101,71.5,163
-100,71.5,163
-98,71.5,161
-97,71.5,161
-96,71.5,161
-93,71.5,161
-92,71.5,161
-91,71.5,161
-90,71.5,161
-85,71.5,161
-71,71.5,161
-70,71.5,161
-69,71.5,161
-68,71.5,161
-67,71.5,161
-66,71.5,161
-65,71.5,161
-64,71.5,161
-63,71.5,161
-62,71.5,161
-61,71.5,161
-60,71.5,161
-59,71.5,161
-58,71.5,161
-57,71.5,161
-56,71.5,161
-53,71.5,161
-26,71.5,152
-22,71.5,152
-21,71.5,152
-20,71.5,152
-19,71.5,152
-18,71.5,152
-17,71.5,152
-16,71.5,152
-15,71.5,152
-14,71.5,152
-13,71.5,152
-12,71.5,152
-11,71.5,152
-10,71.5,152
-9,71.5,152
-8,71.5,152
-7,71.5,152
-6,71.5,152
-5,71.5,152
-4,71.5,152
-3,71.5,152
-2,71.5,152
-1,71.5,153
0,71.5,153
1,71.5,153
2,71.5,153
3,71.5,153
4,71.5,153
5,71.5,153
6,71.5,153
7,71.5,153
8,71.5,153
9,71.5,153
10,71.5,153
11,71.5,153
12,71.5,153
13,71.5,153
14,71.5,153
15,71.5,153
16,71.5,153
17,71.5,153
18,71.5,154
19,71.5,154
20,71.5,154
21,71.5,154
22,71.5,154
23,71.5,154
24,71.5,154
25,71.5,154
26,71.5,154
27,71.5,154
28,71.5,154
29,71.5,154
30,71.5,154
31,71.5,154
32,71.5,154
33,71.5,154
34,71.5,154
35,71.5,154
36,71.5,154
37,71.5,154
38,71.5,154
39,71.5,154
40,71.5,154
41,71.5,154
42,71.5,154
43,71.5,154
44,71.5,154
45,71.5,154
46,71.5,154
47,71.5,154
48,71.5,154
49,71.5,154
50,71.5,154
51,71.5,154
56,71.5,155
57,71.5,155
58,71.5,155
59,71.5,155
60,71.5,155
61,71.5,155
62,71.5,155
63,71.5,155
64,71.5,155
65,71.5,155
66,71.5,155
67,71.5,155
72,71.5,155
73,71.5,155
76,71.5,155
130,71.5,156
131,71.5,156
132,71.5,156
134,71.5,156
137,71.5,156
138,71.5,156
150,71.5,157
151,71.5,157
152,71.5,157
153,71.5,157
154,71.5,157
155,71.5,157
156,71.5,157
157,71.5,157
158,71.5,157
159,71.5,157
160,71.5,157
161,71.5,157
162,71.5,157
163,71.5,157
164,71.5,157
165,71.5,157
166,71.5,157
167,71.5,157
168,71.5,157
169,71.5,157
170,71.5,157
171,71.5,157
172,71.5,157
173,71.5,157
174,71.5,157
175,71.5,166
176,71.5,166
177,71.5,166
178,71.5,166
179,71.5,166
-180,70.5,166
-179,70.5,166
-178,70.5,166
-177,70.5,166
-176,70.5,166
-175,70.5,166
-174,70.5,166
-173,70.5,166
-172,70.5,166
-171,70.5,166
-170,70.5,166
-169,70.5,166
-168,70.5,166
-167,70.5,166
-166,70.5,166
-165,70.5,166
-164,70.5,166
-163,70.5,166
-162,70.5,166
-161,70.5,166
-160,70.5,166
-151,70.5,163
-150,70.5,163
-149,70.5,163
-148,70.5,163
-147,70.5,163
-146,70.5,163
-145,70.5,163
-144,70.5,163
-143,70.5,163
-142,70.5,163
-141,70.5,163
-140,70.5,163
-139,70.5,163
-138,70.5,163
-137,70.5,163
-136,70.5,163
-135,70.5,163
-134,70.5,163
-133,70.5,163
-132,70.5,163
-131,70.5,163
-130,70.5,163
-129,70.5,163
-127,70.5,163
-126,70.5,163
-125,70.5,163
-124,70.5,163
-123,70.5,163
-122,70.5,163
-121,70.5,163
-120,70.5,163
-119,70.5,163
-118,70.5,163
-117,70.5,163
-116,70.5,163
-115,70.5,163
-114,70.5,163
-113,70.5,163
-103,70.5,163
-102,70.5,163
-101,70.5,163
-100,70.5,163
-99,70.5,163
-98,70.5,163
-97,70.5,163
-92,70.5,161
-91,70.5,161
-90,70.5,161
-89,70.5,161
-68,70.5,161
-67,70.5,161
-66,70.5,161
-65,70.5,161
-64,70.5,161
-63,70.5,161
-62,70.5,161
-61,70.5,161
-60,70.5,161
-59,70.5,161
-58,70.5,161
-57,70.5,161
-56,70.5,161
-55,70.5,161
-27,70.5,152
-26,70.5,152
-25,70.5,152
-24,70.5,152
-21,70.5,152
-20,70.5,152
-19,70.5,152
-18,70.5,152
-17,70.5,152
-16,70.5,152
-15,70.5,151
-14,70.5,151
-13,70.5,151
-12,70.5,151
-11,70.5,151
-10,70.5,151
-9,70.5,152
-8,70.5,152
-7,70.5,152
-6,70.5,152
-5,70.5,153
-4,70.5,153
-3,70.5,153
-2,70.5,153
-1,70.5,153
0,70.5,153
1,70.5,153
2,70.5,153
3,70.5,153
4,70.5,153
5,70.5,153
6,70.5,153
7,70.5,153
8,70.5,153
9,70.5,153
10,70.5,153
11,70.5,153
12,70.5,153
13,70.5,153
14,70.5,153
15,70.5,153
16,70.5,153
17,70.5,153
18,70.5,154
19,70.5,154
20,70.5,154
21,70.5,154
22,70.5,154
23,70.5,154
27,70.5,154
28,70.5,154
31,70.5,154
32,70.5,154
33,70.5,154
34,70.5,154
35,70.5,154
36,70.5,154
37,70.5,154
38,70.5,154
39,70.5,154
40,70.5,154
41,70.5,154
42,70.5,154
43,70.5,154
44,70.5,154
45,70.5,154
46,70.5,154
47,70.5,154
48,70.5,154
49,70.5,154
50,70.5,154
51,70.5,154
52,70.5,154
53,70.5,154
54,70.5,154
55,70.5,154
56,70.5,154
57,70.5,154
58,70.5,155
59,70.5,155
60,70.5,155
61,70.5,155
62,70.5,155
63,70.5,155
64,70.5,155
65,70.5,155
66,70.5,155
67,70.5,155
73,70.5,155
74,70.5,155
160,70.5,157
161,70.5,157
162,70.5,157
163,70.5,157
164,70.5,157
165,70.5,157
166,70.5,157
167,70.5,157
168,70.5,157
169,70.5,157
170,70.5,157
171,70.5,157
172,70.5,157
173,70.5,157
174,70.5,157
175,70.5,166
176,70.5,166
177,70.5,166
178,70.5,166
179,70.5,166
-180,69.5,166
-179,69.5,166
-178,69.5,166
-177,69.5,166
-176,69.5,166
-175,69.5,166
-174,69.5,166
-173,69.5,166
-172,69.5,166
-171,69.5,166
-170,69.5,166
-169,69.5,166
-168,69.5,166
-167,69.5,166
-166,69.5,166
-165,69.5,166
-164,69.5,166
-139,69.5,163
-138,69.5,163
-137,69.5,163
-136,69.5,163
-135,69.5,163
-133,69.5,163
-132,69.5,163
-131,69.5,163
-126,69.5,163
-124,69.5,163
-120,69.5,163
-119,69.5,163
-118,69.5,163
-117,69.5,163
-103,69.5,163
-102,69.5,163
-101,69.5,163
-100,69.5,163
-99,69.5,163
-96,69.5,163
-95,69.5,163
-90,69.5,161
-89,69.5,161
-88,69.5,161
-87,69.5,161
-86,69.5,161
-82,69.5,162
-81,69.5,162
-79,69.5,162
-78,69.5,162
-77,69.5,162
-68,69.5,161
-67,69.5,161
-66,69.5,161
-65,69.5,161
-64,69.5,161
-63,69.5,161
-62,69.5,161
-61,69.5,161
-60,69.5,161
-59,69.5,161
-58,69.5,161
-57,69.5,161
-56,69.5,161
-55,69.5,161
-54,69.5,161
-52,69.5,161
-51,69.5,161
-24,69.5,152
-23,69.5,152
-22,69.5,152
-21,69.5,152
-20,69.5,152
-19,69.5,152
-18,69.5,152
-17,69.5,151
-16,69.5,151
-15,69.5,151
-14,69.5,151
-13,69.5,151
-12,69.5,151
-11,69.5,151
-10,69.5,151
-9,69.5,151
-8,69.5,151
-7,69.5,153
-6,69.5,153
-5,69.5,153
-4,69.5,153
-3,69.5,153
-2,69.5,153
-1,69.5,153
0,69.5,153
1,69.5,153
2,69.5,153
3,69.5,153
4,69.5,153
5,69.5,153
6,69.5,153
7,69.5,153
8,69.5,153
9,69.5,153
10,69.5,153
11,69.5,153
12,69.5,153
13,69.5,153
14,69.5,153
15,69.5,153
16,69.5,154
17,69.5,154
19,69.5,154
33,69.5,154
34,69.5,154
35,69.5,154
36,69.5,154
37,69.5,154
38,69.5,154
39,69.5,154
40,69.5,154
41,69.5,154
42,69.5,154
43,69.5,154
44,69.5,154
45,69.5,154
46,69.5,154
47,69.5,154
48,69.5,154
50,69.5,154
51,69.5,154
52,69.5,154
53,69.5,154
54,69.5,154
55,69.5,154
56,69.5,154
57,69.5,154
58,69.5,154
59,69.5,154
60,69.5,154
65,69.5,155
66,69.5,155
67,69.5,155
73,69.5,155
161,69.5,157
169,69.5,157
170,69.5,157
178,69.5,166
179,69.5,166
-178,68.5,166
-177,68.5,166
-176,68.5,166
-175,68.5,166
-174,68.5,166
-173,68.5,166
-172,68.5,166
-171,68.5,166
-170,68.5,166
-169,68.5,166
-168,68.5,166
-167,68.5,166
-114,68.5,163
-112,68.5,163
-110,68.5,163
-109,68.5,163
-106,68.5,163
-105,68.5,163
-104,68.5,163
-103,68.5,163
-102,68.5,163
-101,68.5,163
-100,68.5,163
-99,68.5,163
-97,68.5,163
-96,68.5,163
-95,68.5,163
-94,68.5,163
-90,68.5,161
-87,68.5,161
-86,68.5,161
-81,68.5,162
-80,68.5,162
-79,68.5,162
-78,68.5,162
-77,68.5,162
-76,68.5,162
-67,68.5,161
-66,68.5,161
-65,68.5,161
-64,68.5,161
-63,68.5,161
-62,68.5,161
-61,68.5,161
-60,68.5,161
-59,68.5,161
-58,68.5,161
-57,68.5,161
-56,68.5,161
-55,68.5,161
-54,68.5,161
-53,68.5,161
-28,68.5,152
-27,68.5,152
-26,68.5,152
-25,68.5,152
-24,68.5,152
-23,68.5,152
-22,68.5,152
-21,68.5,152
-20,68.5,152
-19,68.5,151
-18,68.5,151
-17,68.5,151
-16,68.5,151
-15,68.5,151
-14,68.5,151
-13,68.5,151
-12,68.5,151
-11,68.5,151
-10,68.5,151
-9,68.5,151
-8,68.5,151
-7,68.5,153
-6,68.5,153
-5,68.5,153
-4,68.5,153
-3,68.5,153
-2,68.5,153
-1,68.5,153
0,68.5,153
1,68.5,153
2,68.5,153
3,68.5,153
4,68.5,153
5,68.5,153
6,68.5,153
7,68.5,153
8,68.5,153
9,68.5,153
10,68.5,153
11,68.5,153
12,68.5,153
13,68.5,154
14,68.5,154
15,68.5,154
17,68.5,154
39,68.5,154
40,68.5,154
41,68.5,154
42,68.5,154
43,68.5,154
46,68.5,154
47,68.5,154
48,68.5,154
49,68.5,154
50,68.5,154
51,68.5,154
54,68.5,154
55,68.5,154
68,68.5,155
74,68.5,155
-175,67.5,166
-174,67.5,166
-173,67.5,166
-172,67.5,166
-171,67.5,166
-170,67.5,166
-169,67.5,166
-168,67.5,166
-167,67.5,166
-166,67.5,166
-165,67.5,166
-164,67.5,166
-109,67.5,163
-108,67.5,163
-96,67.5,163
-87,67.5,161
-81,67.5,162
-80,67.5,162
-79,67.5,162
-78,67.5,162
-75,67.5,162
-74,67.5,162
-73,67.5,162
-64,67.5,161
-63,67.5,161
-62,67.5,161
-61,67.5,161
-60,67.5,161
-59,67.5,161
-58,67.5,161
-57,67.5,161
-56,67.5,161
-55,67.5,161
-54,67.5,161
-33,67.5,152
-32,67.5,152
-31,67.5,152
-30,67.5,152
-29,67.5,152
-28,67.5,152
-27,67.5,152
-26,67.5,152
-25,67.5,152
-24,67.5,152
-23,67.5,152
-22,67.5,151
-21,67.5,151
-20,67.5,151
-19,67.5,151
-18,67.5,151
-17,67.5,151
-16,67.5,151
-15,67.5,151
-14,67.5,151
-13,67.5,151
-12,67.5,151
-11,67.5,151
-10,67.5,151
-9,67.5,151
-8,67.5,151
-7,67.5,153
-6,67.5,153
-5,67.5,153
-4,67.5,153
-3,67.5,153
-2,67.5,153
-1,67.5,153
0,67.5,153
1,67.5,153
2,67.5,153
3,67.5,153
4,67.5,153
5,67.5,153
6,67.5,153
7,67.5,153
8,67.5,153
9,67.5,153
10,67.5,153
11,67.5,153
12,67.5,153
13,67.5,153
14,67.5,154
42,67.5,154
43,67.5,154
45,67.5,154
46,67.5,154
47,67.5,154
73,67.5,155
74,67.5,155
-174,66.5,166
-170,66.5,166
-169,66.5,166
-168,66.5,166
-167,66.5,166
-166,66.5,166
-165,66.5,166
-163,66.5,166
-162,66.5,166
-161,66.5,166
-86,66.5,162
-84,66.5,162
-83,66.5,162
-82,66.5,162
-81,66.5,162
-80,66.5,162
-79,66.5,162
-78,66.5,162
-77,66.5,162
-76,66.5,162
-75,66.5,162
-74,66.5,162
-67,66.5,161
-61,66.5,161
-60,66.5,161
-59,66.5,161
-58,66.5,161
-57,66.5,161
-56,66.5,161
-55,66.5,161
-54,66.5,161
-52,66.5,161
-34,66.5,152
-33,66.5,152
-32,66.5,152
-31,66.5,152
-30,66.5,152
-29,66.5,152
-28,66.5,152
-27,66.5,152
-26,66.5,152
-25,66.5,151
-24,66.5,151
-23,66.5,151
-22,66.5,151
-21,66.5,151
-20,66.5,151
-19,66.5,151
-18,66.5,151
-17,66.5,151
-15,66.5,151
-14,66.5,151
-13,66.5,151
-12,66.5,151
-11,66.5,151
-10,66.5,151
-9,66.5,151
-8,66.5,151
-7,66.5,153
-6,66.5,153
-5,66.5,153
-4,66.5,153
-3,66.5,153
-2,66.5,153
-1,66.5,153
0,66.5,153
1,66.5,153
2,66.5,153
3,66.5,153
4,66.5,153
5,66.5,153
6,66.5,153
7,66.5,153
8,66.5,153
9,66.5,153
10,66.5,153
11,66.5,153
12,66.5,153
13,66.5,153
34,66.5,154
35,66.5,154
41,66.5,154
42,66.5,154
43,66.5,154
44,66.5,154
71,66.5,155
72,66.5,155
-179,65.5,166
-177,65.5,166
-172,65.5,166
-171,65.5,166
-170,65.5,166
-169,65.5,166
-168,65.5,166
-89,65.5,162
-87,65.5,162
-85,65.5,162
-84,65.5,162
-83,65.5,162
-82,65.5,162
-81,65.5,162
-80,65.5,162
-79,65.5,162
-78,65.5,162
-77,65.5,162
-76,65.5,162
-75,65.5,162
-68,65.5,161
-67,65.5,161
-66,65.5,161
-63,65.5,161
-62,65.5,161
-61,65.5,161
-60,65.5,161
-59,65.5,161
-58,65.5,161
-57,65.5,161
-56,65.5,161
-55,65.5,161
-54,65.5,161
-53,65.5,161
-52,65.5,161
-40,65.5,152
-39,65.5,152
-38,65.5,152
-37,65.5,152
-36,65.5,152
-35,65.5,152
-34,65.5,152
-33,65.5,152
-32,65.5,152
-31,65.5,152
-30,65.5,152
-29,65.5,152
-28,65.5,151
-27,65.5,151
-26,65.5,151
-25,65.5,151
-23,65.5,151
-22,65.5,151
-21,65.5,151
-13,65.5,151
-12,65.5,151
-11,65.5,151
-10,65.5,151
-9,65.5,151
-8,65.5,151
-7,65.5,153
-6,65.5,153
-5,65.5,153
-4,65.5,153
-3,65.5,153
-2,65.5,153
-1,65.5,153
0,65.5,153
1,65.5,153
2,65.5,153
3,65.5,153
4,65.5,153
5,65.5,153
6,65.5,153
7,65.5,153
8,65.5,153
9,65.5,153
10,65.5,153
11,65.5,153
12,65.5,153
22,65.5,101
23,65.5,101
24,65.5,101
25,65.5,101
35,65.5,154
36,65.5,154
37,65.5,154
38,65.5,154
39,65.5,154
-180,64.5,166
-179,64.5,166
-178,64.5,166
-177,64.5,166
-176,64.5,166
-175,64.5,166
-172,64.5,166
-171,64.5,166
-170,64.5,166
-169,64.5,166
-168,64.5,166
-167,64.5,166
-166,64.5,166
-164,64.5,166
-163,64.5,166
-162,64.5,166
-87,64.5,162
-81,64.5,162
-80,64.5,162
-79,64.5,162
-65,64.5,161
-64,64.5,161
-63,64.5,161
-62,64.5,161
-61,64.5,161
-60,64.5,161
-59,64.5,161
-58,64.5,161
-57,64.5,161
-56,64.5,161
-55,64.5,161
-54,64.5,161
-53,64.5,161
-50,64.5,161
-40,64.5,152
-39,64.5,152
-38,64.5,152
-37,64.5,152
-36,64.5,152
-35,64.5,152
-34,64.5,152
-33,64.5,27
-32,64.5,27
-31,64.5,27
-30,64.5,27
-29,64.5,27
-28,64.5,151
-27,64.5,151
-26,64.5,151
-25,64.5,151
-24,64.5,151
-23,64.5,151
-22,64.5,151
-14,64.5,151
-13,64.5,151
-12,64.5,151
-11,64.5,151
-10,64.5,151
-9,64.5,151
-8,64.5,151
-7,64.5,153
-6,64.5,153
-5,64.5,153
-4,64.5,153
-3,64.5,153
-2,64.5,153
-1,64.5,153
0,64.5,153
1,64.5,153
2,64.5,153
3,64.5,153
4,64.5,153
5,64.5,153
6,64.5,153
7,64.5,153
8,64.5,153
9,64.5,153
10,64.5,153
22,64.5,101
23,64.5,101
24,64.5,101
35,64.5,154
36,64.5,154
37,64.5,154
178,64.5,166
179,64.5,166
-180,63.5,166
-179,63.5,166
-178,63.5,166
-177,63.5,166
-176,63.5,166
-175,63.5,166
-174,63.5,166
-173,63.5,166
-172,63.5,166
-170,63.5,166
-169,63.5,166
-168,63.5,166
-167,63.5,166
-166,63.5,166
-165,63.5,166
-164,63.5,166
-163,63.5,166
-162,63.5,166
-91,63.5,162
-90,63.5,162
-89,63.5,162
-88,63.5,162
-87,63.5,162
-86,63.5,162
-84,63.5,162
-83,63.5,162
-82,63.5,162
-80,63.5,162
-79,63.5,162
-78,63.5,162
-76,63.5,162
-75,63.5,162
-74,63.5,162
-73,63.5,162
-72,63.5,162
-68,63.5,161
-65,63.5,161
-64,63.5,161
-63,63.5,161
-62,63.5,161
-61,63.5,161
-60,63.5,161
-59,63.5,161
-58,63.5,161
-57,63.5,161
-56,63.5,161
-55,63.5,161
-54,63.5,161
-53,63.5,161
-52,63.5,161
-41,63.5,152
-40,63.5,152
-39,63.5,152
-38,63.5,152
-37,63.5,152
-36,63.5,27
-35,63.5,27
-34,63.5,27
-33,63.5,27
-32,63.5,27
-31,63.5,27
-30,63.5,27
-29,63.5,27
-28,63.5,27
-27,63.5,27
-26,63.5,27
-25,63.5,151
-24,63.5,151
-23,63.5,151
-22,63.5,151
-21,63.5,151
-20,63.5,151
-18,63.5,151
-17,63.5,151
-16,63.5,151
-15,63.5,27
-14,63.5,27
-13,63.5,27
-12,63.5,151
-11,63.5,151
-10,63.5,151
-9,63.5,151
-8,63.5,151
-7,63.5,153
-6,63.5,153
-5,63.5,153
-4,63.5,153
-3,63.5,153
-2,63.5,153
-1,63.5,153
0,63.5,153
1,63.5,153
2,63.5,153
3,63.5,153
4,63.5,153
5,63.5,153
6,63.5,153
7,63.5,153
8,63.5,153
9,63.5,153
20,63.5,101
21,63.5,101
22,63.5,101
179,63.5,166
-180,62.5,166
-179,62.5,166
-178,62.5,166
-177,62.5,166
-176,62.5,166
-175,62.5,166
-174,62.5,166
-173,62.5,166
-172,62.5,166
-171,62.5,166
-170,62.5,166
-169,62.5,166
-168,62.5,166
-167,62.5,166
-166,62.5,166
-92,62.5,162
-91,62.5,162
-90,62.5,162
-89,62.5,162
-88,62.5,162
-87,62.5,162
-86,62.5,162
-85,62.5,162
-84,62.5,162
-82,62.5,162
-81,62.5,162
-80,62.5,162
-79,62.5,162
-78,62.5,162
-76,62.5,162
-75,62.5,162
-74,62.5,162
-73,62.5,162
-72,62.5,162
-71,62.5,162
-70,62.5,162
-66,62.5,161
-65,62.5,161
-64,62.5,161
-63,62.5,161
-62,62.5,161
-61,62.5,161
-60,62.5,161
-59,62.5,21
-58,62.5,21
-57,62.5,21
-56,62.5,21
-55,62.5,21
-54,62.5,161
-53,62.5,161
-52,62.5,161
-51,62.5,161
-42,62.5,152
-41,62.5,152
-40,62.5,152
-39,62.5,152
-38,62.5,27
-37,62.5,27
-36,62.5,27
-35,62.5,27
-34,62.5,27
-33,62.5,27
-32,62.5,27
-31,62.5,27
-30,62.5,27
-29,62.5,27
-28,62.5,27
-27,62.5,27
-26,62.5,27
-25,62.5,27
-24,62.5,27
-23,62.5,27
-22,62.5,27
-21,62.5,27
-20,62.5,27
-19,62.5,27
-18,62.5,27
-17,62.5,27
-16,62.5,27
-15,62.5,27
-14,62.5,27
-13,62.5,27
-12,62.5,27
-11,62.5,151
-10,62.5,151
-9,62.5,150
-8,62.5,150
-7,62.5,150
-6,62.5,150
-5,62.5,150
-4,62.5,150
-3,62.5,153
-2,62.5,153
-1,62.5,153
0,62.5,153
1,62.5,153
2,62.5,153
3,62.5,153
4,62.5,153
5,62.5,153
6,62.5,153
18,62.5,101
19,62.5,101
20,62.5,101
21,62.5,101
164,62.5,102
165,62.5,102
177,62.5,158
178,62.5,158
-180,61.5,160
-179,61.5,166
-178,61.5,166
-177,61.5,166
-176,61.5,166
-175,61.5,166
-174,61.5,166
-173,61.5,166
-172,61.5,166
-171,61.5,166
-170,61.5,166
-169,61.5,166
-168,61.5,166
-167,61.5,160
-166,61.5,160
-165,61.5,160
-93,61.5,162
-92,61.5,162
-91,61.5,162
-90,61.5,162
-89,61.5,162
-88,61.5,162
-87,61.5,162
-86,61.5,162
-85,61.5,162
-84,61.5,162
-83,61.5,162
-82,61.5,162
-81,61.5,162
-80,61.5,162
-79,61.5,162
-78,61.5,162
-71,61.5,162
-70,61.5,162
-69,61.5,162
-68,61.5,162
-67,61.5,162
-66,61.5,162
-64,61.5,161
-63,61.5,161
-62,61.5,161
-61,61.5,161
-60,61.5,161
-59,61.5,21
-58,61.5,21
-57,61.5,21
-56,61.5,21
-55,61.5,21
-54,61.5,21
-53,61.5,21
-52,61.5,161
-51,61.5,161
-50,61.5,161
-42,61.5,152
-41,61.5,152
-40,61.5,27
-39,61.5,27
-38,61.5,27
-37,61.5,27
-36,61.5,27
-35,61.5,27
-34,61.5,27
-33,61.5,27
-32,61.5,27
-31,61.5,27
-30,61.5,27
-29,61.5,27
-28,61.5,27
-27,61.5,27
-26,61.5,27
-25,61.5,27
-24,61.5,27
-23,61.5,27
-22,61.5,27
-21,61.5,27
-20,61.5,27
-19,61.5,27
-18,61.5,27
-17,61.5,27
-16,61.5,27
-15,61.5,27
-14,61.5,27
-13,61.5,27
-12,61.5,27
-11,61.5,150
-10,61.5,150
-9,61.5,150
-8,61.5,150
-7,61.5,150
-6,61.5,150
-5,61.5,150
-4,61.5,103
-3,61.5,103
-2,61.5,103
-1,61.5,103
0,61.5,103
1,61.5,103
2,61.5,103
3,61.5,103
4,61.5,103
5,61.5,103
18,61.5,101
19,61.5,101
20,61.5,101
21,61.5,101
157,61.5,102
158,61.5,102
159,61.5,102
160,61.5,102
163,61.5,102
174,61.5,158
175,61.5,158
176,61.5,158
177,61.5,158
178,61.5,158
179,61.5,158
-180,60.5,160
-179,60.5,160
-178,60.5,160
-177,60.5,160
-176,60.5,160
-175,60.5,160
-174,60.5,160
-172,60.5,160
-171,60.5,160
-170,60.5,160
-169,60.5,160
-168,60.5,160
-167,60.5,160
-166,60.5,160
-152,60.5,104
-147,60.5,104
-146,60.5,104
-145,60.5,104
-94,60.5,162
-93,60.5,162
-92,60.5,162
-91,60.5,162
-90,60.5,162
-89,60.5,162
-88,60.5,162
-87,60.5,162
-86,60.5,162
-85,60.5,162
-84,60.5,162
-83,60.5,162
-82,60.5,162
-81,60.5,162
-80,60.5,162
-79,60.5,162
-78,60.5,162
-69,60.5,162
-67,60.5,162
-66,60.5,162
-65,60.5,162
-64,60.5,161
-63,60.5,161
-62,60.5,161
-61,60.5,161
-60,60.5,161
-59,60.5,21
-58,60.5,21
-57,60.5,21
-56,60.5,21
-55,60.5,21
-54,60.5,21
-53,60.5,21
-52,60.5,21
-51,60.5,21
-50,60.5,161
-49,60.5,161
-48,60.5,161
-47,60.5,161
-46,60.5,161
-43,60.5,152
-42,60.5,152
-41,60.5,152
-40,60.5,27
-39,60.5,27
-38,60.5,27
-37,60.5,27
-36,60.5,27
-35,60.5,27
-34,60.5,27
-33,60.5,27
-32,60.5,27
-31,60.5,27
-30,60.5,27
-29,60.5,27
-28,60.5,27
-27,60.5,27
-26,60.5,27
-25,60.5,27
-24,60.5,27
-23,60.5,27
-22,60.5,27
-21,60.5,27
-20,60.5,27
-19,60.5,27
-18,60.5,27
-17,60.5,27
-16,60.5,27
-15,60.5,27
-14,60.5,27
-13,60.5,27
-12,60.5,150
-11,60.5,150
-10,60.5,150
-9,60.5,150
-8,60.5,150
-7,60.5,150
-6,60.5,27
-5,60.5,103
-4,60.5,103
-3,60.5,103
-2,60.5,103
-1,60.5,103
0,60.5,103
1,60.5,103
2,60.5,103
3,60.5,103
4,60.5,103
7,60.5,103
19,60.5,101
20,60.5,101
21,60.5,101
28,60.5,101
156,60.5,102
157,60.5,102
158,60.5,102
159,60.5,102
160,60.5,102
161,60.5,102
162,60.5,102
168,60.5,158
169,60.5,158
171,60.5,158
172,60.5,158
173,60.5,158
174,60.5,158
175,60.5,158
176,60.5,158
177,60.5,158
178,60.5,158
179,60.5,160
-180,59.5,160
-179,59.5,160
-178,59.5,160
-177,59.5,160
-176,59.5,160
-175,59.5,160
-174,59.5,160
-173,59.5,160
-172,59.5,160
-171,59.5,160
-170,59.5,160
-169,59.5,160
-168,59.5,160
-167,59.5,160
-166,59.5,160
-165,59.5,160
-164,59.5,160
-163,59.5,160
-162,59.5,160
-153,59.5,104
-152,59.5,104
-150,59.5,104
-149,59.5,104
-148,59.5,104
-147,59.5,104
-146,59.5,104
-145,59.5,104
-144,59.5,104
-143,59.5,104
-142,59.5,104
-141,59.5,104
-140,59.5,104
-94,59.5,162
-93,59.5,162
-92,59.5,162
-91,59.5,162
-90,59.5,162
-89,59.5,162
-88,59.5,162
-87,59.5,162
-86,59.5,162
-85,59.5,162
-84,59.5,162
-83,59.5,162
-82,59.5,162
-81,59.5,162
-80,59.5,162
-79,59.5,162
-78,59.5,162
-69,59.5,162
-68,59.5,162
-67,59.5,162
-66,59.5,162
-63,59.5,105
-62,59.5,105
-61,59.5,105
-60,59.5,21
-59,59.5,21
-58,59.5,21
-57,59.5,21
-56,59.5,21
-55,59.5,21
-54,59.5,21
-53,59.5,21
-52,59.5,21
-51,59.5,21
-50,59.5,21
-49,59.5,21
-48,59.5,21
-47,59.5,161
-46,59.5,161
-45,59.5,161
-44,59.5,152
-43,59.5,152
-42,59.5,152
-41,59.5,27
-40,59.5,27
-39,59.5,27
-38,59.5,27
-37,59.5,27
-36,59.5,27
-35,59.5,27
-34,59.5,27
-33,59.5,27
-32,59.5,27
-31,59.5,27
-30,59.5,27
-29,59.5,27
-28,59.5,27
-27,59.5,27
-26,59.5,27
-25,59.5,27
-24,59.5,27
-23,59.5,27
-22,59.5,27
-21,59.5,27
-20,59.5,27
-19,59.5,27
-18,59.5,27
-17,59.5,27
-16,59.5,27
-15,59.5,27
-14,59.5,27
-13,59.5,27
-12,59.5,27
-11,59.5,27
-10,59.5,27
-9,59.5,27
-8,59.5,27
-7,59.5,27
-6,59.5,106
-5,59.5,103
-4,59.5,103
-3,59.5,103
-2,59.5,103
-1,59.5,103
0,59.5,103
1,59.5,103
2,59.5,103
3,59.5,103
4,59.5,103
5,59.5,103
17,59.5,101
19,59.5,101
20,59.5,101
21,59.5,101
22,59.5,101
23,59.5,101
24,59.5,101
27,59.5,101
28,59.5,101
150,59.5,102
151,59.5,102
155,59.5,102
156,59.5,102
157,59.5,102
158,59.5,102
159,59.5,102
160,59.5,102
164,59.5,158
165,59.5,158
166,59.5,158
167,59.5,158
168,59.5,158
169,59.5,158
170,59.5,158
171,59.5,158
172,59.5,158
173,59.5,158
174,59.5,158
175,59.5,158
176,59.5,158
177,59.5,158
178,59.5,158
179,59.5,160
-180,58.5,160
-179,58.5,160
-178,58.5,160
-177,58.5,160
-176,58.5,160
-175,58.5,160
-174,58.5,160
-173,58.5,160
-172,58.5,160
-171,58.5,160
-170,58.5,160
-169,58.5,160
-168,58.5,160
-167,58.5,160
-166,58.5,160
-165,58.5,160
-164,58.5,160
-163,58.5,160
-162,58.5,160
-161,58.5,160
-160,58.5,160
-158,58.5,160
-153,58.5,104
-152,58.5,104
-151,58.5,104
-150,58.5,104
-149,58.5,104
-148,58.5,104
-147,58.5,104
-146,58.5,104
-145,58.5,104
-144,58.5,104
-143,58.5,104
-142,58.5,104
-141,58.5,104
-140,58.5,104
-139,58.5,104
-138,58.5,104
-136,58.5,104
-135,58.5,104
-93,58.5,162
-92,58.5,162
-91,58.5,162
-90,58.5,162
-89,58.5,162
-88,58.5,162
-87,58.5,162
-86,58.5,162
-85,58.5,162
-84,58.5,162
-83,58.5,162
-82,58.5,162
-81,58.5,162
-80,58.5,162
-79,58.5,162
-67,58.5,162
-66,58.5,162
-63,58.5,105
-62,58.5,105
-61,58.5,105
-60,58.5,105
-59,58.5,21
-58,58.5,21
-57,58.5,21
-56,58.5,21
-55,58.5,21
-54,58.5,21
-53,58.5,21
-52,58.5,21
-51,58.5,21
-50,58.5,21
-49,58.5,21
-48,58.5,21
-47,58.5,21
-46,58.5,21
-45,58.5,21
-44,58.5,21
-43,58.5,21
-42,58.5,21
-41,58.5,27
-40,58.5,27
-39,58.5,27
-38,58.5,27
-37,58.5,27
-36,58.5,27
-35,58.5,27
-34,58.5,27
-33,58.5,27
-32,58.5,27
-31,58.5,27
-30,58.5,27
-29,58.5,27
-28,58.5,27
-27,58.5,27
-26,58.5,27
-25,58.5,27
-24,58.5,27
-23,58.5,27
-22,58.5,27
-21,58.5,27
-20,58.5,27
-19,58.5,27
-18,58.5,27
-17,58.5,27
-16,58.5,27
-15,58.5,27
-14,58.5,27
-13,58.5,27
-12,58.5,27
-11,58.5,27
-10,58.5,27
-9,58.5,27
-8,58.5,106
-7,58.5,106
-6,58.5,106
-3,58.5,103
-2,58.5,103
-1,58.5,103
0,58.5,103
1,58.5,103
2,58.5,103
3,58.5,103
4,58.5,103
5,58.5,103
9,58.5,103
10,58.5,103
11,58.5,103
17,58.5,101
18,58.5,101
19,58.5,101
20,58.5,101
21,58.5,101
142,58.5,102
143,58.5,102
144,58.5,102
145,58.5,102
146,58.5,102
147,58.5,102
148,58.5,102
149,58.5,102
150,58.5,102
151,58.5,102
152,58.5,102
153,58.5,102
154,58.5,102
155,58.5,102
156,58.5,102
157,58.5,102
158,58.5,102
159,58.5,102
163,58.5,158
164,58.5,158
165,58.5,158
166,58.5,158
167,58.5,158
168,58.5,158
169,58.5,158
170,58.5,158
171,58.5,158
172,58.5,158
173,58.5,158
174,58.5,158
175,58.5,158
176,58.5,158
177,58.5,158
178,58.5,160
179,58.5,160
-180,57.5,160
-179,57.5,160
-178,57.5,160
-177,57.5,160
-176,57.5,160
-175,57.5,160
-174,57.5,160
-173,57.5,160
-172,57.5,160
-171,57.5,160
-170,57.5,160
-169,57.5,160
-168,57.5,160
-167,57.5,160
-166,57.5,160
-165,57.5,160
-164,57.5,160
-163,57.5,160
-162,57.5,160
-161,57.5,160
-160,57.5,160
-159,57.5,160
-158,57.5,160
-156,57.5,104
-155,57.5,104
-152,57.5,104
-151,57.5,104
-150,57.5,104
-149,57.5,104
-148,57.5,104
-147,57.5,104
-146,57.5,104
-145,57.5,104
-144,57.5,104
-143,57.5,104
-142,57.5,104
-141,57.5,104
-140,57.5,104
-139,57.5,104
-138,57.5,104
-137,57.5,104
-136,57.5,104
-92,57.5,162
-91,57.5,162
-90,57.5,162
-89,57.5,162
-88,57.5,162
-87,57.5,162
-86,57.5,162
-85,57.5,162
-84,57.5,162
-83,57.5,162
-82,57.5,162
-81,57.5,162
-80,57.5,162
-79,57.5,162
-78,57.5,162
-77,57.5,162
-61,57.5,105
-60,57.5,105
-59,57.5,21
-58,57.5,21
-57,57.5,21
-56,57.5,21
-55,57.5,21
-54,57.5,21
-53,57.5,21
-52,57.5,21
-51,57.5,21
-50,57.5,21
-49,57.5,21
-48,57.5,21
-47,57.5,21
-46,57.5,21
-45,57.5,21
-44,57.5,21
-43,57.5,21
-42,57.5,21
-41,57.5,27
-40,57.5,27
-39,57.5,27
-38,57.5,27
-37,57.5,27
-36,57.5,27
-35,57.5,27
-34,57.5,27
-33,57.5,27
-32,57.5,27
-31,57.5,27
-30,57.5,27
-29,57.5,27
-28,57.5,27
-27,57.5,27
-26,57.5,27
-25,57.5,27
-24,57.5,27
-23,57.5,27
-22,57.5,27
-21,57.5,27
-20,57.5,27
-19,57.5,27
-18,57.5,27
-17,57.5,27
-16,57.5,27
-15,57.5,27
-14,57.5,27
-13,57.5,27
-12,57.5,27
-11,57.5,27
-10,57.5,27
-9,57.5,106
-8,57.5,106
-7,57.5,106
-6,57.5,106
-1,57.5,103
0,57.5,103
1,57.5,103
2,57.5,103
3,57.5,103
4,57.5,103
5,57.5,103
6,57.5,103
7,57.5,103
8,57.5,103
9,57.5,103
11,57.5,103
17,57.5,101
18,57.5,101
19,57.5,101
20,57.5,101
21,57.5,101
23,57.5,101
24,57.5,101
140,57.5,102
141,57.5,102
142,57.5,102
143,57.5,102
144,57.5,102
145,57.5,102
146,57.5,102
147,57.5,102
148,57.5,102
149,57.5,102
150,57.5,102
151,57.5,102
152,57.5,102
153,57.5,102
154,57.5,102
155,57.5,102
156,57.5,102
164,57.5,158
165,57.5,158
166,57.5,158
167,57.5,158
168,57.5,158
169,57.5,158
170,57.5,158
171,57.5,158
172,57.5,158
173,57.5,158
174,57.5,158
175,57.5,158
176,57.5,158
177,57.5,160
178,57.5,160
179,57.5,160
-180,56.5,160
-179,56.5,160
-178,56.5,160
-177,56.5,160
-176,56.5,160
-175,56.5,160
-174,56.5,160
-173,56.5,160
-172,56.5,160
-171,56.5,160
-170,56.5,160
-169,56.5,160
-168,56.5,160
-167,56.5,160
-166,56.5,160
-165,56.5,160
-164,56.5,160
-163,56.5,160
-162,56.5,160
-161,56.5,160
-160,56.5,160
-157,56.5,104
-156,56.5,104
-155,56.5,104
-154,56.5,104
-153,56.5,104
-152,56.5,104
-151,56.5,104
-150,56.5,104
-149,56.5,104
-148,56.5,104
-147,56.5,104
-146,56.5,104
-145,56.5,104
-144,56.5,104
-143,56.5,104
-142,56.5,104
-141,56.5,104
-140,56.5,104
-139,56.5,104
-138,56.5,104
-137,56.5,104
-136,56.5,104
-133,56.5,104
-88,56.5,162
-87,56.5,162
-86,56.5,162
-85,56.5,162
-84,56.5,162
-83,56.5,162
-82,56.5,162
-81,56.5,162
-80,56.5,162
-79,56.5,162
-78,56.5,162
-77,56.5,162
-62,56.5,105
-61,56.5,105
-60,56.5,105
-59,56.5,105
-58,56.5,21
-57,56.5,21
-56,56.5,21
-55,56.5,21
-54,56.5,21
-53,56.5,21
-52,56.5,21
-51,56.5,21
-50,56.5,21
-49,56.5,21
-48,56.5,21
-47,56.5,21
-46,56.5,21
-45,56.5,21
-44,56.5,21
-43,56.5,21
-42,56.5,21
-41,56.5,27
-40,56.5,27
-39,56.5,27
-38,56.5,27
-37,56.5,27
-36,56.5,27
-35,56.5,27
-34,56.5,27
-33,56.5,27
-32,56.5,27
-31,56.5,27
-30,56.5,27
-29,56.5,27
-28,56.5,27
-27,56.5,27
-26,56.5,27
-25,56.5,27
-24,56.5,27
-23,56.5,27
-22,56.5,27
-21,56.5,27
-20,56.5,27
-19,56.5,27
-18,56.5,27
-17,56.5,27
-16,56.5,27
-15,56.5,27
-14,56.5,27
-13,56.5,27
-12,56.5,27
-11,56.5,106
-10,56.5,106
-9,56.5,106
-8,56.5,106
-7,56.5,106
-2,56.5,103
-1,56.5,103
0,56.5,103
1,56.5,103
2,56.5,103
3,56.5,103
4,56.5,103
5,56.5,103
6,56.5,103
7,56.5,103
8,56.5,103
11,56.5,103
12,56.5,103
17,56.5,101
18,56.5,101
19,56.5,101
20,56.5,101
139,56.5,102
140,56.5,102
141,56.5,102
142,56.5,102
143,56.5,102
144,56.5,102
145,56.5,102
146,56.5,102
147,56.5,102
148,56.5,102
149,56.5,102
150,56.5,102
151,56.5,102
152,56.5,102
153,56.5,102
154,56.5,102
155,56.5,102
163,56.5,158
164,56.5,158
165,56.5,158
166,56.5,158
167,56.5,158
168,56.5,158
169,56.5,158
170,56.5,158
171,56.5,158
172,56.5,158
173,56.5,158
174,56.5,158
175,56.5,158
176,56.5,160
177,56.5,160
178,56.5,160
179,56.5,160
-180,55.5,160
-179,55.5,160
-178,55.5,160
-177,55.5,160
-176,55.5,160
-175,55.5,160
-174,55.5,160
-173,55.5,160
-172,55.5,160
-171,55.5,160
-170,55.5,160
-169,55.5,160
-168,55.5,160
-167,55.5,160
-166,55.5,160
-165,55.5,160
-164,55.5,160
-163,55.5,160
-160,55.5,104
-159,55.5,104
-158,55.5,104
-157,55.5,104
-156,55.5,104
-155,55.5,104
-154,55.5,104
-153,55.5,104
-152,55.5,104
-151,55.5,104
-150,55.5,104
-149,55.5,104
-148,55.5,104
-147,55.5,104
-146,55.5,104
-145,55.5,104
-144,55.5,104
-143,55.5,104
-142,55.5,104
-141,55.5,104
-140,55.5,104
-139,55.5,104
-138,55.5,104
-137,55.5,104
-136,55.5,104
-135,55.5,104
-134,55.5,104
-132,55.5,104
-85,55.5,162
-84,55.5,162
-83,55.5,162
-82,55.5,162
-81,55.5,162
-80,55.5,162
-79,55.5,162
-78,55.5,162
-60,55.5,105
-59,55.5,105
-58,55.5,105
-57,55.5,105
-56,55.5,21
-55,55.5,21
-54,55.5,21
-53,55.5,21
-52,55.5,21
-51,55.5,21
-50,55.5,21
-49,55.5,21
-48,55.5,21
-47,55.5,21
-46,55.5,21
-45,55.5,21
-44,55.5,21
-43,55.5,21
-42,55.5,21
-41,55.5,27
-40,55.5,27
-39,55.5,27
-38,55.5,27
-37,55.5,27
-36,55.5,27
-35,55.5,27
-34,55.5,27
-33,55.5,27
-32,55.5,27
-31,55.5,27
-30,55.5,27
-29,55.5,27
-28,55.5,27
-27,55.5,27
-26,55.5,27
-25,55.5,27
-24,55.5,27
-23,55.5,27
-22,55.5,27
-21,55.5,27
-20,55.5,27
-19,55.5,27
-18,55.5,27
-17,55.5,27
-16,55.5,27
-15,55.5,27
-14,55.5,27
-13,55.5,27
-12,55.5,106
-11,55.5,106
-10,55.5,106
-9,55.5,106
-8,55.5,106
-7,55.5,106
-6,55.5,106
-5,55.5,106
-1,55.5,103
0,55.5,103
1,55.5,103
2,55.5,103
3,55.5,103
4,55.5,103
5,55.5,103
6,55.5,103
7,55.5,103
8,55.5,103
11,55.5,103
15,55.5,101
16,55.5,101
17,55.5,101
18,55.5,101
19,55.5,101
20,55.5,101
21,55.5,101
137,55.5,102
138,55.5,102
139,55.5,102
140,55.5,102
141,55.5,102
142,55.5,102
143,55.5,102
144,55.5,102
145,55.5,102
146,55.5,102
147,55.5,102
148,55.5,102
149,55.5,102
150,55.5,102
151,55.5,102
152,55.5,102
153,55.5,102
154,55.5,102
155,55.5,102
162,55.5,158
163,55.5,158
164,55.5,158
165,55.5,158
166,55.5,158
167,55.5,158
168,55.5,158
169,55.5,158
170,55.5,158
171,55.5,158
172,55.5,158
173,55.5,158
174,55.5,158
175,55.5,160
176,55.5,160
177,55.5,160
178,55.5,160
179,55.5,160
-180,54.5,160
-179,54.5,160
-178,54.5,160
-177,54.5,160
-176,54.5,160
-175,54.5,160
-174,54.5,160
-173,54.5,160
-172,54.5,160
-171,54.5,160
-170,54.5,160
-169,54.5,160
-168,54.5,160
-167,54.5,160
-166,54.5,160
-165,54.5,160
-164,54.5,104
-163,54.5,104
-162,54.5,104
-161,54.5,104
-160,54.5,104
-159,54.5,104
-158,54.5,104
-157,54.5,104
-156,54.5,67
-155,54.5,67
-154,54.5,67
-153,54.5,67
-152,54.5,67
-151,54.5,67
-150,54.5,67
-149,54.5,67
-148,54.5,67
-147,54.5,67
-146,54.5,67
-145,54.5,67
-144,54.5,104
-143,54.5,104
-142,54.5,104
-141,54.5,104
-140,54.5,104
-139,54.5,104
-138,54.5,104
-137,54.5,104
-136,54.5,104
-135,54.5,104
-134,54.5,104
-133,54.5,104
-132,54.5,104
-131,54.5,104
-130,54.5,104
-82,54.5,162
-81,54.5,162
-80,54.5,162
-57,54.5,105
-56,54.5,105
-55,54.5,105
-54,54.5,105
-53,54.5,21
-52,54.5,21
-51,54.5,21
-50,54.5,21
-49,54.5,21
-48,54.5,21
-47,54.5,21
-46,54.5,21
-45,54.5,21
-44,54.5,21
-43,54.5,21
-42,54.5,21
-41,54.5,27
-40,54.5,27
-39,54.5,27
-38,54.5,27
-37,54.5,27
-36,54.5,27
-35,54.5,27
-34,54.5,27
-33,54.5,27
-32,54.5,27
-31,54.5,27
-30,54.5,27
-29,54.5,27
-28,54.5,27
-27,54.5,27
-26,54.5,27
-25,54.5,27
-24,54.5,27
-23,54.5,27
-22,54.5,27
-21,54.5,27
-20,54.5,27
-19,54.5,27
-18,54.5,27
-17,54.5,27
-16,54.5,27
-15,54.5,27
-14,54.5,27
-13,54.5,106
-12,54.5,106
-11,54.5,106
-10,54.5,106
-9,54.5,106
-5,54.5,106
-4,54.5,106
0,54.5,103
1,54.5,103
2,54.5,103
3,54.5,103
4,54.5,103
5,54.5,103
6,54.5,103
7,54.5,103
8,54.5,103
9,54.5,103
10,54.5,101
11,54.5,101
12,54.5,101
13,54.5,101
14,54.5,101
15,54.5,101
16,54.5,101
19,54.5,101
137,54.5,102
138,54.5,102
139,54.5,102
140,54.5,102
141,54.5,102
142,54.5,102
143,54.5,102
144,54.5,102
145,54.5,102
146,54.5,102
147,54.5,102
148,54.5,102
149,54.5,102
150,54.5,102
151,54.5,102
152,54.5,102
153,54.5,102
154,54.5,102
155,54.5,102
161,54.5,158
162,54.5,158
163,54.5,158
164,54.5,61
165,54.5,61
166,54.5,158
167,54.5,158
168,54.5,158
169,54.5,158
170,54.5,158
171,54.5,158
172,54.5,158
173,54.5,158
174,54.5,160
175,54.5,160
176,54.5,160
177,54.5,160
178,54.5,160
179,54.5,160
-180,53.5,160
-179,53.5,160
-178,53.5,160
-177,53.5,160
-176,53.5,160
-175,53.5,160
-174,53.5,160
-173,53.5,160
-172,53.5,160
-171,53.5,160
-170,53.5,159
-169,53.5,160
-166,53.5,160
-165,53.5,160
-164,53.5,104
-163,53.5,104
-162,53.5,67
-161,53.5,67
-160,53.5,67
-159,53.5,67
-158,53.5,67
-157,53.5,67
-156,53.5,67
-155,53.5,67
-154,53.5,67
-153,53.5,67
-152,53.5,67
-151,53.5,67
-150,53.5,67
-149,53.5,67
-148,53.5,67
-147,53.5,67
-146,53.5,67
-145,53.5,67
-144,53.5,67
-143,53.5,67
-142,53.5,67
-141,53.5,104
-140,53.5,104
-139,53.5,104
-138,53.5,104
-137,53.5,104
-136,53.5,104
-135,53.5,104
-134,53.5,104
-133,53.5,104
-131,53.5,104
-130,53.5,104
-82,53.5,162
-81,53.5,162
-80,53.5,162
-79,53.5,162
-60,53.5,105
-56,53.5,105
-55,53.5,105
-54,53.5,105
-53,53.5,105
-52,53.5,21
-51,53.5,21
-50,53.5,21
-49,53.5,21
-48,53.5,21
-47,53.5,21
-46,53.5,21
-45,53.5,21
-44,53.5,21
-43,53.5,21
-42,53.5,21
-41,53.5,27
-40,53.5,27
-39,53.5,27
-38,53.5,27
-37,53.5,27
-36,53.5,27
-35,53.5,27
-34,53.5,27
-33,53.5,27
-32,53.5,27
-31,53.5,27
-30,53.5,27
-29,53.5,27
-28,53.5,27
-27,53.5,27
-26,53.5,27
-25,53.5,27
-24,53.5,27
-23,53.5,27
-22,53.5,27
-21,53.5,27
-20,53.5,27
-19,53.5,27
-18,53.5,27
-17,53.5,27
-16,53.5,27
-15,53.5,27
-14,53.5,106
-13,53.5,106
-12,53.5,106
-11,53.5,106
-6,53.5,106
-5,53.5,106
-4,53.5,106
1,53.5,103
2,53.5,103
3,53.5,103
4,53.5,103
5,53.5,103
6,53.5,103
7,53.5,103
141,53.5,102
142,53.5,102
144,53.5,102
145,53.5,102
146,53.5,102
147,53.5,102
148,53.5,102
149,53.5,102
150,53.5,102
151,53.5,102
152,53.5,102
153,53.5,102
154,53.5,102
155,53.5,102
160,53.5,158
161,53.5,158
162,53.5,158
163,53.5,61
164,53.5,61
165,53.5,61
166,53.5,61
167,53.5,61
168,53.5,158
169,53.5,158
170,53.5,158
171,53.5,158
172,53.5,158
173,53.5,160
174,53.5,160
175,53.5,160
176,53.5,160
177,53.5,160
178,53.5,160
179,53.5,160
-180,52.5,160
-179,52.5,160
-178,52.5,160
-177,52.5,160
-176,52.5,159
-175,52.5,159
-174,52.5,159
-173,52.5,159
-172,52.5,159
-171,52.5,159
-170,52.5,159
-169,52.5,160
-168,52.5,160
-167,52.5,160
-166,52.5,67
-165,52.5,67
-164,52.5,67
-163,52.5,67
-162,52.5,67
-161,52.5,67
-160,52.5,67
-159,52.5,67
-158,52.5,67
-157,52.5,67
-156,52.5,67
-155,52.5,67
-154,52.5,67
-153,52.5,67
-152,52.5,67
-151,52.5,67
-150,52.5,67
-149,52.5,67
-148,52.5,67
-147,52.5,67
-146,52.5,67
-145,52.5,67
-144,52.5,67
-143,52.5,67
-142,52.5,67
-141,52.5,67
-140,52.5,67
-139,52.5,104
-138,52.5,104
-137,52.5,104
-136,52.5,104
-135,52.5,104
-134,52.5,104
-133,52.5,104
-132,52.5,104
-131,52.5,104
-130,52.5,104
-129,52.5,104
-81,52.5,162
-80,52.5,162
-79,52.5,162
-55,52.5,105
-54,52.5,105
-53,52.5,105
-52,52.5,105
-51,52.5,21
-50,52.5,21
-49,52.5,21
-48,52.5,21
-47,52.5,21
-46,52.5,21
-45,52.5,21
-44,52.5,21
-43,52.5,21
-42,52.5,21
-41,52.5,27
-40,52.5,27
-39,52.5,27
-38,52.5,27
-37,52.5,27
-36,52.5,27
-35,52.5,27
-34,52.5,27
-33,52.5,27
-32,52.5,27
-31,52.5,27
-30,52.5,27
-29,52.5,27
-28,52.5,27
-27,52.5,27
-26,52.5,27
-25,52.5,27
-24,52.5,27
-23,52.5,27
-22,52.5,27
-21,52.5,27
-20,52.5,27
-19,52.5,27
-18,52.5,27
-17,52.5,27
-16,52.5,27
-15,52.5,27
-14,52.5,106
-13,52.5,106
-12,52.5,106
-11,52.5,106
-10,52.5,106
-6,52.5,106
-5,52.5,106
2,52.5,103
3,52.5,103
4,52.5,103
144,52.5,102
145,52.5,102
146,52.5,102
147,52.5,102
148,52.5,102
149,52.5,102
150,52.5,102
151,52.5,102
152,52.5,102
153,52.5,102
154,52.5,102
155,52.5,102
156,52.5,102
159,52.5,158
160,52.5,158
161,52.5,158
162,52.5,61
163,52.5,61
164,52.5,61
165,52.5,61
166,52.5,61
167,52.5,61
168,52.5,61
169,52.5,61
170,52.5,61
171,52.5,158
172,52.5,159
173,52.5,159
174,52.5,159
175,52.5,159
176,52.5,159
177,52.5,159
178,52.5,159
179,52.5,160
-179,51.5,159
-178,51.5,159
-177,51.5,159
-176,51.5,159
-175,51.5,159
-174,51.5,159
-173,51.5,159
-172,51.5,159
-171,51.5,159
-170,51.5,67
-169,51.5,67
-168,51.5,67
-167,51.5,67
-166,51.5,67
-165,51.5,67
-164,51.5,67
-163,51.5,67
-162,51.5,67
-161,51.5,67
-160,51.5,67
-159,51.5,67
-158,51.5,67
-157,51.5,67
-156,51.5,67
-155,51.5,67
-154,51.5,67
-153,51.5,67
-152,51.5,67
-151,51.5,67
-150,51.5,67
-149,51.5,67
-148,51.5,67
-147,51.5,67
-146,51.5,67
-145,51.5,67
-144,51.5,67
-143,51.5,67
-142,51.5,67
-141,51.5,67
-140,51.5,67
-139,51.5,67
-138,51.5,67
-137,51.5,104
-136,51.5,104
-135,51.5,104
-134,51.5,104
-133,51.5,104
-132,51.5,104
-131,51.5,104
-130,51.5,104
-129,51.5,104
-80,51.5,162
-79,51.5,162
-55,51.5,105
-54,51.5,105
-53,51.5,105
-52,51.5,105
-51,51.5,105
-50,51.5,21
-49,51.5,21
-48,51.5,21
-47,51.5,21
-46,51.5,21
-45,51.5,21
-44,51.5,21
-43,51.5,21
-42,51.5,21
-41,51.5,27
-40,51.5,27
-39,51.5,27
-38,51.5,27
-37,51.5,27
-36,51.5,27
-35,51.5,27
-34,51.5,27
-33,51.5,27
-32,51.5,27
-31,51.5,27
-30,51.5,27
-29,51.5,27
-28,51.5,27
-27,51.5,27
-26,51.5,27
-25,51.5,27
-24,51.5,27
-23,51.5,27
-22,51.5,27
-21,51.5,27
-20,51.5,27
-19,51.5,27
-18,51.5,27
-17,51.5,27
-16,51.5,27
-15,51.5,27
-14,51.5,106
-13,51.5,106
-12,51.5,106
-11,51.5,106
-10,51.5,106
-9,51.5,106
-8,51.5,106
-7,51.5,106
-6,51.5,106
-5,51.5,106
-4,51.5,106
-3,51.5,106
1,51.5,103
2,51.5,103
3,51.5,103
141,51.5,107
142,51.5,107
144,51.5,102
145,51.5,102
146,51.5,102
147,51.5,102
148,51.5,102
149,51.5,102
150,51.5,102
151,51.5,102
152,51.5,102
153,51.5,102
154,51.5,102
155,51.5,102
156,51.5,102
158,51.5,158
159,51.5,158
160,51.5,158
161,51.5,61
162,51.5,61
163,51.5,61
164,51.5,61
165,51.5,61
166,51.5,61
167,51.5,61
168,51.5,61
169,51.5,61
170,51.5,61
171,51.5,61
172,51.5,61
173,51.5,61
174,51.5,159
175,51.5,159
176,51.5,159
177,51.5,159
178,51.5,159
179,51.5,159
-179,50.5,61
-178,50.5,61
-177,50.5,61
-176,50.5,61
-175,50.5,61
-174,50.5,67
-173,50.5,67
-172,50.5,67
-171,50.5,67
-170,50.5,67
-169,50.5,67
-168,50.5,67
-167,50.5,67
-166,50.5,67
-165,50.5,67
-164,50.5,67
-163,50.5,67
-162,50.5,67
-161,50.5,67
-160,50.5,67
-159,50.5,67
-158,50.5,67
-157,50.5,67
-156,50.5,67
-155,50.5,67
-154,50.5,67
-153,50.5,67
-152,50.5,67
-151,50.5,67
-150,50.5,67
-149,50.5,67
-148,50.5,67
-147,50.5,67
-146,50.5,67
-145,50.5,67
-144,50.5,67
-143,50.5,67
-142,50.5,67
-141,50.5,67
-140,50.5,67
-139,50.5,67
-138,50.5,67
-137,50.5,67
-136,50.5,104
-135,50.5,104
-134,50.5,104
-133,50.5,104
-132,50.5,104
-131,50.5,104
-130,50.5,104
-129,50.5,104
-125,50.5,104
-59,50.5,105
-58,50.5,105
-56,50.5,105
-55,50.5,105
-54,50.5,105
-53,50.5,105
-52,50.5,105
-51,50.5,105
-50,50.5,21
-49,50.5,21
-48,50.5,21
-47,50.5,21
-46,50.5,21
-45,50.5,21
-44,50.5,21
-43,50.5,21
-42,50.5,21
-41,50.5,27
-40,50.5,27
-39,50.5,27
-38,50.5,27
-37,50.5,27
-36,50.5,27
-35,50.5,27
-34,50.5,27
-33,50.5,27
-32,50.5,27
-31,50.5,27
-30,50.5,27
-29,50.5,27
-28,50.5,27
-27,50.5,27
-26,50.5,27
-25,50.5,27
-24,50.5,27
-23,50.5,27
-22,50.5,27
-21,50.5,27
-20,50.5,27
-19,50.5,27
-18,50.5,27
-17,50.5,27
-16,50.5,27
-15,50.5,27
-14,50.5,27
-13,50.5,106
-12,50.5,106
-11,50.5,106
-10,50.5,106
-9,50.5,106
-8,50.5,106
-7,50.5,106
-6,50.5,106
-3,50.5,106
-2,50.5,106
-1,50.5,106
0,50.5,106
1,50.5,106
141,50.5,107
142,50.5,107
144,50.5,102
145,50.5,102
146,50.5,102
147,50.5,102
148,50.5,102
149,50.5,102
150,50.5,102
151,50.5,102
152,50.5,102
153,50.5,102
154,50.5,102
155,50.5,102
157,50.5,108
158,50.5,108
159,50.5,158
160,50.5,61
161,50.5,61
162,50.5,61
163,50.5,61
164,50.5,61
165,50.5,61
166,50.5,61
167,50.5,61
168,50.5,61
169,50.5,61
170,50.5,61
171,50.5,61
172,50.5,61
173,50.5,61
174,50.5,61
175,50.5,61
176,50.5,61
177,50.5,61
178,50.5,61
179,50.5,61
-179,49.5,61
-178,49.5,61
-177,49.5,61
-176,49.5,61
-175,49.5,61
-174,49.5,67
-173,49.5,67
-172,49.5,67
-171,49.5,67
-170,49.5,67
-169,49.5,67
-168,49.5,67
-167,49.5,67
-166,49.5,67
-165,49.5,67
-164,49.5,67
-163,49.5,67
-162,49.5,67
-161,49.5,67
-160,49.5,67
-159,49.5,67
-158,49.5,67
-157,49.5,67
-156,49.5,67
-155,49.5,67
-154,49.5,67
-153,49.5,67
-152,49.5,67
-151,49.5,67
-150,49.5,67
-149,49.5,67
-148,49.5,67
-147,49.5,67
-146,49.5,67
-145,49.5,67
-144,49.5,67
-143,49.5,67
-142,49.5,67
-141,49.5,67
-140,49.5,67
-139,49.5,67
-138,49.5,67
-137,49.5,67
-136,49.5,67
-135,49.5,67
-134,49.5,104
-133,49.5,104
-132,49.5,104
-131,49.5,104
-130,49.5,104
-129,49.5,104
-128,49.5,104
-127,49.5,104
-124,49.5,104
-67,49.5,105
-66,49.5,105
-65,49.5,105
-64,49.5,105
-62,49.5,105
-61,49.5,105
-60,49.5,105
-59,49.5,105
-56,49.5,105
-55,49.5,105
-54,49.5,105
-53,49.5,105
-52,49.5,105
-51,49.5,105
-50,49.5,105
-49,49.5,21
-48,49.5,21
-47,49.5,21
-46,49.5,21
-45,49.5,21
-44,49.5,21
-43,49.5,21
-42,49.5,21
-41,49.5,27
-40,49.5,27
-39,49.5,27
-38,49.5,27
-37,49.5,27
-36,49.5,27
-35,49.5,27
-34,49.5,27
-33,49.5,27
-32,49.5,27
-31,49.5,27
-30,49.5,27
-29,49.5,27
-28,49.5,27
-27,49.5,27
-26,49.5,27
-25,49.5,27
-24,49.5,27
-23,49.5,27
-22,49.5,27
-21,49.5,27
-20,49.5,27
-19,49.5,27
-18,49.5,27
-17,49.5,27
-16,49.5,27
-15,49.5,27
-14,49.5,27
-13,49.5,27
-12,49.5,106
-11,49.5,106
-10,49.5,106
-9,49.5,106
-8,49.5,106
-7,49.5,106
-6,49.5,106
-5,49.5,106
-4,49.5,106
-3,49.5,106
-2,49.5,106
-1,49.5,106
0,49.5,106
141,49.5,107
142,49.5,107
145,49.5,102
146,49.5,102
147,49.5,102
148,49.5,102
149,49.5,102
150,49.5,102
151,49.5,102
152,49.5,102
153,49.5,102
154,49.5,102
155,49.5,108
156,49.5,108
157,49.5,108
158,49.5,108
159,49.5,61
160,49.5,61
161,49.5,61
162,49.5,61
163,49.5,61
164,49.5,61
165,49.5,61
166,49.5,61
167,49.5,61
168,49.5,61
169,49.5,61
170,49.5,61
171,49.5,61
172,49.5,61
173,49.5,61
174,49.5,61
175,49.5,61
176,49.5,61
177,49.5,61
178,49.5,61
179,49.5,61
-179,48.5,61
-178,48.5,61
-177,48.5,61
-176,48.5,61
-175,48.5,61
-174,48.5,67
-173,48.5,67
-172,48.5,67
-171,48.5,67
-170,48.5,67
-169,48.5,67
-168,48.5,67
-167,48.5,67
-166,48.5,67
-165,48.5,67
-164,48.5,67
-163,48.5,67
-162,48.5,67
-161,48.5,67
-160,48.5,67
-159,48.5,67
-158,48.5,67
-157,48.5,67
-156,48.5,67
-155,48.5,67
-154,48.5,67
-153,48.5,67
-152,48.5,67
-151,48.5,67
-150,48.5,67
-149,48.5,67
-148,48.5,67
-147,48.5,67
-146,48.5,67
-145,48.5,67
-144,48.5,67
-143,48.5,67
-142,48.5,67
-141,48.5,67
-140,48.5,67
-139,48.5,67
-138,48.5,67
-137,48.5,67
-136,48.5,67
-135,48.5,67
-134,48.5,67
-133,48.5,104
-132,48.5,104
-131,48.5,104
-130,48.5,104
-129,48.5,104
-128,48.5,104
-127,48.5,104
-126,48.5,104
-125,48.5,104
-123,48.5,104
-69,48.5,105
-64,48.5,109
-63,48.5,109
-62,48.5,105
-61,48.5,105
-60,48.5,105
-59,48.5,105
-53,48.5,105
-52,48.5,105
-51,48.5,105
-50,48.5,105
-49,48.5,21
-48,48.5,21
-47,48.5,21
-46,48.5,21
-45,48.5,105
-44,48.5,21
-43,48.5,21
-42,48.5,21
-41,48.5,27
-40,48.5,27
-39,48.5,27
-38,48.5,27
-37,48.5,27
-36,48.5,27
-35,48.5,27
-34,48.5,27
-33,48.5,27
-32,48.5,27
-31,48.5,27
-30,48.5,27
-29,48.5,27
-28,48.5,27
-27,48.5,27
-26,48.5,27
-25,48.5,27
-24,48.5,27
-23,48.5,27
-22,48.5,27
-21,48.5,27
-20,48.5,27
-19,48.5,27
-18,48.5,27
-17,48.5,27
-16,48.5,27
-15,48.5,27
-14,48.5,27
-13,48.5,27
-12,48.5,27
-11,48.5,106
-10,48.5,106
-9,48.5,106
-8,48.5,106
-7,48.5,106
-6,48.5,106
-5,48.5,106
141,48.5,107
142,48.5,107
143,48.5,102
144,48.5,102
145,48.5,102
146,48.5,102
147,48.5,102
148,48.5,102
149,48.5,102
150,48.5,102
151,48.5,102
152,48.5,102
153,48.5,102
154,48.5,108
155,48.5,108
156,48.5,108
157,48.5,108
158,48.5,108
159,48.5,61
160,48.5,61
161,48.5,61
162,48.5,61
163,48.5,61
164,48.5,61
165,48.5,61
166,48.5,61
167,48.5,61
168,48.5,61
169,48.5,61
170,48.5,61
171,48.5,61
172,48.5,61
173,48.5,61
174,48.5,61
175,48.5,61
176,48.5,61
177,48.5,61
178,48.5,61
179,48.5,61
-179,47.5,61
-178,47.5,61
-177,47.5,61
-176,47.5,61
-175,47.5,61
-174,47.5,67
-173,47.5,67
-172,47.5,67
-171,47.5,67
-170,47.5,67
-169,47.5,67
-168,47.5,67
-167,47.5,67
-166,47.5,67
-165,47.5,67
-164,47.5,67
-163,47.5,67
-162,47.5,67
-161,47.5,67
-160,47.5,67
-159,47.5,67
-158,47.5,67
-157,47.5,67
-156,47.5,67
-155,47.5,67
-154,47.5,67
-153,47.5,67
-152,47.5,67
-151,47.5,67
-150,47.5,67
-149,47.5,67
-148,47.5,67
-147,47.5,67
-146,47.5,67
-145,47.5,67
-144,47.5,67
-143,47.5,67
-142,47.5,67
-141,47.5,67
-140,47.5,67
-139,47.5,67
-138,47.5,67
-137,47.5,67
-136,47.5,67
-135,47.5,67
-134,47.5,67
-133,47.5,104
-132,47.5,104
-131,47.5,104
-130,47.5,104
-129,47.5,104
-128,47.5,104
-127,47.5,104
-126,47.5,104
-125,47.5,110
-70,47.5,105
-64,47.5,109
-63,47.5,109
-62,47.5,109
-61,47.5,109
-60,47.5,109
-59,47.5,105
-58,47.5,105
-57,47.5,105
-56,47.5,105
-55,47.5,105
-54,47.5,105
-52,47.5,105
-51,47.5,105
-50,47.5,105
-49,47.5,105
-48,47.5,105
-47,47.5,105
-46,47.5,105
-45,47.5,105
-44,47.5,105
-43,47.5,21
-42,47.5,21
-41,47.5,27
-40,47.5,27
-39,47.5,27
-38,47.5,27
-37,47.5,27
-36,47.5,27
-35,47.5,27
-34,47.5,27
-33,47.5,27
-32,47.5,27
-31,47.5,27
-30,47.5,27
-29,47.5,27
-28,47.5,27
-27,47.5,27
-26,47.5,27
-25,47.5,27
-24,47.5,27
-23,47.5,27
-22,47.5,27
-21,47.5,27
-20,47.5,27
-19,47.5,27
-18,47.5,27
-17,47.5,27
-16,47.5,27
-15,47.5,27
-14,47.5,27
-13,47.5,27
-12,47.5,27
-11,47.5,106
-10,47.5,106
-9,47.5,106
-8,47.5,106
-7,47.5,106
-6,47.5,106
-5,47.5,106
-4,47.5,106
-3,47.5,106
140,47.5,107
141,47.5,107
143,47.5,102
144,47.5,102
145,47.5,102
146,47.5,102
147,47.5,102
148,47.5,102
149,47.5,102
150,47.5,102
151,47.5,102
152,47.5,102
153,47.5,108
154,47.5,108
155,47.5,108
156,47.5,108
157,47.5,108
158,47.5,61
159,47.5,61
160,47.5,61
161,47.5,61
162,47.5,61
163,47.5,61
164,47.5,61
165,47.5,61
166,47.5,61
167,47.5,61
168,47.5,61
169,47.5,61
170,47.5,61
171,47.5,61
172,47.5,61
173,47.5,61
174,47.5,61
175,47.5,61
176,47.5,61
177,47.5,61
178,47.5,61
179,47.5,61
-179,46.5,61
-178,46.5,61
-177,46.5,61
-176,46.5,61
-175,46.5,61
-174,46.5,67
-173,46.5,67
-172,46.5,67
-171,46.5,67
-170,46.5,67
-169,46.5,67
-168,46.5,67
-167,46.5,67
-166,46.5,67
-165,46.5,67
-164,46.5,67
-163,46.5,67
-162,46.5,67
-161,46.5,67
-160,46.5,67
-159,46.5,67
-158,46.5,67
-157,46.5,67
-156,46.5,67
-155,46.5,67
-154,46.5,67
-153,46.5,67
-152,46.5,67
-151,46.5,67
-150,46.5,67
-149,46.5,67
-148,46.5,67
-147,46.5,67
-146,46.5,67
-145,46.5,67
-144,46.5,67
-143,46.5,67
-142,46.5,67
-141,46.5,67
-140,46.5,67
-139,46.5,67
-138,46.5,67
-137,46.5,67
-136,46.5,67
-135,46.5,67
-134,46.5,67
-133,46.5,67
-132,46.5,104
-131,46.5,104
-130,46.5,104
-129,46.5,104
-128,46.5,104
-127,46.5,104
-126,46.5,110
-125,46.5,110
-124,46.5,110
-63,46.5,109
-62,46.5,109
-60,46.5,109
-59,46.5,109
-58,46.5,109
-57,46.5,105
-56,46.5,105
-55,46.5,105
-54,46.5,105
-53,46.5,105
-52,46.5,105
-51,46.5,105
-50,46.5,105
-49,46.5,105
-48,46.5,105
-47,46.5,105
-46,46.5,105
-45,46.5,105
-44,46.5,21
-43,46.5,21
-42,46.5,21
-41,46.5,27
-40,46.5,27
-39,46.5,27
-38,46.5,27
-37,46.5,27
-36,46.5,27
-35,46.5,27
-34,46.5,27
-33,46.5,27
-32,46.5,27
-31,46.5,27
-30,46.5,27
-29,46.5,27
-28,46.5,27
-27,46.5,27
-26,46.5,27
-25,46.5,27
-24,46.5,27
-23,46.5,27
-22,46.5,27
-21,46.5,27
-20,46.5,27
-19,46.5,27
-18,46.5,27
-17,46.5,27
-16,46.5,27
-15,46.5,27
-14,46.5,27
-13,46.5,27
-12,46.5,27
-11,46.5,27
-10,46.5,27
-9,46.5,27
-8,46.5,27
-7,46.5,27
-6,46.5,27
-5,46.5,27
-4,46.5,106
-3,46.5,106
-2,46.5,106
31,46.5,111
36,46.5,111
37,46.5,111
139,46.5,107
140,46.5,107
141,46.5,107
143,46.5,102
144,46.5,102
145,46.5,102
146,46.5,102
147,46.5,102
148,46.5,102
149,46.5,102
150,46.5,102
151,46.5,108
152,46.5,108
153,46.5,108
154,46.5,108
155,46.5,108
156,46.5,108
157,46.5,61
158,46.5,61
159,46.5,61
160,46.5,61
161,46.5,61
162,46.5,61
163,46.5,61
164,46.5,61
165,46.5,61
166,46.5,61
167,46.5,61
168,46.5,61
169,46.5,61
170,46.5,61
171,46.5,61
172,46.5,61
173,46.5,61
174,46.5,61
175,46.5,61
176,46.5,61
177,46.5,61
178,46.5,61
179,46.5,61
-179,45.5,61
-178,45.5,61
-177,45.5,61
-176,45.5,61
-175,45.5,61
-174,45.5,67
-173,45.5,67
-172,45.5,67
-171,45.5,67
-170,45.5,67
-169,45.5,67
-168,45.5,67
-167,45.5,67
-166,45.5,67
-165,45.5,67
-164,45.5,67
-163,45.5,67
-162,45.5,67
-161,45.5,67
-160,45.5,67
-159,45.5,67
-158,45.5,67
-157,45.5,67
-156,45.5,67
-155,45.5,67
-154,45.5,67
-153,45.5,67
-152,45.5,67
-151,45.5,67
-150,45.5,67
-149,45.5,67
-148,45.5,67
-147,45.5,67
-146,45.5,67
-145,45.5,67
-144,45.5,67
-143,45.5,67
-142,45.5,67
-141,45.5,67
-140,45.5,67
-139,45.5,67
-138,45.5,67
-137,45.5,67
-136,45.5,67
-135,45.5,67
-134,45.5,67
-133,45.5,67
-132,45.5,104
-131,45.5,104
-130,45.5,104
-129,45.5,104
-128,45.5,110
-127,45.5,110
-126,45.5,110
-125,45.5,110
-124,45.5,110
-65,45.5,112
-60,45.5,109
-59,45.5,109
-58,45.5,109
-57,45.5,109
-56,45.5,105
-55,45.5,105
-54,45.5,105
-53,45.5,105
-52,45.5,105
-51,45.5,105
-50,45.5,105
-49,45.5,105
-48,45.5,21
-47,45.5,21
-46,45.5,21
-45,45.5,21
-44,45.5,21
-43,45.5,21
-42,45.5,21
-41,45.5,27
-40,45.5,27
-39,45.5,27
-38,45.5,27
-37,45.5,27
-36,45.5,27
-35,45.5,27
-34,45.5,27
-33,45.5,27
-32,45.5,27
-31,45.5,27
-30,45.5,27
-29,45.5,27
-28,45.5,27
-27,45.5,27
-26,45.5,27
-25,45.5,27
-24,45.5,27
-23,45.5,27
-22,45.5,27
-21,45.5,27
-20,45.5,27
-19,45.5,27
-18,45.5,27
-17,45.5,27
-16,45.5,27
-15,45.5,27
-14,45.5,27
-13,45.5,27
-12,45.5,27
-11,45.5,27
-10,45.5,27
-9,45.5,27
-8,45.5,27
-7,45.5,27
-6,45.5,27
-5,45.5,27
-4,45.5,27
-3,45.5,106
-2,45.5,106
-1,45.5,106
13,45.5,113
30,45.5,111
31,45.5,111
32,45.5,111
36,45.5,111
37,45.5,111
138,45.5,107
139,45.5,107
140,45.5,107
141,45.5,107
142,45.5,102
143,45.5,102
144,45.5,102
145,45.5,102
146,45.5,102
147,45.5,102
148,45.5,102
149,45.5,108
150,45.5,108
151,45.5,108
152,45.5,108
153,45.5,108
154,45.5,108
155,45.5,108
156,45.5,108
157,45.5,61
158,45.5,61
159,45.5,61
160,45.5,61
161,45.5,61
162,45.5,61
163,45.5,61
164,45.5,61
165,45.5,61
166,45.5,61
167,45.5,61
168,45.5,61
169,45.5,61
170,45.5,61
171,45.5,61
172,45.5,61
173,45.5,61
174,45.5,61
175,45.5,61
176,45.5,61
177,45.5,61
178,45.5,61
179,45.5,61
-179,44.5,61
-178,44.5,61
-177,44.5,61
-176,44.5,61
-175,44.5,61
-174,44.5,67
-173,44.5,67
-172,44.5,67
-171,44.5,67
-170,44.5,67
-169,44.5,67
-168,44.5,67
-167,44.5,67
-166,44.5,67
-165,44.5,67
-164,44.5,67
-163,44.5,67
-162,44.5,67
-161,44.5,67
-160,44.5,67
-159,44.5,67
-158,44.5,67
-157,44.5,67
-156,44.5,67
-155,44.5,67
-154,44.5,67
-153,44.5,67
-152,44.5,67
-151,44.5,67
-150,44.5,67
-149,44.5,67
-148,44.5,67
-147,44.5,67
-146,44.5,67
-145,44.5,67
-144,44.5,67
-143,44.5,67
-142,44.5,67
-141,44.5,67
-140,44.5,67
-139,44.5,67
-138,44.5,67
-137,44.5,67
-136,44.5,67
-135,44.5,67
-134,44.5,67
-133,44.5,67
-132,44.5,104
-131,44.5,104
-130,44.5,110
-129,44.5,110
-128,44.5,110
-127,44.5,110
-126,44.5,110
-125,44.5,110
-67,44.5,112
-66,44.5,109
-64,44.5,109
-63,44.5,109
-62,44.5,109
-61,44.5,109
-60,44.5,109
-59,44.5,109
-58,44.5,109
-57,44.5,109
-56,44.5,21
-55,44.5,21
-54,44.5,21
-53,44.5,105
-52,44.5,105
-51,44.5,105
-50,44.5,105
-49,44.5,105
-48,44.5,21
-47,44.5,21
-46,44.5,21
-45,44.5,21
-44,44.5,21
-43,44.5,21
-42,44.5,21
-41,44.5,27
-40,44.5,27
-39,44.5,27
-38,44.5,27
-37,44.5,27
-36,44.5,27
-35,44.5,27
-34,44.5,27
-33,44.5,27
-32,44.5,27
-31,44.5,27
-30,44.5,27
-29,44.5,27
-28,44.5,27
-27,44.5,27
-26,44.5,27
-25,44.5,27
-24,44.5,27
-23,44.5,27
-22,44.5,27
-21,44.5,27
-20,44.5,27
-19,44.5,27
-18,44.5,27
-17,44.5,27
-16,44.5,27
-15,44.5,27
-14,44.5,27
-13,44.5,27
-12,44.5,27
-11,44.5,27
-10,44.5,27
-9,44.5,114
-8,44.5,114
-7,44.5,114
-6,44.5,114
-5,44.5,114
-4,44.5,114
-3,44.5,114
-2,44.5,106
13,44.5,113
14,44.5,113
15,44.5,113
29,44.5,111
30,44.5,111
31,44.5,111
32,44.5,111
33,44.5,111
35,44.5,111
36,44.5,111
37,44.5,111
38,44.5,111
137,44.5,107
138,44.5,107
139,44.5,107
140,44.5,107
141,44.5,107
144,44.5,102
145,44.5,102
146,44.5,102
148,44.5,108
149,44.5,108
150,44.5,108
151,44.5,108
152,44.5,108
153,44.5,108
154,44.5,108
155,44.5,108
156,44.5,61
157,44.5,61
158,44.5,61
159,44.5,61
160,44.5,61
161,44.5,61
162,44.5,61
163,44.5,61
164,44.5,61
165,44.5,61
166,44.5,61
167,44.5,61
168,44.5,61
169,44.5,61
170,44.5,61
171,44.5,61
172,44.5,61
173,44.5,61
174,44.5,61
175,44.5,61
176,44.5,61
177,44.5,61
178,44.5,61
179,44.5,61
-179,43.5,61
-178,43.5,61
-177,43.5,61
-176,43.5,61
-175,43.5,61
-174,43.5,67
-173,43.5,67
-172,43.5,67
-171,43.5,67
-170,43.5,67
-169,43.5,67
-168,43.5,67
-167,43.5,67
-166,43.5,67
-165,43.5,67
-164,43.5,67
-163,43.5,67
-162,43.5,67
-161,43.5,67
-160,43.5,67
-159,43.5,67
-158,43.5,67
-157,43.5,67
-156,43.5,67
-155,43.5,67
-154,43.5,67
-153,43.5,67
-152,43.5,67
-151,43.5,67
-150,43.5,67
-149,43.5,67
-148,43.5,67
-147,43.5,67
-146,43.5,67
-145,43.5,67
-144,43.5,67
-143,43.5,67
-142,43.5,67
-141,43.5,67
-140,43.5,67
-139,43.5,67
-138,43.5,67
-137,43.5,67
-136,43.5,67
-135,43.5,67
-134,43.5,67
-133,43.5,67
-132,43.5,104
-131,43.5,110
-130,43.5,110
-129,43.5,110
-128,43.5,110
-127,43.5,110
-126,43.5,110
-125,43.5,110
-70,43.5,112
-69,43.5,112
-68,43.5,112
-67,43.5,112
-66,43.5,109
-65,43.5,109
-64,43.5,109
-63,43.5,109
-62,43.5,109
-61,43.5,109
-60,43.5,109
-59,43.5,21
-58,43.5,21
-57,43.5,21
-56,43.5,21
-55,43.5,21
-54,43.5,21
-53,43.5,21
-52,43.5,105
-51,43.5,105
-50,43.5,105
-49,43.5,21
-48,43.5,21
-47,43.5,21
-46,43.5,21
-45,43.5,21
-44,43.5,21
-43,43.5,21
-42,43.5,21
-41,43.5,27
-40,43.5,27
-39,43.5,27
-38,43.5,27
-37,43.5,27
-36,43.5,27
-35,43.5,27
-34,43.5,27
-33,43.5,27
-32,43.5,27
-31,43.5,27
-30,43.5,27
-29,43.5,27
-28,43.5,27
-27,43.5,27
-26,43.5,27
-25,43.5,27
-24,43.5,27
-23,43.5,27
-22,43.5,27
-21,43.5,27
-20,43.5,27
-19,43.5,27
-18,43.5,27
-17,43.5,27
-16,43.5,27
-15,43.5,27
-14,43.5,27
-13,43.5,27
-12,43.5,27
-11,43.5,114
-10,43.5,114
-9,43.5,114
-5,43.5,114
-4,43.5,114
-3,43.5,114
-2,43.5,114
4,43.5,113
7,43.5,113
8,43.5,113
9,43.5,113
10,43.5,113
14,43.5,113
15,43.5,113
29,43.5,111
30,43.5,111
31,43.5,111
32,43.5,111
33,43.5,111
34,43.5,111
35,43.5,111
36,43.5,111
37,43.5,111
38,43.5,111
39,43.5,111
136,43.5,107
137,43.5,107
138,43.5,107
139,43.5,107
140,43.5,107
141,43.5,107
146,43.5,108
147,43.5,108
148,43.5,108
149,43.5,108
150,43.5,108
151,43.5,108
152,43.5,108
153,43.5,108
154,43.5,108
155,43.5,61
156,43.5,61
157,43.5,61
158,43.5,61
159,43.5,61
160,43.5,61
161,43.5,61
162,43.5,61
163,43.5,61
164,43.5,61
165,43.5,61
166,43.5,61
167,43.5,61
168,43.5,61
169,43.5,61
170,43.5,61
171,43.5,61
172,43.5,61
173,43.5,61
174,43.5,61
175,43.5,61
176,43.5,61
177,43.5,61
178,43.5,61
179,43.5,61
-179,42.5,61
-178,42.5,61
-177,42.5,61
-176,42.5,61
-175,42.5,61
-174,42.5,67
-173,42.5,67
-172,42.5,67
-171,42.5,67
-170,42.5,67
-169,42.5,67
-168,42.5,67
-167,42.5,67
-166,42.5,67
-165,42.5,67
-164,42.5,67
-163,42.5,67
-162,42.5,67
-161,42.5,67
-160,42.5,67
-159,42.5,67
-158,42.5,67
-157,42.5,67
-156,42.5,67
-155,42.5,67
-154,42.5,67
-153,42.5,67
-152,42.5,67
-151,42.5,67
-150,42.5,67
-149,42.5,67
-148,42.5,67
-147,42.5,67
-146,42.5,67
-145,42.5,67
-144,42.5,67
-143,42.5,67
-142,42.5,67
-141,42.5,67
-140,42.5,67
-139,42.5,67
-138,42.5,67
-137,42.5,67
-136,42.5,67
-135,42.5,67
-134,42.5,67
-133,42.5,67
-132,42.5,110
-131,42.5,110
-130,42.5,110
-129,42.5,110
-128,42.5,110
-127,42.5,110
-126,42.5,110
-125,42.5,110
-70,42.5,112
-69,42.5,112
-68,42.5,112
-67,42.5,112
-66,42.5,112
-65,42.5,109
-64,42.5,21
-63,42.5,21
-62,42.5,21
-61,42.5,21
-60,42.5,21
-59,42.5,21
-58,42.5,21
-57,42.5,21
-56,42.5,21
-55,42.5,21
-54,42.5,21
-53,42.5,21
-52,42.5,21
-51,42.5,21
-50,42.5,21
-49,42.5,21
-48,42.5,21
-47,42.5,21
-46,42.5,21
-45,42.5,21
-44,42.5,21
-43,42.5,21
-42,42.5,21
-41,42.5,27
-40,42.5,27
-39,42.5,27
-38,42.5,27
-37,42.5,27
-36,42.5,27
-35,42.5,27
-34,42.5,27
-33,42.5,27
-32,42.5,27
-31,42.5,27
-30,42.5,27
-29,42.5,27
-28,42.5,27
-27,42.5,27
-26,42.5,27
-25,42.5,27
-24,42.5,27
-23,42.5,27
-22,42.5,27
-21,42.5,27
-20,42.5,27
-19,42.5,27
-18,42.5,27
-17,42.5,27
-16,42.5,27
-15,42.5,27
-14,42.5,27
-13,42.5,27
-12,42.5,27
-11,42.5,114
-10,42.5,114
-9,42.5,114
4,42.5,113
5,42.5,113
6,42.5,113
7,42.5,113
8,42.5,113
10,42.5,113
11,42.5,113
15,42.5,113
16,42.5,113
17,42.5,113
18,42.5,113
28,42.5,111
29,42.5,111
30,42.5,111
31,42.5,111
32,42.5,111
33,42.5,111
34,42.5,111
35,42.5,111
36,42.5,111
37,42.5,111
38,42.5,111
39,42.5,111
40,42.5,111
41,42.5,111
131,42.5,107
132,42.5,107
133,42.5,107
134,42.5,107
135,42.5,107
136,42.5,107
137,42.5,107
138,42.5,107
139,42.5,107
144,42.5,108
145,42.5,108
146,42.5,108
147,42.5,108
148,42.5,108
149,42.5,108
150,42.5,108
151,42.5,108
152,42.5,61
153,42.5,61
154,42.5,61
155,42.5,61
156,42.5,61
157,42.5,61
158,42.5,61
159,42.5,61
160,42.5,61
161,42.5,61
162,42.5,61
163,42.5,61
164,42.5,61
165,42.5,61
166,42.5,61
167,42.5,61
168,42.5,61
169,42.5,61
170,42.5,61
171,42.5,61
172,42.5,61
173,42.5,61
174,42.5,61
175,42.5,61
176,42.5,61
177,42.5,61
178,42.5,61
179,42.5,61
-179,41.5,61
-178,41.5,61
-177,41.5,61
-176,41.5,61
-175,41.5,61
-174,41.5,67
-173,41.5,67
-172,41.5,67
-171,41.5,67
-170,41.5,67
-169,41.5,67
-168,41.5,67
-167,41.5,67
-166,41.5,67
-165,41.5,67
-164,41.5,67
-163,41.5,67
-162,41.5,67
-161,41.5,67
-160,41.5,67
-159,41.5,67
-158,41.5,67
-157,41.5,67
-156,41.5,67
-155,41.5,67
-154,41.5,67
-153,41.5,67
-152,41.5,67
-151,41.5,67
-150,41.5,67
-149,41.5,67
-148,41.5,67
-147,41.5,67
-146,41.5,67
-145,41.5,67
-144,41.5,67
-143,41.5,67
-142,41.5,67
-141,41.5,67
-140,41.5,67
-139,41.5,67
-138,41.5,67
-137,41.5,67
-136,41.5,67
-135,41.5,67
-134,41.5,67
-133,41.5,67
-132,41.5,67
-131,41.5,110
-130,41.5,110
-129,41.5,110
-128,41.5,110
-127,41.5,110
-126,41.5,110
-125,41.5,110
-71,41.5,112
-70,41.5,112
-69,41.5,112
-68,41.5,112
-67,41.5,112
-66,41.5,112
-65,41.5,21
-64,41.5,21
-63,41.5,21
-62,41.5,21
-61,41.5,21
-60,41.5,21
-59,41.5,21
-58,41.5,21
-57,41.5,21
-56,41.5,21
-55,41.5,21
-54,41.5,21
-53,41.5,21
-52,41.5,21
-51,41.5,21
-50,41.5,21
-49,41.5,21
-48,41.5,21
-47,41.5,21
-46,41.5,21
-45,41.5,21
-44,41.5,21
-43,41.5,21
-42,41.5,21
-41,41.5,27
-40,41.5,27
-39,41.5,27
-38,41.5,27
-37,41.5,27
-36,41.5,27
-35,41.5,27
-34,41.5,27
-33,41.5,27
-32,41.5,27
-31,41.5,27
-30,41.5,27
-29,41.5,27
-28,41.5,27
-27,41.5,27
-26,41.5,27
-25,41.5,27
-24,41.5,27
-23,41.5,27
-22,41.5,27
-21,41.5,27
-20,41.5,27
-19,41.5,27
-18,41.5,27
-17,41.5,27
-16,41.5,27
-15,41.5,27
-14,41.5,27
-13,41.5,27
-12,41.5,114
-11,41.5,114
-10,41.5,114
-9,41.5,114
3,41.5,113
4,41.5,113
5,41.5,113
6,41.5,113
7,41.5,113
8,41.5,113
10,41.5,113
11,41.5,113
12,41.5,113
16,41.5,113
17,41.5,113
18,41.5,113
19,41.5,113
29,41.5,111
30,41.5,111
31,41.5,111
37,41.5,111
38,41.5,111
39,41.5,111
40,41.5,111
41,41.5,111
130,41.5,107
131,41.5,107
132,41.5,107
133,41.5,107
134,41.5,107
135,41.5,107
136,41.5,107
137,41.5,107
138,41.5,107
139,41.5,107
140,41.5,107
141,41.5,115
142,41.5,115
143,41.5,115
144,41.5,108
145,41.5,108
146,41.5,108
147,41.5,108
148,41.5,108
149,41.5,108
150,41.5,61
151,41.5,61
152,41.5,61
153,41.5,61
154,41.5,61
155,41.5,61
156,41.5,61
157,41.5,61
158,41.5,61
159,41.5,61
160,41.5,61
161,41.5,61
162,41.5,61
163,41.5,61
164,41.5,61
165,41.5,61
166,41.5,61
167,41.5,61
168,41.5,61
169,41.5,61
170,41.5,61
171,41.5,61
172,41.5,61
173,41.5,61
174,41.5,61
175,41.5,61
176,41.5,61
177,41.5,61
178,41.5,61
179,41.5,61
-179,40.5,61
-178,40.5,61
-177,40.5,61
-176,40.5,61
-175,40.5,61
-174,40.5,67
-173,40.5,67
-172,40.5,67
-171,40.5,67
-170,40.5,67
-169,40.5,67
-168,40.5,67
-167,40.5,67
-166,40.5,67
-165,40.5,67
-164,40.5,67
-163,40.5,67
-162,40.5,67
-161,40.5,67
-160,40.5,67
-159,40.5,67
-158,40.5,67
-157,40.5,67
-156,40.5,67
-155,40.5,67
-154,40.5,67
-153,40.5,67
-152,40.5,67
-151,40.5,67
-150,40.5,67
-149,40.5,67
-148,40.5,67
-147,40.5,67
-146,40.5,67
-145,40.5,67
-144,40.5,67
-143,40.5,67
-142,40.5,67
-141,40.5,67
-140,40.5,67
-139,40.5,67
-138,40.5,67
-137,40.5,67
-136,40.5,67
-135,40.5,67
-134,40.5,67
-133,40.5,67
-132,40.5,67
-131,40.5,110
-130,40.5,110
-129,40.5,110
-128,40.5,110
-127,40.5,110
-126,40.5,110
-125,40.5,110
-74,40.5,112
-73,40.5,112
-72,40.5,112
-71,40.5,112
-70,40.5,112
-69,40.5,112
-68,40.5,112
-67,40.5,112
-66,40.5,21
-65,40.5,21
-64,40.5,21
-63,40.5,21
-62,40.5,21
-61,40.5,21
-60,40.5,21
-59,40.5,21
-58,40.5,21
-57,40.5,21
-56,40.5,21
-55,40.5,21
-54,40.5,21
-53,40.5,21
-52,40.5,21
-51,40.5,21
-50,40.5,21
-49,40.5,21
-48,40.5,21
-47,40.5,21
-46,40.5,21
-45,40.5,21
-44,40.5,21
-43,40.5,21
-42,40.5,21
-41,40.5,27
-40,40.5,27
-39,40.5,27
-38,40.5,27
-37,40.5,27
-36,40.5,27
-35,40.5,27
-34,40.5,27
-33,40.5,27
-32,40.5,27
-31,40.5,27
-30,40.5,27
-29,40.5,27
-28,40.5,27
-27,40.5,27
-26,40.5,27
-25,40.5,27
-24,40.5,27
-23,40.5,27
-22,40.5,27
-21,40.5,27
-20,40.5,27
-19,40.5,27
-18,40.5,27
-17,40.5,27
-16,40.5,27
-15,40.5,27
-14,40.5,27
-13,40.5,27
-12,40.5,114
-11,40.5,114
-10,40.5,114
-9,40.5,114
1,40.5,113
2,40.5,113
3,40.5,113
4,40.5,113
5,40.5,113
6,40.5,113
7,40.5,113
8,40.5,113
10,40.5,113
11,40.5,113
12,40.5,113
13,40.5,113
14,40.5,113
19,40.5,113
24,40.5,113
25,40.5,113
26,40.5,113
27,40.5,113
28,40.5,113
121,40.5,116
122,40.5,116
130,40.5,107
131,40.5,107
132,40.5,107
133,40.5,107
134,40.5,107
135,40.5,107
136,40.5,107
137,40.5,107
138,40.5,107
139,40.5,107
142,40.5,115
143,40.5,115
144,40.5,115
145,40.5,115
146,40.5,115
147,40.5,61
148,40.5,61
149,40.5,61
150,40.5,61
151,40.5,61
152,40.5,61
153,40.5,61
154,40.5,61
155,40.5,61
156,40.5,61
157,40.5,61
158,40.5,61
159,40.5,61
160,40.5,61
161,40.5,61
162,40.5,61
163,40.5,61
164,40.5,61
165,40.5,61
166,40.5,61
167,40.5,61
168,40.5,61
169,40.5,61
170,40.5,61
171,40.5,61
172,40.5,61
173,40.5,61
174,40.5,61
175,40.5,61
176,40.5,61
177,40.5,61
178,40.5,61
179,40.5,61
-179,39.5,61
-178,39.5,61
-177,39.5,61
-176,39.5,61
-175,39.5,61
-174,39.5,77
-173,39.5,77
-172,39.5,77
-171,39.5,77
-170,39.5,77
-169,39.5,77
-168,39.5,77
-167,39.5,77
-166,39.5,77
-165,39.5,77
-164,39.5,77
-163,39.5,77
-162,39.5,77
-161,39.5,77
-160,39.5,77
-159,39.5,77
-158,39.5,77
-157,39.5,77
-156,39.5,77
-155,39.5,77
-154,39.5,77
-153,39.5,77
-152,39.5,77
-151,39.5,77
-150,39.5,77
-149,39.5,77
-148,39.5,77
-147,39.5,77
-146,39.5,77
-145,39.5,77
-144,39.5,77
-143,39.5,77
-142,39.5,77
-141,39.5,77
-140,39.5,77
-139,39.5,77
-138,39.5,77
-137,39.5,77
-136,39.5,77
-135,39.5,77
-134,39.5,77
-133,39.5,77
-132,39.5,77
-131,39.5,110
-130,39.5,110
-129,39.5,110
-128,39.5,110
-127,39.5,110
-126,39.5,110
-125,39.5,110
-124,39.5,110
-76,39.5,112
-74,39.5,112
-73,39.5,112
-72,39.5,112
-71,39.5,21
-70,39.5,21
-69,39.5,21
-68,39.5,21
-67,39.5,21
-66,39.5,21
-65,39.5,21
-64,39.5,21
-63,39.5,21
-62,39.5,21
-61,39.5,21
-60,39.5,21
-59,39.5,21
-58,39.5,21
-57,39.5,21
-56,39.5,21
-55,39.5,21
-54,39.5,21
-53,39.5,21
-52,39.5,21
-51,39.5,21
-50,39.5,21
-49,39.5,21
-48,39.5,21
-47,39.5,21
-46,39.5,21
-45,39.5,21
-44,39.5,21
-43,39.5,21
-42,39.5,21
-41,39.5,27
-40,39.5,27
-39,39.5,27
-38,39.5,27
-37,39.5,27
-36,39.5,27
-35,39.5,27
-34,39.5,27
-33,39.5,27
-32,39.5,27
-31,39.5,27
-30,39.5,27
-29,39.5,27
-28,39.5,27
-27,39.5,27
-26,39.5,27
-25,39.5,27
-24,39.5,27
-23,39.5,27
-22,39.5,27
-21,39.5,27
-20,39.5,27
-19,39.5,27
-18,39.5,27
-17,39.5,27
-16,39.5,27
-15,39.5,27
-14,39.5,27
-13,39.5,27
-12,39.5,114
-11,39.5,114
-10,39.5,114
0,39.5,113
1,39.5,113
2,39.5,113
4,39.5,113
5,39.5,113
6,39.5,113
7,39.5,113
8,39.5,113
10,39.5,113
11,39.5,113
12,39.5,113
13,39.5,113
14,39.5,113
15,39.5,113
17,39.5,113
18,39.5,113
19,39.5,113
20,39.5,113
24,39.5,113
25,39.5,113
26,39.5,113
120,39.5,116
121,39.5,116
123,39.5,116
124,39.5,116
125,39.5,116
128,39.5,107
129,39.5,107
130,39.5,107
131,39.5,107
132,39.5,107
133,39.5,107
134,39.5,107
135,39.5,107
136,39.5,107
137,39.5,107
138,39.5,107
139,39.5,107
140,39.5,107
143,39.5,115
144,39.5,115
145,39.5,115
146,39.5,115
147,39.5,61
148,39.5,61
149,39.5,61
150,39.5,61
151,39.5,61
152,39.5,61
153,39.5,61
154,39.5,61
155,39.5,61
156,39.5,61
157,39.5,61
158,39.5,61
159,39.5,61
160,39.5,61
161,39.5,61
162,39.5,61
163,39.5,61
164,39.5,61
165,39.5,61
166,39.5,61
167,39.5,61
168,39.5,61
169,39.5,61
170,39.5,61
171,39.5,61
172,39.5,61
173,39.5,61
174,39.5,61
175,39.5,61
176,39.5,61
177,39.5,61
178,39.5,61
179,39.5,61
-179,38.5,61
-178,38.5,61
-177,38.5,61
-176,38.5,61
-175,38.5,61
-174,38.5,77
-173,38.5,77
-172,38.5,77
-171,38.5,77
-170,38.5,77
-169,38.5,77
-168,38.5,77
-167,38.5,77
-166,38.5,77
-165,38.5,77
-164,38.5,77
-163,38.5,77
-162,38.5,77
-161,38.5,77
-160,38.5,77
-159,38.5,77
-158,38.5,77
-157,38.5,77
-156,38.5,77
-155,38.5,77
-154,38.5,77
-153,38.5,77
-152,38.5,77
-151,38.5,77
-150,38.5,77
-149,38.5,77
-148,38.5,77
-147,38.5,77
-146,38.5,77
-145,38.5,77
-144,38.5,77
-143,38.5,77
-142,38.5,77
-141,38.5,77
-140,38.5,77
-139,38.5,77
-138,38.5,77
-137,38.5,77
-136,38.5,77
-135,38.5,77
-134,38.5,77
-133,38.5,77
-132,38.5,77
-131,38.5,110
-130,38.5,110
-129,38.5,110
-128,38.5,110
-127,38.5,110
-126,38.5,110
-125,38.5,110
-124,38.5,110
-75,38.5,112
-74,38.5,112
-73,38.5,21
-72,38.5,21
-71,38.5,21
-70,38.5,21
-69,38.5,21
-68,38.5,21
-67,38.5,21
-66,38.5,21
-65,38.5,21
-64,38.5,21
-63,38.5,21
-62,38.5,21
-61,38.5,21
-60,38.5,21
-59,38.5,21
-58,38.5,21
-57,38.5,21
-56,38.5,21
-55,38.5,21
-54,38.5,21
-53,38.5,21
-52,38.5,21
-51,38.5,21
-50,38.5,21
-49,38.5,21
-48,38.5,21
-47,38.5,21
-46,38.5,21
-45,38.5,21
-44,38.5,21
-43,38.5,21
-42,38.5,21
-41,38.5,27
-40,38.5,27
-39,38.5,27
-38,38.5,27
-37,38.5,27
-36,38.5,27
-35,38.5,27
-34,38.5,27
-33,38.5,27
-32,38.5,27
-31,38.5,27
-30,38.5,27
-29,38.5,27
-28,38.5,27
-27,38.5,27
-26,38.5,27
-25,38.5,27
-24,38.5,27
-23,38.5,27
-22,38.5,27
-21,38.5,27
-20,38.5,27
-19,38.5,27
-18,38.5,27
-17,38.5,27
-16,38.5,27
-15,38.5,27
-14,38.5,27
-13,38.5,27
-12,38.5,27
-11,38.5,114
-10,38.5,114
0,38.5,113
1,38.5,113
2,38.5,113
3,38.5,113
4,38.5,113
5,38.5,113
6,38.5,113
7,38.5,113
8,38.5,113
9,38.5,113
10,38.5,113
11,38.5,113
12,38.5,113
13,38.5,113
14,38.5,113
15,38.5,113
17,38.5,113
18,38.5,113
19,38.5,113
20,38.5,113
21,38.5,113
25,38.5,113
118,38.5,116
119,38.5,116
120,38.5,116
121,38.5,116
122,38.5,116
123,38.5,116
124,38.5,116
125,38.5,116
129,38.5,107
130,38.5,107
131,38.5,107
132,38.5,107
133,38.5,107
134,38.5,107
135,38.5,107
136,38.5,107
137,38.5,107
138,38.5,107
139,38.5,107
142,38.5,115
143,38.5,115
144,38.5,115
145,38.5,115
146,38.5,61
147,38.5,61
148,38.5,61
149,38.5,61
150,38.5,61
151,38.5,61
152,38.5,61
153,38.5,61
154,38.5,61
155,38.5,61
156,38.5,61
157,38.5,61
158,38.5,61
159,38.5,61
160,38.5,61
161,38.5,61
162,38.5,61
163,38.5,61
164,38.5,61
165,38.5,61
166,38.5,61
167,38.5,61
168,38.5,61
169,38.5,61
170,38.5,61
171,38.5,61
172,38.5,61
173,38.5,61
174,38.5,61
175,38.5,61
176,38.5,61
177,38.5,61
178,38.5,61
179,38.5,61
-179,37.5,61
-178,37.5,61
-177,37.5,61
-176,37.5,61
-175,37.5,61
-174,37.5,77
-173,37.5,77
-172,37.5,77
-171,37.5,77
-170,37.5,77
-169,37.5,77
-168,37.5,77
-167,37.5,77
-166,37.5,77
-165,37.5,77
-164,37.5,77
-163,37.5,77
-162,37.5,77
-161,37.5,77
-160,37.5,77
-159,37.5,77
-158,37.5,77
-157,37.5,77
-156,37.5,77
-155,37.5,77
-154,37.5,77
-153,37.5,77
-152,37.5,77
-151,37.5,77
-150,37.5,77
-149,37.5,77
-148,37.5,77
-147,37.5,77
-146,37.5,77
-145,37.5,77
-144,37.5,77
-143,37.5,77
-142,37.5,77
-141,37.5,77
-140,37.5,77
-139,37.5,77
-138,37.5,77
-137,37.5,77
-136,37.5,77
-135,37.5,77
-134,37.5,77
-133,37.5,77
-132,37.5,77
-131,37.5,77
-130,37.5,110
-129,37.5,110
-128,37.5,110
-127,37.5,110
-126,37.5,110
-125,37.5,110
-124,37.5,110
-123,37.5,110
-76,37.5,112
-75,37.5,112
-74,37.5,21
-73,37.5,21
-72,37.5,21
-71,37.5,21
-70,37.5,21
-69,37.5,21
-68,37.5,21
-67,37.5,21
-66,37.5,21
-65,37.5,21
-64,37.5,21
-63,37.5,21
-62,37.5,21
-61,37.5,21
-60,37.5,21
-59,37.5,21
-58,37.5,21
-57,37.5,21
-56,37.5,21
-55,37.5,21
-54,37.5,21
-53,37.5,21
-52,37.5,21
-51,37.5,21
-50,37.5,21
-49,37.5,21
-48,37.5,21
-47,37.5,21
-46,37.5,21
-45,37.5,21
-44,37.5,21
-43,37.5,21
-42,37.5,21
-41,37.5,27
-40,37.5,27
-39,37.5,27
-38,37.5,27
-37,37.5,27
-36,37.5,27
-35,37.5,27
-34,37.5,27
-33,37.5,27
-32,37.5,27
-31,37.5,27
-30,37.5,27
-29,37.5,27
-28,37.5,27
-27,37.5,27
-26,37.5,27
-25,37.5,27
-24,37.5,27
-23,37.5,27
-22,37.5,27
-21,37.5,27
-20,37.5,27
-19,37.5,27
-18,37.5,27
-17,37.5,27
-16,37.5,27
-15,37.5,27
-14,37.5,27
-13,37.5,27
-12,37.5,27
-11,37.5,114
-10,37.5,114
-9,37.5,114
-1,37.5,113
0,37.5,113
1,37.5,113
2,37.5,113
3,37.5,113
4,37.5,113
5,37.5,113
6,37.5,113
7,37.5,113
8,37.5,113
9,37.5,113
10,37.5,113
11,37.5,113
12,37.5,113
13,37.5,113
16,37.5,113
17,37.5,113
18,37.5,113
19,37.5,113
20,37.5,113
21,37.5,113
24,37.5,113
25,37.5,113
26,37.5,113
27,37.5,113
119,37.5,116
120,37.5,116
122,37.5,116
123,37.5,116
124,37.5,116
125,37.5,116
126,37.5,116
130,37.5,107
131,37.5,107
132,37.5,107
133,37.5,107
134,37.5,107
135,37.5,107
136,37.5,107
137,37.5,107
138,37.5,107
142,37.5,115
143,37.5,115
144,37.5,115
145,37.5,115
146,37.5,61
147,37.5,61
148,37.5,61
149,37.5,61
150,37.5,61
151,37.5,61
152,37.5,61
153,37.5,61
154,37.5,61
155,37.5,61
156,37.5,61
157,37.5,61
158,37.5,61
159,37.5,61
160,37.5,61
161,37.5,61
162,37.5,61
163,37.5,61
164,37.5,61
165,37.5,61
166,37.5,61
167,37.5,61
168,37.5,61
169,37.5,61
170,37.5,61
171,37.5,61
172,37.5,61
173,37.5,61
174,37.5,61
175,37.5,61
176,37.5,61
177,37.5,61
178,37.5,61
179,37.5,61
-179,36.5,61
-178,36.5,61
-177,36.5,61
-176,36.5,61
-175,36.5,61
-174,36.5,77
-173,36.5,77
-172,36.5,77
-171,36.5,77
-170,36.5,77
-169,36.5,77
-168,36.5,77
-167,36.5,77
-166,36.5,77
-165,36.5,77
-164,36.5,77
-163,36.5,77
-162,36.5,77
-161,36.5,77
-160,36.5,77
-159,36.5,77
-158,36.5,77
-157,36.5,77
-156,36.5,77
-155,36.5,77
-154,36.5,77
-153,36.5,77
-152,36.5,77
-151,36.5,77
-150,36.5,77
-149,36.5,77
-148,36.5,77
-147,36.5,77
-146,36.5,77
-145,36.5,77
-144,36.5,77
-143,36.5,77
-142,36.5,77
-141,36.5,77
-140,36.5,77
-139,36.5,77
-138,36.5,77
-137,36.5,77
-136,36.5,77
-135,36.5,77
-134,36.5,77
-133,36.5,77
-132,36.5,77
-131,36.5,77
-130,36.5,77
-129,36.5,110
-128,36.5,110
-127,36.5,110
-126,36.5,110
-125,36.5,110
-124,36.5,110
-123,36.5,110
-122,36.5,110
-76,36.5,112
-75,36.5,112
-74,36.5,21
-73,36.5,21
-72,36.5,21
-71,36.5,21
-70,36.5,21
-69,36.5,21
-68,36.5,21
-67,36.5,21
-66,36.5,21
-65,36.5,21
-64,36.5,21
-63,36.5,21
-62,36.5,21
-61,36.5,21
-60,36.5,21
-59,36.5,21
-58,36.5,21
-57,36.5,21
-56,36.5,21
-55,36.5,21
-54,36.5,21
-53,36.5,21
-52,36.5,21
-51,36.5,21
-50,36.5,21
-49,36.5,21
-48,36.5,21
-47,36.5,21
-46,36.5,21
-45,36.5,21
-44,36.5,21
-43,36.5,21
-42,36.5,21
-41,36.5,27
-40,36.5,27
-39,36.5,27
-38,36.5,27
-37,36.5,27
-36,36.5,27
-35,36.5,27
-34,36.5,27
-33,36.5,27
-32,36.5,27
-31,36.5,27
-30,36.5,27
-29,36.5,27
-28,36.5,27
-27,36.5,27
-26,36.5,27
-25,36.5,27
-24,36.5,27
-23,36.5,27
-22,36.5,27
-21,36.5,27
-20,36.5,27
-19,36.5,27
-18,36.5,27
-17,36.5,27
-16,36.5,27
-15,36.5,27
-14,36.5,27
-13,36.5,27
-12,36.5,27
-11,36.5,27
-10,36.5,27
-9,36.5,114
-8,36.5,114
-7,36.5,114
-4,36.5,113
-3,36.5,113
-2,36.5,113
-1,36.5,113
0,36.5,113
1,36.5,113
11,36.5,113
12,36.5,113
13,36.5,113
14,36.5,113
15,36.5,113
16,36.5,113
17,36.5,113
18,36.5,113
19,36.5,113
20,36.5,113
21,36.5,113
22,36.5,113
23,36.5,113
24,36.5,113
25,36.5,113
26,36.5,113
27,36.5,113
28,36.5,113
29,36.5,113
31,36.5,113
32,36.5,113
35,36.5,113
36,36.5,113
121,36.5,116
122,36.5,116
123,36.5,116
124,36.5,116
125,36.5,116
126,36.5,116
130,36.5,107
131,36.5,107
132,36.5,107
133,36.5,107
134,36.5,107
135,36.5,107
136,36.5,107
141,36.5,115
142,36.5,115
143,36.5,115
144,36.5,115
145,36.5,115
146,36.5,61
147,36.5,61
148,36.5,61
149,36.5,61
150,36.5,61
151,36.5,61
152,36.5,61
153,36.5,61
154,36.5,61
155,36.5,61
156,36.5,61
157,36.5,61
158,36.5,61
159,36.5,61
160,36.5,61
161,36.5,61
162,36.5,61
163,36.5,61
164,36.5,61
165,36.5,61
166,36.5,61
167,36.5,61
168,36.5,61
169,36.5,61
170,36.5,61
171,36.5,61
172,36.5,61
173,36.5,61
174,36.5,61
175,36.5,61
176,36.5,61
177,36.5,61
178,36.5,61
179,36.5,61
-179,35.5,61
-178,35.5,61
-177,35.5,61
-176,35.5,61
-175,35.5,61
-174,35.5,77
-173,35.5,77
-172,35.5,77
-171,35.5,77
-170,35.5,77
-169,35.5,77
-168,35.5,77
-167,35.5,77
-166,35.5,77
-165,35.5,77
-164,35.5,77
-163,35.5,77
-162,35.5,77
-161,35.5,77
-160,35.5,77
-159,35.5,77
-158,35.5,77
-157,35.5,77
-156,35.5,77
-155,35.5,77
-154,35.5,77
-153,35.5,77
-152,35.5,77
-151,35.5,77
-150,35.5,77
-149,35.5,77
-148,35.5,77
-147,35.5,77
-146,35.5,77
-145,35.5,77
-144,35.5,77
-143,35.5,77
-142,35.5,77
-141,35.5,77
-140,35.5,77
-139,35.5,77
-138,35.5,77
-137,35.5,77
-136,35.5,77
-135,35.5,77
-134,35.5,77
-133,35.5,77
-132,35.5,77
-131,35.5,77
-130,35.5,77
-129,35.5,110
-128,35.5,110
-127,35.5,110
-126,35.5,110
-125,35.5,110
-124,35.5,110
-123,35.5,110
-122,35.5,110
-75,35.5,112
-74,35.5,21
-73,35.5,21
-72,35.5,21
-71,35.5,21
-70,35.5,21
-69,35.5,21
-68,35.5,21
-67,35.5,21
-66,35.5,21
-65,35.5,21
-64,35.5,21
-63,35.5,21
-62,35.5,21
-61,35.5,21
-60,35.5,21
-59,35.5,21
-58,35.5,21
-57,35.5,21
-56,35.5,21
-55,35.5,21
-54,35.5,21
-53,35.5,21
-52,35.5,21
-51,35.5,21
-50,35.5,21
-49,35.5,21
-48,35.5,21
-47,35.5,21
-46,35.5,21
-45,35.5,21
-44,35.5,21
-43,35.5,21
-42,35.5,21
-41,35.5,31
-40,35.5,31
-39,35.5,34
-38,35.5,34
-37,35.5,34
-36,35.5,34
-35,35.5,34
-34,35.5,34
-33,35.5,34
-32,35.5,34
-31,35.5,34
-30,35.5,34
-29,35.5,34
-28,35.5,34
-27,35.5,34
-26,35.5,34
-25,35.5,34
-24,35.5,34
-23,35.5,34
-22,35.5,34
-21,35.5,34
-20,35.5,34
-19,35.5,34
-18,35.5,34
-17,35.5,34
-16,35.5,34
-15,35.5,34
-14,35.5,34
-13,35.5,34
-12,35.5,34
-11,35.5,34
-10,35.5,117
-9,35.5,117
-8,35.5,117
-7,35.5,117
-5,35.5,113
-4,35.5,113
-3,35.5,113
-2,35.5,113
12,35.5,113
13,35.5,113
14,35.5,113
15,35.5,113
16,35.5,113
17,35.5,113
18,35.5,113
19,35.5,113
20,35.5,113
21,35.5,113
22,35.5,113
23,35.5,113
25,35.5,113
26,35.5,113
27,35.5,113
28,35.5,113
29,35.5,113
30,35.5,113
31,35.5,113
32,35.5,113
33,35.5,113
34,35.5,113
35,35.5,113
120,35.5,116
121,35.5,116
122,35.5,116
123,35.5,116
124,35.5,116
125,35.5,116
126,35.5,116
130,35.5,107
131,35.5,107
132,35.5,107
140,35.5,115
141,35.5,115
142,35.5,115
143,35.5,115
144,35.5,115
145,35.5,61
146,35.5,61
147,35.5,61
148,35.5,61
149,35.5,61
150,35.5,61
151,35.5,61
152,35.5,61
153,35.5,61
154,35.5,61
155,35.5,61
156,35.5,61
157,35.5,61
158,35.5,61
159,35.5,61
160,35.5,61
161,35.5,61
162,35.5,61
163,35.5,61
164,35.5,61
165,35.5,61
166,35.5,61
167,35.5,61
168,35.5,61
169,35.5,61
170,35.5,61
171,35.5,61
172,35.5,61
173,35.5,61
174,35.5,61
175,35.5,61
176,35.5,61
177,35.5,61
178,35.5,61
179,35.5,61
-179,34.5,61
-178,34.5,61
-177,34.5,61
-176,34.5,61
-175,34.5,61
-174,34.5,77
-173,34.5,77
-172,34.5,77
-171,34.5,77
-170,34.5,77
-169,34.5,77
-168,34.5,77
-167,34.5,77
-166,34.5,77
-165,34.5,77
-164,34.5,77
-163,34.5,77
-162,34.5,77
-161,34.5,77
-160,34.5,77
-159,34.5,77
-158,34.5,77
-157,34.5,77
-156,34.5,77
-155,34.5,77
-154,34.5,77
-153,34.5,77
-152,34.5,77
-151,34.5,77
-150,34.5,77
-149,34.5,77
-148,34.5,77
-147,34.5,77
-146,34.5,77
-145,34.5,77
-144,34.5,77
-143,34.5,77
-142,34.5,77
-141,34.5,77
-140,34.5,77
-139,34.5,77
-138,34.5,77
-137,34.5,77
-136,34.5,77
-135,34.5,77
-134,34.5,77
-133,34.5,77
-132,34.5,77
-131,34.5,77
-130,34.5,77
-129,34.5,110
-128,34.5,110
-127,34.5,110
-126,34.5,110
-125,34.5,110
-124,34.5,110
-123,34.5,110
-122,34.5,110
-121,34.5,110
-77,34.5,119
-76,34.5,119
-75,34.5,31
-74,34.5,31
-73,34.5,31
-72,34.5,31
-71,34.5,31
-70,34.5,31
-69,34.5,31
-68,34.5,31
-67,34.5,31
-66,34.5,31
-65,34.5,31
-64,34.5,31
-63,34.5,31
-62,34.5,31
-61,34.5,31
-60,34.5,31
-59,34.5,31
-58,34.5,31
-57,34.5,31
-56,34.5,31
-55,34.5,31
-54,34.5,31
-53,34.5,31
-52,34.5,31
-51,34.5,31
-50,34.5,31
-49,34.5,31
-48,34.5,31
-47,34.5,31
-46,34.5,31
-45,34.5,31
-44,34.5,31
-43,34.5,31
-42,34.5,31
-41,34.5,31
-40,34.5,31
-39,34.5,34
-38,34.5,34
-37,34.5,34
-36,34.5,34
-35,34.5,34
-34,34.5,34
-33,34.5,34
-32,34.5,34
-31,34.5,34
-30,34.5,34
-29,34.5,34
-28,34.5,34
-27,34.5,34
-26,34.5,34
-25,34.5,34
-24,34.5,34
-23,34.5,34
-22,34.5,34
-21,34.5,34
-20,34.5,34
-19,34.5,34
-18,34.5,34
-17,34.5,34
-16,34.5,34
-15,34.5,34
-14,34.5,34
-13,34.5,34
-12,34.5,34
-11,34.5,117
-10,34.5,117
-9,34.5,117
-8,34.5,117
-7,34.5,117
11,34.5,113
12,34.5,113
13,34.5,113
14,34.5,113
15,34.5,113
16,34.5,113
17,34.5,113
18,34.5,113
19,34.5,113
20,34.5,113
21,34.5,113
22,34.5,113
23,34.5,113
24,34.5,113
25,34.5,113
26,34.5,113
27,34.5,113
28,34.5,113
29,34.5,113
30,34.5,113
31,34.5,113
32,34.5,113
33,34.5,113
34,34.5,113
35,34.5,113
120,34.5,116
121,34.5,116
122,34.5,116
123,34.5,116
124,34.5,116
125,34.5,116
126,34.5,116
127,34.5,118
128,34.5,118
129,34.5,118
130,34.5,118
131,34.5,107
134,34.5,115
135,34.5,115
137,34.5,115
138,34.5,115
139,34.5,115
140,34.5,115
141,34.5,115
142,34.5,115
143,34.5,115
144,34.5,61
145,34.5,61
146,34.5,61
147,34.5,61
148,34.5,61
149,34.5,61
150,34.5,61
151,34.5,61
152,34.5,61
153,34.5,61
154,34.5,61
155,34.5,61
156,34.5,61
157,34.5,61
158,34.5,61
159,34.5,61
160,34.5,61
161,34.5,61
162,34.5,61
163,34.5,61
164,34.5,61
165,34.5,61
166,34.5,61
167,34.5,61
168,34.5,61
169,34.5,61
170,34.5,61
171,34.5,61
172,34.5,61
173,34.5,61
174,34.5,61
175,34.5,61
176,34.5,61
177,34.5,61
178,34.5,61
179,34.5,61
-179,33.5,61
-178,33.5,61
-177,33.5,61
-176,33.5,61
-175,33.5,61
-174,33.5,77
-173,33.5,77
-172,33.5,77
-171,33.5,77
-170,33.5,77
-169,33.5,77
-168,33.5,77
-167,33.5,77
-166,33.5,77
-165,33.5,77
-164,33.5,77
-163,33.5,77
-162,33.5,77
-161,33.5,77
-160,33.5,77
-159,33.5,77
-158,33.5,77
-157,33.5,77
-156,33.5,77
-155,33.5,77
-154,33.5,77
-153,33.5,77
-152,33.5,77
-151,33.5,77
-150,33.5,77
-149,33.5,77
-148,33.5,77
-147,33.5,77
-146,33.5,77
-145,33.5,77
-144,33.5,77
-143,33.5,77
-142,33.5,77
-141,33.5,77
-140,33.5,77
-139,33.5,77
-138,33.5,77
-137,33.5,77
-136,33.5,77
-135,33.5,77
-134,33.5,77
-133,33.5,77
-132,33.5,77
-131,33.5,77
-130,33.5,77
-129,33.5,77
-128,33.5,110
-127,33.5,110
-126,33.5,110
-125,33.5,110
-124,33.5,110
-123,33.5,110
-122,33.5,110
-121,33.5,110
-120,33.5,110
-119,33.5,110
-118,33.5,110
-79,33.5,119
-78,33.5,119
-77,33.5,119
-76,33.5,31
-75,33.5,31
-74,33.5,31
-73,33.5,31
-72,33.5,31
-71,33.5,31
-70,33.5,31
-69,33.5,31
-68,33.5,31
-67,33.5,31
-66,33.5,31
-65,33.5,31
-64,33.5,31
-63,33.5,31
-62,33.5,31
-61,33.5,31
-60,33.5,31
-59,33.5,31
-58,33.5,31
-57,33.5,31
-56,33.5,31
-55,33.5,31
-54,33.5,31
-53,33.5,31
-52,33.5,31
-51,33.5,31
-50,33.5,31
-49,33.5,31
-48,33.5,31
-47,33.5,31
-46,33.5,31
-45,33.5,31
-44,33.5,31
-43,33.5,31
-42,33.5,31
-41,33.5,31
-40,33.5,31
-39,33.5,34
-38,33.5,34
-37,33.5,34
-36,33.5,34
-35,33.5,34
-34,33.5,34
-33,33.5,34
-32,33.5,34
-31,33.5,34
-30,33.5,34
-29,33.5,34
-28,33.5,34
-27,33.5,34
-26,33.5,34
-25,33.5,34
-24,33.5,34
-23,33.5,34
-22,33.5,34
-21,33.5,34
-20,33.5,34
-19,33.5,34
-18,33.5,34
-17,33.5,34
-16,33.5,34
-15,33.5,34
-14,33.5,34
-13,33.5,34
-12,33.5,117
-11,33.5,117
-10,33.5,117
-9,33.5,117
-8,33.5,117
12,33.5,113
13,33.5,113
14,33.5,113
15,33.5,113
16,33.5,113
17,33.5,113
18,33.5,113
19,33.5,113
20,33.5,113
21,33.5,113
22,33.5,113
23,33.5,113
24,33.5,113
25,33.5,113
26,33.5,113
27,33.5,113
28,33.5,113
29,33.5,113
30,33.5,113
31,33.5,113
32,33.5,113
33,33.5,113
34,33.5,113
35,33.5,113
121,33.5,116
122,33.5,116
123,33.5,116
124,33.5,116
125,33.5,116
126,33.5,118
127,33.5,118
128,33.5,118
129,33.5,118
130,33.5,118
132,33.5,115
135,33.5,115
136,33.5,115
137,33.5,115
138,33.5,115
139,33.5,115
140,33.5,115
141,33.5,115
142,33.5,115
143,33.5,61
144,33.5,61
145,33.5,61
146,33.5,61
147,33.5,61
148,33.5,61
149,33.5,61
150,33.5,61
151,33.5,61
152,33.5,61
153,33.5,61
154,33.5,61
155,33.5,61
156,33.5,61
157,33.5,61
158,33.5,61
159,33.5,61
160,33.5,61
161,33.5,61
162,33.5,61
163,33.5,61
164,33.5,61
165,33.5,61
166,33.5,61
167,33.5,61
168,33.5,61
169,33.5,61
170,33.5,61
171,33.5,61
172,33.5,61
173,33.5,61
174,33.5,61
175,33.5,61
176,33.5,61
177,33.5,61
178,33.5,61
179,33.5,61
-179,32.5,61
-178,32.5,61
-177,32.5,61
-176,32.5,61
-175,32.5,61
-174,32.5,77
-173,32.5,77
-172,32.5,77
-171,32.5,77
-170,32.5,77
-169,32.5,77
-168,32.5,77
-167,32.5,77
-166,32.5,77
-165,32.5,77
-164,32.5,77
-163,32.5,77
-162,32.5,77
-161,32.5,77
-160,32.5,77
-159,32.5,77
-158,32.5,77
-157,32.5,77
-156,32.5,77
-155,32.5,77
-154,32.5,77
-153,32.5,77
-152,32.5,77
-151,32.5,77
-150,32.5,77
-149,32.5,77
-148,32.5,77
-147,32.5,77
-146,32.5,77
-145,32.5,77
-144,32.5,77
-143,32.5,77
-142,32.5,77
-141,32.5,77
-140,32.5,77
-139,32.5,77
-138,32.5,77
-137,32.5,77
-136,32.5,77
-135,32.5,77
-134,32.5,77
-133,32.5,77
-132,32.5,77
-131,32.5,77
-130,32.5,77
-129,32.5,77
-128,32.5,110
-127,32.5,110
-126,32.5,110
-125,32.5,110
-124,32.5,110
-123,32.5,110
-122,32.5,110
-121,32.5,110
-120,32.5,110
-119,32.5,110
-118,32.5,110
-80,32.5,119
-79,32.5,119
-78,32.5,119
-77,32.5,119
-76,32.5,31
-75,32.5,31
-74,32.5,31
-73,32.5,31
-72,32.5,31
-71,32.5,31
-70,32.5,31
-69,32.5,31
-68,32.5,31
-67,32.5,31
-66,32.5,31
-65,32.5,31
-64,32.5,31
-63,32.5,31
-62,32.5,31
-61,32.5,31
-60,32.5,31
-59,32.5,31
-58,32.5,31
-57,32.5,31
-56,32.5,31
-55,32.5,31
-54,32.5,31
-53,32.5,31
-52,32.5,31
-51,32.5,31
-50,32.5,31
-49,32.5,31
-48,32.5,31
-47,32.5,31
-46,32.5,31
-45,32.5,31
-44,32.5,31
-43,32.5,31
-42,32.5,31
-41,32.5,31
-40,32.5,31
-39,32.5,34
-38,32.5,34
-37,32.5,34
-36,32.5,34
-35,32.5,34
-34,32.5,34
-33,32.5,34
-32,32.5,34
-31,32.5,34
-30,32.5,34
-29,32.5,34
-28,32.5,34
-27,32.5,34
-26,32.5,34
-25,32.5,34
-24,32.5,34
-23,32.5,34
-22,32.5,34
-21,32.5,34
-20,32.5,34
-19,32.5,34
-18,32.5,34
-17,32.5,34
-16,32.5,34
-15,32.5,34
-14,32.5,34
-13,32.5,117
-12,32.5,117
-11,32.5,117
-10,32.5,117
15,32.5,113
16,32.5,113
17,32.5,113
18,32.5,113
19,32.5,113
20,32.5,113
24,32.5,113
25,32.5,113
26,32.5,113
27,32.5,113
28,32.5,113
29,32.5,113
30,32.5,113
31,32.5,113
32,32.5,113
33,32.5,113
34,32.5,113
122,32.5,116
123,32.5,118
124,32.5,118
125,32.5,118
126,32.5,118
127,32.5,118
128,32.5,118
129,32.5,118
130,32.5,118
132,32.5,115
133,32.5,115
134,32.5,115
135,32.5,115
136,32.5,115
137,32.5,115
138,32.5,115
139,32.5,115
140,32.5,115
141,32.5,115
142,32.5,61
143,32.5,61
144,32.5,61
145,32.5,61
146,32.5,61
147,32.5,61
148,32.5,61
149,32.5,61
150,32.5,61
151,32.5,61
152,32.5,61
153,32.5,61
154,32.5,61
155,32.5,61
156,32.5,61
157,32.5,61
158,32.5,61
159,32.5,61
160,32.5,61
161,32.5,61
162,32.5,61
163,32.5,61
164,32.5,61
165,32.5,61
166,32.5,61
167,32.5,61
168,32.5,61
169,32.5,61
170,32.5,61
171,32.5,61
172,32.5,61
173,32.5,61
174,32.5,61
175,32.5,61
176,32.5,61
177,32.5,61
178,32.5,61
179,32.5,61
-179,31.5,61
-178,31.5,61
-177,31.5,61
-176,31.5,61
-175,31.5,61
-174,31.5,77
-173,31.5,77
-172,31.5,77
-171,31.5,77
-170,31.5,77
-169,31.5,77
-168,31.5,77
-167,31.5,77
-166,31.5,77
-165,31.5,77
-164,31.5,77
-163,31.5,77
-162,31.5,77
-161,31.5,77
-160,31.5,77
-159,31.5,77
-158,31.5,77
-157,31.5,77
-156,31.5,77
-155,31.5,77
-154,31.5,77
-153,31.5,77
-152,31.5,77
-151,31.5,77
-150,31.5,77
-149,31.5,77
-148,31.5,77
-147,31.5,77
-146,31.5,77
-145,31.5,77
-144,31.5,77
-143,31.5,77
-142,31.5,77
-141,31.5,77
-140,31.5,77
-139,31.5,77
-138,31.5,77
-137,31.5,77
-136,31.5,77
-135,31.5,77
-134,31.5,77
-133,31.5,77
-132,31.5,77
-131,31.5,77
-130,31.5,77
-129,31.5,77
-128,31.5,77
-127,31.5,110
-126,31.5,110
-125,31.5,110
-124,31.5,110
-123,31.5,110
-122,31.5,110
-121,31.5,110
-120,31.5,110
-119,31.5,110
-118,31.5,110
-117,31.5,110
-114,31.5,120
-81,31.5,119
-80,31.5,119
-79,31.5,119
-78,31.5,119
-77,31.5,31
-76,31.5,31
-75,31.5,31
-74,31.5,31
-73,31.5,31
-72,31.5,31
-71,31.5,31
-70,31.5,31
-69,31.5,31
-68,31.5,31
-67,31.5,31
-66,31.5,31
-65,31.5,31
-64,31.5,31
-63,31.5,31
-62,31.5,31
-61,31.5,31
-60,31.5,31
-59,31.5,31
-58,31.5,31
-57,31.5,31
-56,31.5,31
-55,31.5,31
-54,31.5,31
-53,31.5,31
-52,31.5,31
-51,31.5,31
-50,31.5,31
-49,31.5,31
-48,31.5,31
-47,31.5,31
-46,31.5,31
-45,31.5,31
-44,31.5,31
-43,31.5,31
-42,31.5,31
-41,31.5,31
-40,31.5,31
-39,31.5,34
-38,31.5,34
-37,31.5,34
-36,31.5,34
-35,31.5,34
-34,31.5,34
-33,31.5,34
-32,31.5,34
-31,31.5,34
-30,31.5,34
-29,31.5,34
-28,31.5,34
-27,31.5,34
-26,31.5,34
-25,31.5,34
-24,31.5,34
-23,31.5,34
-22,31.5,34
-21,31.5,34
-20,31.5,34
-19,31.5,34
-18,31.5,34
-17,31.5,34
-16,31.5,34
-15,31.5,34
-14,31.5,34
-13,31.5,117
-12,31.5,117
-11,31.5,117
-10,31.5,117
16,31.5,113
17,31.5,113
18,31.5,113
19,31.5,113
27,31.5,113
28,31.5,113
29,31.5,113
30,31.5,113
31,31.5,113
32,31.5,113
33,31.5,113
34,31.5,113
122,31.5,118
123,31.5,118
124,31.5,118
125,31.5,118
126,31.5,118
127,31.5,118
128,31.5,118
129,31.5,118
130,31.5,118
132,31.5,115
133,31.5,115
134,31.5,115
135,31.5,115
136,31.5,115
137,31.5,115
138,31.5,115
139,31.5,115
140,31.5,61
141,31.5,61
142,31.5,61
143,31.5,61
144,31.5,61
145,31.5,61
146,31.5,61
147,31.5,61
148,31.5,61
149,31.5,61
150,31.5,61
151,31.5,61
152,31.5,61
153,31.5,61
154,31.5,61
155,31.5,61
156,31.5,61
157,31.5,61
158,31.5,61
159,31.5,61
160,31.5,61
161,31.5,61
162,31.5,61
163,31.5,61
164,31.5,61
165,31.5,61
166,31.5,61
167,31.5,61
168,31.5,61
169,31.5,61
170,31.5,61
171,31.5,61
172,31.5,61
173,31.5,61
174,31.5,61
175,31.5,61
176,31.5,61
177,31.5,61
178,31.5,61
179,31.5,61
-179,30.5,61
-178,30.5,61
-177,30.5,61
-176,30.5,61
-175,30.5,61
-174,30.5,77
-173,30.5,77
-172,30.5,77
-171,30.5,77
-170,30.5,77
-169,30.5,77
-168,30.5,77
-167,30.5,77
-166,30.5,77
-165,30.5,77
-164,30.5,77
-163,30.5,77
-162,30.5,77
-161,30.5,77
-160,30.5,77
-159,30.5,77
-158,30.5,77
-157,30.5,77
-156,30.5,77
-155,30.5,77
-154,30.5,77
-153,30.5,77
-152,30.5,77
-151,30.5,77
-150,30.5,77
-149,30.5,77
-148,30.5,77
-147,30.5,77
-146,30.5,77
-145,30.5,77
-144,30.5,77
-143,30.5,77
-142,30.5,77
-141,30.5,77
-140,30.5,77
-139,30.5,77
-138,30.5,77
-137,30.5,77
-136,30.5,77
-135,30.5,77
-134,30.5,77
-133,30.5,77
-132,30.5,77
-131,30.5,77
-130,30.5,77
-129,30.5,77
-128,30.5,77
-127,30.5,77
-126,30.5,110
-125,30.5,110
-124,30.5,110
-123,30.5,110
-122,30.5,110
-121,30.5,110
-120,30.5,110
-119,30.5,110
-118,30.5,110
-117,30.5,110
-114,30.5,120
-113,30.5,120
-88,30.5,121
-87,30.5,121
-81,30.5,119
-80,30.5,119
-79,30.5,119
-78,30.5,119
-77,30.5,31
-76,30.5,31
-75,30.5,31
-74,30.5,31
-73,30.5,31
-72,30.5,31
-71,30.5,31
-70,30.5,31
-69,30.5,31
-68,30.5,31
-67,30.5,31
-66,30.5,31
-65,30.5,31
-64,30.5,31
-63,30.5,31
-62,30.5,31
-61,30.5,31
-60,30.5,31
-59,30.5,31
-58,30.5,31
-57,30.5,31
-56,30.5,31
-55,30.5,31
-54,30.5,31
-53,30.5,31
-52,30.5,31
-51,30.5,31
-50,30.5,31
-49,30.5,31
-48,30.5,31
-47,30.5,31
-46,30.5,31
-45,30.5,31
-44,30.5,31
-43,30.5,31
-42,30.5,31
-41,30.5,31
-40,30.5,31
-39,30.5,34
-38,30.5,34
-37,30.5,34
-36,30.5,34
-35,30.5,34
-34,30.5,34
-33,30.5,34
-32,30.5,34
-31,30.5,34
-30,30.5,34
-29,30.5,34
-28,30.5,34
-27,30.5,34
-26,30.5,34
-25,30.5,34
-24,30.5,34
-23,30.5,34
-22,30.5,34
-21,30.5,34
-20,30.5,34
-19,30.5,34
-18,30.5,34
-17,30.5,34
-16,30.5,34
-15,30.5,117
-14,30.5,117
-13,30.5,117
-12,30.5,117
-11,30.5,117
-10,30.5,117
19,30.5,113
49,30.5,122
121,30.5,118
122,30.5,118
123,30.5,118
124,30.5,118
125,30.5,118
126,30.5,118
127,30.5,118
128,30.5,118
129,30.5,118
130,30.5,118
131,30.5,115
132,30.5,115
133,30.5,115
134,30.5,115
135,30.5,115
136,30.5,115
137,30.5,115
138,30.5,61
139,30.5,61
140,30.5,61
141,30.5,61
142,30.5,61
143,30.5,61
144,30.5,61
145,30.5,61
146,30.5,61
147,30.5,61
148,30.5,61
149,30.5,61
150,30.5,61
151,30.5,61
152,30.5,61
153,30.5,61
154,30.5,61
155,30.5,61
156,30.5,61
157,30.5,61
158,30.5,61
159,30.5,61
160,30.5,61
161,30.5,61
162,30.5,61
163,30.5,61
164,30.5,61
165,30.5,61
166,30.5,61
167,30.5,61
168,30.5,61
169,30.5,61
170,30.5,61
171,30.5,61
172,30.5,61
173,30.5,61
174,30.5,61
175,30.5,61
176,30.5,61
177,30.5,61
178,30.5,61
179,30.5,61
-179,29.5,61
-178,29.5,61
-177,29.5,61
-176,29.5,61
-175,29.5,61
-174,29.5,77
-173,29.5,77
-172,29.5,77
-171,29.5,77
-170,29.5,77
-169,29.5,77
-168,29.5,77
-167,29.5,77
-166,29.5,77
-165,29.5,77
-164,29.5,77
-163,29.5,77
-162,29.5,77
-161,29.5,77
-160,29.5,77
-159,29.5,77
-158,29.5,77
-157,29.5,77
-156,29.5,77
-155,29.5,77
-154,29.5,77
-153,29.5,77
-152,29.5,77
-151,29.5,77
-150,29.5,77
-149,29.5,77
-148,29.5,77
-147,29.5,77
-146,29.5,77
-145,29.5,77
-144,29.5,77
-143,29.5,77
-142,29.5,77
-141,29.5,77
-140,29.5,77
-139,29.5,77
-138,29.5,77
-137,29.5,77
-136,29.5,77
-135,29.5,77
-134,29.5,77
-133,29.5,77
-132,29.5,77
-131,29.5,77
-130,29.5,77
-129,29.5,77
-128,29.5,77
-127,29.5,77
-126,29.5,77
-125,29.5,110
-124,29.5,110
-123,29.5,110
-122,29.5,110
-121,29.5,110
-120,29.5,110
-119,29.5,110
-118,29.5,110
-117,29.5,110
-116,29.5,110
-113,29.5,120
-94,29.5,121
-93,29.5,121
-92,29.5,121
-89,29.5,121
-88,29.5,121
-87,29.5,121
-86,29.5,121
-85,29.5,121
-84,29.5,121
-81,29.5,119
-80,29.5,119
-79,29.5,119
-78,29.5,119
-77,29.5,31
-76,29.5,31
-75,29.5,31
-74,29.5,31
-73,29.5,31
-72,29.5,31
-71,29.5,31
-70,29.5,31
-69,29.5,31
-68,29.5,31
-67,29.5,31
-66,29.5,31
-65,29.5,31
-64,29.5,31
-63,29.5,31
-62,29.5,31
-61,29.5,31
-60,29.5,31
-59,29.5,31
-58,29.5,31
-57,29.5,31
-56,29.5,31
-55,29.5,31
-54,29.5,31
-53,29.5,31
-52,29.5,31
-51,29.5,31
-50,29.5,31
-49,29.5,31
-48,29.5,31
-47,29.5,31
-46,29.5,31
-45,29.5,31
-44,29.5,31
-43,29.5,31
-42,29.5,31
-41,29.5,31
-40,29.5,31
-39,29.5,34
-38,29.5,34
-37,29.5,34
-36,29.5,34
-35,29.5,34
-34,29.5,34
-33,29.5,34
-32,29.5,34
-31,29.5,34
-30,29.5,34
-29,29.5,34
-28,29.5,34
-27,29.5,34
-26,29.5,34
-25,29.5,34
-24,29.5,34
-23,29.5,34
-22,29.5,34
-21,29.5,34
-20,29.5,34
-19,29.5,34
-18,29.5,34
-17,29.5,34
-16,29.5,117
-15,29.5,117
-14,29.5,117
-13,29.5,117
-12,29.5,117
-11,29.5,117
48,29.5,122
49,29.5,122
50,29.5,122
122,29.5,118
123,29.5,118
124,29.5,118
125,29.5,118
126,29.5,118
127,29.5,118
128,29.5,118
129,29.5,118
130,29.5,118
131,29.5,115
132,29.5,115
133,29.5,115
134,29.5,115
135,29.5,115
136,29.5,115
137,29.5,61
138,29.5,61
139,29.5,61
140,29.5,61
141,29.5,61
142,29.5,61
143,29.5,61
144,29.5,61
145,29.5,61
146,29.5,61
147,29.5,61
148,29.5,61
149,29.5,61
150,29.5,61
151,29.5,61
152,29.5,61
153,29.5,61
154,29.5,61
155,29.5,61
156,29.5,61
157,29.5,61
158,29.5,61
159,29.5,61
160,29.5,61
161,29.5,61
162,29.5,61
163,29.5,61
164,29.5,61
165,29.5,61
166,29.5,61
167,29.5,61
168,29.5,61
169,29.5,61
170,29.5,61
171,29.5,61
172,29.5,61
173,29.5,61
174,29.5,61
175,29.5,61
176,29.5,61
177,29.5,61
178,29.5,61
179,29.5,61
-179,28.5,124
-178,28.5,124
-177,28.5,124
-176,28.5,124
-175,28.5,61
-174,28.5,77
-173,28.5,77
-172,28.5,77
-171,28.5,77
-170,28.5,77
-169,28.5,77
-168,28.5,77
-167,28.5,77
-166,28.5,77
-165,28.5,77
-164,28.5,77
-163,28.5,77
-162,28.5,77
-161,28.5,77
-160,28.5,77
-159,28.5,77
-158,28.5,77
-157,28.5,77
-156,28.5,77
-155,28.5,77
-154,28.5,77
-153,28.5,77
-152,28.5,77
-151,28.5,77
-150,28.5,77
-149,28.5,77
-148,28.5,77
-147,28.5,77
-146,28.5,77
-145,28.5,77
-144,28.5,77
-143,28.5,77
-142,28.5,77
-141,28.5,77
-140,28.5,77
-139,28.5,77
-138,28.5,77
-137,28.5,77
-136,28.5,77
-135,28.5,77
-134,28.5,77
-133,28.5,77
-132,28.5,77
-131,28.5,77
-130,28.5,77
-129,28.5,77
-128,28.5,77
-127,28.5,77
-126,28.5,77
-125,28.5,110
-124,28.5,110
-123,28.5,110
-122,28.5,110
-121,28.5,110
-120,28.5,110
-119,28.5,110
-118,28.5,110
-117,28.5,110
-116,28.5,110
-115,28.5,110
-113,28.5,120
-112,28.5,120
-96,28.5,121
-95,28.5,121
-94,28.5,121
-93,28.5,121
-92,28.5,121
-91,28.5,121
-90,28.5,121
-89,28.5,121
-88,28.5,121
-87,28.5,121
-86,28.5,121
-85,28.5,121
-84,28.5,121
-83,28.5,121
-80,28.5,119
-79,28.5,119
-78,28.5,31
-77,28.5,31
-76,28.5,31
-75,28.5,31
-74,28.5,31
-73,28.5,31
-72,28.5,31
-71,28.5,31
-70,28.5,31
-69,28.5,31
-68,28.5,31
-67,28.5,31
-66,28.5,31
-65,28.5,31
-64,28.5,31
-63,28.5,31
-62,28.5,31
-61,28.5,31
-60,28.5,31
-59,28.5,31
-58,28.5,31
-57,28.5,31
-56,28.5,31
-55,28.5,31
-54,28.5,31
-53,28.5,31
-52,28.5,31
-51,28.5,31
-50,28.5,31
-49,28.5,31
-48,28.5,31
-47,28.5,31
-46,28.5,31
-45,28.5,31
-44,28.5,31
-43,28.5,31
-42,28.5,31
-41,28.5,31
-40,28.5,31
-39,28.5,34
-38,28.5,34
-37,28.5,34
-36,28.5,34
-35,28.5,34
-34,28.5,34
-33,28.5,34
-32,28.5,34
-31,28.5,34
-30,28.5,34
-29,28.5,34
-28,28.5,34
-27,28.5,34
-26,28.5,34
-25,28.5,34
-24,28.5,34
-23,28.5,34
-22,28.5,34
-21,28.5,34
-20,28.5,34
-19,28.5,34
-18,28.5,34
-17,28.5,117
-16,28.5,117
-15,28.5,117
-13,28.5,117
-12,28.5,117
33,28.5,123
49,28.5,122
50,28.5,122
51,28.5,122
122,28.5,118
123,28.5,118
124,28.5,118
125,28.5,118
126,28.5,118
127,28.5,118
128,28.5,118
129,28.5,118
130,28.5,115
131,28.5,115
132,28.5,115
133,28.5,115
134,28.5,115
135,28.5,61
136,28.5,61
137,28.5,61
138,28.5,61
139,28.5,61
140,28.5,61
141,28.5,61
142,28.5,61
143,28.5,61
144,28.5,61
145,28.5,61
146,28.5,61
147,28.5,61
148,28.5,61
149,28.5,61
150,28.5,61
151,28.5,61
152,28.5,61
153,28.5,61
154,28.5,61
155,28.5,61
156,28.5,61
157,28.5,61
158,28.5,61
159,28.5,61
160,28.5,61
161,28.5,61
162,28.5,61
163,28.5,61
164,28.5,61
165,28.5,61
166,28.5,61
167,28.5,61
168,28.5,61
169,28.5,61
170,28.5,61
171,28.5,61
172,28.5,61
173,28.5,61
174,28.5,61
175,28.5,61
176,28.5,61
177,28.5,61
178,28.5,61
179,28.5,61
-179,27.5,124
-178,27.5,124
-177,27.5,124
-176,27.5,124
-175,27.5,124
-174,27.5,124
-173,27.5,124
-172,27.5,124
-171,27.5,77
-170,27.5,77
-169,27.5,77
-168,27.5,77
-167,27.5,77
-166,27.5,77
-165,27.5,77
-164,27.5,77
-163,27.5,77
-162,27.5,77
-161,27.5,77
-160,27.5,77
-159,27.5,77
-158,27.5,77
-157,27.5,77
-156,27.5,77
-155,27.5,77
-154,27.5,77
-153,27.5,77
-152,27.5,77
-151,27.5,77
-150,27.5,77
-149,27.5,77
-148,27.5,77
-147,27.5,77
-146,27.5,77
-145,27.5,77
-144,27.5,77
-143,27.5,77
-142,27.5,77
-141,27.5,77
-140,27.5,77
-139,27.5,77
-138,27.5,77
-137,27.5,77
-136,27.5,77
-135,27.5,77
-134,27.5,77
-133,27.5,77
-132,27.5,77
-131,27.5,77
-130,27.5,77
-129,27.5,77
-128,27.5,77
-127,27.5,77
-126,27.5,77
-125,27.5,77
-124,27.5,110
-123,27.5,110
-122,27.5,110
-121,27.5,110
-120,27.5,110
-119,27.5,110
-118,27.5,110
-117,27.5,110
-116,27.5,110
-115,27.5,110
-112,27.5,120
-111,27.5,120
-97,27.5,121
-96,27.5,121
-95,27.5,121
-94,27.5,121
-93,27.5,121
-92,27.5,121
-91,27.5,121
-90,27.5,121
-89,27.5,121
-88,27.5,121
-87,27.5,121
-86,27.5,121
-85,27.5,121
-84,27.5,121
-83,27.5,121
-80,27.5,119
-79,27.5,119
-78,27.5,31
-77,27.5,31
-76,27.5,31
-75,27.5,31
-74,27.5,31
-73,27.5,31
-72,27.5,31
-71,27.5,31
-70,27.5,31
-69,27.5,31
-68,27.5,31
-67,27.5,31
-66,27.5,31
-65,27.5,31
-64,27.5,31
-63,27.5,31
-62,27.5,31
-61,27.5,31
-60,27.5,31
-59,27.5,31
-58,27.5,31
-57,27.5,31
-56,27.5,31
-55,27.5,31
-54,27.5,31
-53,27.5,31
-52,27.5,31
-51,27.5,31
-50,27.5,31
-49,27.5,31
-48,27.5,31
-47,27.5,31
-46,27.5,31
-45,27.5,31
-44,27.5,31
-43,27.5,31
-42,27.5,31
-41,27.5,31
-40,27.5,31
-39,27.5,34
-38,27.5,34
-37,27.5,34
-36,27.5,34
-35,27.5,34
-34,27.5,34
-33,27.5,34
-32,27.5,34
-31,27.5,34
-30,27.5,34
-29,27.5,34
-28,27.5,34
-27,27.5,34
-26,27.5,34
-25,27.5,34
-24,27.5,34
-23,27.5,34
-22,27.5,34
-21,27.5,34
-20,27.5,34
-19,27.5,34
-18,27.5,34
-17,27.5,117
-16,27.5,117
-15,27.5,117
-14,27.5,117
34,27.5,123
35,27.5,123
50,27.5,122
51,27.5,122
52,27.5,122
121,27.5,118
122,27.5,118
123,27.5,118
124,27.5,118
125,27.5,118
126,27.5,118
127,27.5,118
128,27.5,118
129,27.5,115
130,27.5,115
131,27.5,115
132,27.5,115
133,27.5,115
134,27.5,61
135,27.5,61
136,27.5,61
137,27.5,61
138,27.5,61
139,27.5,61
140,27.5,61
141,27.5,61
142,27.5,61
143,27.5,61
144,27.5,61
145,27.5,61
146,27.5,61
147,27.5,61
148,27.5,61
149,27.5,61
150,27.5,61
151,27.5,61
152,27.5,61
153,27.5,61
154,27.5,61
155,27.5,61
156,27.5,61
157,27.5,61
158,27.5,61
159,27.5,61
160,27.5,61
161,27.5,61
162,27.5,61
163,27.5,61
164,27.5,61
165,27.5,61
166,27.5,61
167,27.5,61
168,27.5,61
169,27.5,61
170,27.5,61
171,27.5,61
172,27.5,61
173,27.5,61
174,27.5,61
175,27.5,61
176,27.5,61
177,27.5,61
178,27.5,61
179,27.5,61
-179,26.5,61
-178,26.5,124
-177,26.5,124
-176,26.5,124
-175,26.5,124
-174,26.5,124
-173,26.5,124
-172,26.5,124
-171,26.5,124
-170,26.5,124
-169,26.5,124
-168,26.5,77
-167,26.5,77
-166,26.5,77
-165,26.5,77
-164,26.5,77
-163,26.5,77
-162,26.5,77
-161,26.5,77
-160,26.5,77
-159,26.5,77
-158,26.5,77
-157,26.5,77
-156,26.5,77
-155,26.5,77
-154,26.5,77
-153,26.5,77
-152,26.5,77
-151,26.5,77
-150,26.5,77
-149,26.5,77
-148,26.5,77
-147,26.5,77
-146,26.5,77
-145,26.5,77
-144,26.5,77
-143,26.5,77
-142,26.5,77
-141,26.5,77
-140,26.5,77
-139,26.5,77
-138,26.5,77
-137,26.5,77
-136,26.5,77
-135,26.5,77
-134,26.5,77
-133,26.5,77
-132,26.5,77
-131,26.5,77
-130,26.5,77
-129,26.5,77
-128,26.5,77
-127,26.5,77
-126,26.5,77
-125,26.5,77
-124,26.5,77
-123,26.5,110
-122,26.5,110
-121,26.5,110
-120,26.5,110
-119,26.5,110
-118,26.5,110
-117,26.5,110
-116,26.5,110
-115,26.5,110
-114,26.5,110
-113,26.5,110
-111,26.5,120
-110,26.5,120
-97,26.5,121
-96,26.5,121
-95,26.5,121
-94,26.5,121
-93,26.5,121
-92,26.5,121
-91,26.5,121
-90,26.5,121
-89,26.5,121
-88,26.5,121
-87,26.5,121
-86,26.5,121
-85,26.5,121
-84,26.5,121
-83,26.5,121
-80,26.5,119
-79,26.5,119
-78,26.5,119
-77,26.5,119
-76,26.5,31
-75,26.5,31
-74,26.5,31
-73,26.5,31
-72,26.5,31
-71,26.5,31
-70,26.5,31
-69,26.5,31
-68,26.5,31
-67,26.5,31
-66,26.5,31
-65,26.5,31
-64,26.5,31
-63,26.5,31
-62,26.5,31
-61,26.5,31
-60,26.5,31
-59,26.5,31
-58,26.5,31
-57,26.5,31
-56,26.5,31
-55,26.5,31
-54,26.5,31
-53,26.5,31
-52,26.5,31
-51,26.5,31
-50,26.5,31
-49,26.5,31
-48,26.5,31
-47,26.5,31
-46,26.5,31
-45,26.5,31
-44,26.5,31
-43,26.5,31
-42,26.5,31
-41,26.5,31
-40,26.5,31
-39,26.5,34
-38,26.5,34
-37,26.5,34
-36,26.5,34
-35,26.5,34
-34,26.5,34
-33,26.5,34
-32,26.5,34
-31,26.5,34
-30,26.5,34
-29,26.5,34
-28,26.5,34
-27,26.5,34
-26,26.5,34
-25,26.5,34
-24,26.5,34
-23,26.5,34
-22,26.5,34
-21,26.5,34
-20,26.5,34
-19,26.5,34
-18,26.5,117
-17,26.5,117
-16,26.5,117
-15,26.5,117
-14,26.5,117
35,26.5,123
36,26.5,123
51,26.5,122
52,26.5,122
53,26.5,122
54,26.5,122
55,26.5,122
56,26.5,122
57,26.5,122
120,26.5,118
121,26.5,118
122,26.5,118
123,26.5,118
124,26.5,118
125,26.5,118
126,26.5,118
127,26.5,118
129,26.5,115
130,26.5,115
131,26.5,115
132,26.5,115
133,26.5,61
134,26.5,61
135,26.5,61
136,26.5,61
137,26.5,61
138,26.5,61
139,26.5,61
140,26.5,61
141,26.5,61
142,26.5,61
143,26.5,61
144,26.5,61
145,26.5,61
146,26.5,61
147,26.5,61
148,26.5,61
149,26.5,61
150,26.5,61
151,26.5,61
152,26.5,61
153,26.5,61
154,26.5,61
155,26.5,61
156,26.5,61
157,26.5,61
158,26.5,61
159,26.5,61
160,26.5,61
161,26.5,61
162,26.5,61
163,26.5,61
164,26.5,61
165,26.5,61
166,26.5,61
167,26.5,61
168,26.5,61
169,26.5,61
170,26.5,61
171,26.5,61
172,26.5,61
173,26.5,61
174,26.5,61
175,26.5,61
176,26.5,61
177,26.5,61
178,26.5,61
179,26.5,61
-179,25.5,61
-178,25.5,61
-177,25.5,61
-176,25.5,124
-175,25.5,124
-174,25.5,124
-173,25.5,124
-172,25.5,124
-171,25.5,124
-170,25.5,124
-169,25.5,124
-168,25.5,124
-167,25.5,124
-166,25.5,124
-165,25.5,124
-164,25.5,77
-163,25.5,77
-162,25.5,77
-161,25.5,77
-160,25.5,77
-159,25.5,77
-158,25.5,77
-157,25.5,77
-156,25.5,77
-155,25.5,77
-154,25.5,77
-153,25.5,77
-152,25.5,77
-151,25.5,77
-150,25.5,77
-149,25.5,77
-148,25.5,77
-147,25.5,77
-146,25.5,77
-145,25.5,77
-144,25.5,77
-143,25.5,77
-142,25.5,77
-141,25.5,77
-140,25.5,77
-139,25.5,77
-138,25.5,77
-137,25.5,77
-136,25.5,77
-135,25.5,77
-134,25.5,77
-133,25.5,77
-132,25.5,77
-131,25.5,77
-130,25.5,77
-129,25.5,77
-128,25.5,77
-127,25.5,77
-126,25.5,77
-125,25.5,77
-124,25.5,77
-123,25.5,77
-122,25.5,110
-121,25.5,110
-120,25.5,110
-119,25.5,110
-118,25.5,110
-117,25.5,110
-116,25.5,110
-115,25.5,110
-114,25.5,110
-113,25.5,110
-111,25.5,120
-110,25.5,120
-97,25.5,121
-96,25.5,121
-95,25.5,121
-94,25.5,121
-93,25.5,121
-92,25.5,121
-91,25.5,121
-90,25.5,121
-89,25.5,121
-88,25.5,121
-87,25.5,121
-86,25.5,121
-85,25.5,121
-84,25.5,121
-83,25.5,121
-82,25.5,121
-80,25.5,119
-79,25.5,125
-78,25.5,125
-77,25.5,125
-76,25.5,31
-75,25.5,31
-74,25.5,31
-73,25.5,31
-72,25.5,31
-71,25.5,31
-70,25.5,31
-69,25.5,31
-68,25.5,31
-67,25.5,31
-66,25.5,31
-65,25.5,31
-64,25.5,31
-63,25.5,31
-62,25.5,31
-61,25.5,31
-60,25.5,31
-59,25.5,31
-58,25.5,31
-57,25.5,31
-56,25.5,31
-55,25.5,31
-54,25.5,31
-53,25.5,31
-52,25.5,31
-51,25.5,31
-50,25.5,31
-49,25.5,31
-48,25.5,31
-47,25.5,31
-46,25.5,31
-45,25.5,31
-44,25.5,31
-43,25.5,31
-42,25.5,31
-41,25.5,31
-40,25.5,31
-39,25.5,34
-38,25.5,34
-37,25.5,34
-36,25.5,34
-35,25.5,34
-34,25.5,34
-33,25.5,34
-32,25.5,34
-31,25.5,34
-30,25.5,34
-29,25.5,34
-28,25.5,34
-27,25.5,34
-26,25.5,34
-25,25.5,34
-24,25.5,34
-23,25.5,34
-22,25.5,34
-21,25.5,34
-20,25.5,34
-19,25.5,34
-18,25.5,117
-17,25.5,117
-16,25.5,117
-15,25.5,117
35,25.5,123
36,25.5,123
37,25.5,123
52,25.5,122
53,25.5,122
54,25.5,122
55,25.5,122
57,25.5,122
58,25.5,122
120,25.5,118
121,25.5,118
122,25.5,118
123,25.5,118
124,25.5,118
125,25.5,118
126,25.5,115
127,25.5,115
128,25.5,115
129,25.5,115
130,25.5,115
131,25.5,115
132,25.5,115
133,25.5,61
134,25.5,61
135,25.5,61
136,25.5,61
137,25.5,61
138,25.5,61
139,25.5,61
140,25.5,61
141,25.5,61
142,25.5,61
143,25.5,61
144,25.5,61
145,25.5,61
146,25.5,61
147,25.5,61
148,25.5,61
149,25.5,61
150,25.5,61
151,25.5,61
152,25.5,61
153,25.5,61
154,25.5,61
155,25.5,61
156,25.5,61
157,25.5,61
158,25.5,61
159,25.5,61
160,25.5,61
161,25.5,61
162,25.5,61
163,25.5,61
164,25.5,61
165,25.5,61
166,25.5,61
167,25.5,61
168,25.5,61
169,25.5,61
170,25.5,61
171,25.5,61
172,25.5,61
173,25.5,61
174,25.5,61
175,25.5,61
176,25.5,61
177,25.5,61
178,25.5,61
179,25.5,61
-179,24.5,61
-178,24.5,61
-177,24.5,61
-176,24.5,61
-175,24.5,61
-174,24.5,124
-173,24.5,124
-172,24.5,124
-171,24.5,124
-170,24.5,124
-169,24.5,124
-168,24.5,124
-167,24.5,124
-166,24.5,124
-165,24.5,124
-164,24.5,124
-163,24.5,124
-162,24.5,124
-161,24.5,77
-160,24.5,77
-159,24.5,77
-158,24.5,77
-157,24.5,77
-156,24.5,77
-155,24.5,77
-154,24.5,77
-153,24.5,77
-152,24.5,77
-151,24.5,77
-150,24.5,77
-149,24.5,77
-148,24.5,77
-147,24.5,77
-146,24.5,77
-145,24.5,77
-144,24.5,77
-143,24.5,77
-142,24.5,77
-141,24.5,77
-140,24.5,77
-139,24.5,77
-138,24.5,77
-137,24.5,77
-136,24.5,77
-135,24.5,77
-134,24.5,77
-133,24.5,77
-132,24.5,77
-131,24.5,77
-130,24.5,77
-129,24.5,77
-128,24.5,77
-127,24.5,77
-126,24.5,77
-125,24.5,77
-124,24.5,77
-123,24.5,77
-122,24.5,77
-121,24.5,77
-120,24.5,110
-119,24.5,110
-118,24.5,110
-117,24.5,110
-116,24.5,110
-115,24.5,110
-114,24.5,110
-113,24.5,110
-112,24.5,110
-110,24.5,120
-109,24.5,120
-108,24.5,120
-97,24.5,121
-96,24.5,121
-95,24.5,121
-94,24.5,121
-93,24.5,121
-92,24.5,121
-91,24.5,121
-90,24.5,121
-89,24.5,121
-88,24.5,121
-87,24.5,121
-86,24.5,121
-85,24.5,121
-84,24.5,121
-83,24.5,121
-82,24.5,121
-81,24.5,125
-80,24.5,125
-79,24.5,125
-77,24.5,125
-76,24.5,125
-75,24.5,31
-74,24.5,31
-73,24.5,31
-72,24.5,31
-71,24.5,31
-70,24.5,31
-69,24.5,31
-68,24.5,31
-67,24.5,31
-66,24.5,31
-65,24.5,31
-64,24.5,31
-63,24.5,31
-62,24.5,31
-61,24.5,31
-60,24.5,31
-59,24.5,31
-58,24.5,31
-57,24.5,31
-56,24.5,31
-55,24.5,31
-54,24.5,31
-53,24.5,31
-52,24.5,31
-51,24.5,31
-50,24.5,31
-49,24.5,31
-48,24.5,31
-47,24.5,31
-46,24.5,31
-45,24.5,31
-44,24.5,31
-43,24.5,31
-42,24.5,31
-41,24.5,31
-40,24.5,31
-39,24.5,34
-38,24.5,34
-37,24.5,34
-36,24.5,34
-35,24.5,34
-34,24.5,34
-33,24.5,34
-32,24.5,34
-31,24.5,34
-30,24.5,34
-29,24.5,34
-28,24.5,34
-27,24.5,34
-26,24.5,34
-25,24.5,34
-24,24.5,34
-23,24.5,34
-22,24.5,34
-21,24.5,34
-20,24.5,34
-19,24.5,117
-18,24.5,117
-17,24.5,117
-16,24.5,117
36,24.5,123
37,24.5,123
52,24.5,122
53,24.5,122
54,24.5,122
57,24.5,122
58,24.5,122
59,24.5,122
60,24.5,122
61,24.5,122
62,24.5,122
63,24.5,122
64,24.5,122
65,24.5,122
66,24.5,122
67,24.5,122
119,24.5,126
120,24.5,126
122,24.5,118
123,24.5,118
124,24.5,115
125,24.5,115
126,24.5,115
127,24.5,115
128,24.5,115
129,24.5,115
130,24.5,115
131,24.5,61
132,24.5,61
133,24.5,61
134,24.5,61
135,24.5,61
136,24.5,61
137,24.5,61
138,24.5,61
139,24.5,61
140,24.5,61
141,24.5,61
142,24.5,61
143,24.5,61
144,24.5,61
145,24.5,61
146,24.5,61
147,24.5,61
148,24.5,61
149,24.5,61
150,24.5,61
151,24.5,61
152,24.5,61
153,24.5,61
154,24.5,61
155,24.5,61
156,24.5,61
157,24.5,61
158,24.5,61
159,24.5,61
160,24.5,61
161,24.5,61
162,24.5,61
163,24.5,61
164,24.5,61
165,24.5,61
166,24.5,61
167,24.5,61
168,24.5,61
169,24.5,61
170,24.5,61
171,24.5,61
172,24.5,61
173,24.5,61
174,24.5,61
175,24.5,61
176,24.5,61
177,24.5,61
178,24.5,61
179,24.5,61
-179,23.5,61
-178,23.5,61
-177,23.5,61
-176,23.5,61
-175,23.5,61
-174,23.5,77
-173,23.5,77
-172,23.5,77
-171,23.5,77
-170,23.5,77
-169,23.5,124
-168,23.5,124
-167,23.5,124
-166,23.5,124
-165,23.5,124
-164,23.5,124
-163,23.5,124
-162,23.5,124
-161,23.5,124
-160,23.5,124
-159,23.5,77
-158,23.5,77
-157,23.5,77
-156,23.5,77
-155,23.5,77
-154,23.5,77
-153,23.5,77
-152,23.5,77
-151,23.5,77
-150,23.5,77
-149,23.5,77
-148,23.5,77
-147,23.5,77
-146,23.5,77
-145,23.5,77
-144,23.5,77
-143,23.5,77
-142,23.5,77
-141,23.5,77
-140,23.5,77
-139,23.5,77
-138,23.5,77
-137,23.5,77
-136,23.5,77
-135,23.5,77
-134,23.5,77
-133,23.5,77
-132,23.5,77
-131,23.5,77
-130,23.5,77
-129,23.5,77
-128,23.5,77
-127,23.5,77
-126,23.5,77
-125,23.5,77
-124,23.5,77
-123,23.5,77
-122,23.5,77
-121,23.5,77
-120,23.5,110
-119,23.5,110
-118,23.5,110
-117,23.5,110
-116,23.5,110
-115,23.5,110
-114,23.5,110
-113,23.5,110
-112,23.5,110
-111,23.5,110
-109,23.5,120
-108,23.5,120
-107,23.5,120
-97,23.5,121
-96,23.5,121
-95,23.5,121
-94,23.5,121
-93,23.5,121
-92,23.5,121
-91,23.5,121
-90,23.5,121
-89,23.5,121
-88,23.5,121
-87,23.5,121
-86,23.5,121
-85,23.5,121
-84,23.5,121
-83,23.5,125
-82,23.5,125
-81,23.5,125
-80,23.5,125
-79,23.5,125
-78,23.5,125
-77,23.5,125
-76,23.5,125
-75,23.5,125
-74,23.5,31
-73,23.5,31
-72,23.5,31
-71,23.5,31
-70,23.5,31
-69,23.5,31
-68,23.5,31
-67,23.5,31
-66,23.5,31
-65,23.5,31
-64,23.5,31
-63,23.5,31
-62,23.5,31
-61,23.5,31
-60,23.5,31
-59,23.5,31
-58,23.5,31
-57,23.5,31
-56,23.5,31
-55,23.5,31
-54,23.5,31
-53,23.5,31
-52,23.5,31
-51,23.5,31
-50,23.5,31
-49,23.5,31
-48,23.5,31
-47,23.5,31
-46,23.5,31
-45,23.5,31
-44,23.5,31
-43,23.5,31
-42,23.5,31
-41,23.5,31
-40,23.5,31
-39,23.5,34
-38,23.5,34
-37,23.5,34
-36,23.5,34
-35,23.5,34
-34,23.5,34
-33,23.5,34
-32,23.5,34
-31,23.5,34
-30,23.5,34
-29,23.5,34
-28,23.5,34
-27,23.5,34
-26,23.5,34
-25,23.5,34
-24,23.5,34
-23,23.5,34
-22,23.5,34
-21,23.5,34
-20,23.5,34
-19,23.5,117
-18,23.5,117
-17,23.5,117
-16,23.5,117
36,23.5,123
37,23.5,123
38,23.5,123
59,23.5,122
60,23.5,122
61,23.5,122
62,23.5,122
63,23.5,122
64,23.5,122
65,23.5,122
66,23.5,122
67,23.5,122
68,23.5,122
117,23.5,126
118,23.5,126
119,23.5,126
120,23.5,126
122,23.5,115
123,23.5,115
124,23.5,115
125,23.5,115
126,23.5,115
127,23.5,115
128,23.5,115
129,23.5,115
130,23.5,61
131,23.5,61
132,23.5,61
133,23.5,61
134,23.5,61
135,23.5,61
136,23.5,61
137,23.5,61
138,23.5,61
139,23.5,61
140,23.5,61
141,23.5,61
142,23.5,61
143,23.5,61
144,23.5,61
145,23.5,61
146,23.5,61
147,23.5,61
148,23.5,61
149,23.5,61
150,23.5,61
151,23.5,61
152,23.5,61
153,23.5,61
154,23.5,61
155,23.5,61
156,23.5,61
157,23.5,61
158,23.5,61
159,23.5,61
160,23.5,61
161,23.5,61
162,23.5,61
163,23.5,61
164,23.5,61
165,23.5,61
166,23.5,61
167,23.5,61
168,23.5,61
169,23.5,61
170,23.5,61
171,23.5,61
172,23.5,61
173,23.5,61
174,23.5,61
175,23.5,61
176,23.5,61
177,23.5,61
178,23.5,61
179,23.5,61
-179,22.5,61
-178,22.5,61
-177,22.5,61
-176,22.5,61
-175,22.5,61
-174,22.5,77
-173,22.5,77
-172,22.5,77
-171,22.5,77
-170,22.5,77
-169,22.5,77
-168,22.5,77
-167,22.5,77
-166,22.5,77
-165,22.5,77
-164,22.5,124
-163,22.5,124
-162,22.5,124
-161,22.5,124
-160,22.5,124
-159,22.5,124
-158,22.5,77
-157,22.5,77
-156,22.5,77
-155,22.5,77
-154,22.5,77
-153,22.5,77
-152,22.5,77
-151,22.5,77
-150,22.5,77
-149,22.5,77
-148,22.5,77
-147,22.5,77
-146,22.5,77
-145,22.5,77
-144,22.5,77
-143,22.5,77
-142,22.5,77
-141,22.5,77
-140,22.5,77
-139,22.5,77
-138,22.5,77
-137,22.5,77
-136,22.5,77
-135,22.5,77
-134,22.5,77
-133,22.5,77
-132,22.5,77
-131,22.5,77
-130,22.5,77
-129,22.5,77
-128,22.5,77
-127,22.5,77
-126,22.5,77
-125,22.5,77
-124,22.5,77
-123,22.5,77
-122,22.5,77
-121,22.5,77
-120,22.5,77
-119,22.5,77
-118,22.5,110
-117,22.5,110
-116,22.5,110
-115,22.5,110
-114,22.5,110
-113,22.5,110
-112,22.5,110
-111,22.5,110
-110,22.5,110
-109,22.5,120
-108,22.5,120
-107,22.5,120
-106,22.5,120
-97,22.5,121
-96,22.5,121
-95,22.5,121
-94,22.5,121
-93,22.5,121
-92,22.5,121
-91,22.5,121
-90,22.5,121
-89,22.5,121
-88,22.5,121
-87,22.5,121
-86,22.5,121
-85,22.5,125
-83,22.5,125
-82,22.5,125
-79,22.5,125
-78,22.5,125
-77,22.5,125
-76,22.5,125
-75,22.5,125
-74,22.5,125
-73,22.5,31
-72,22.5,31
-71,22.5,31
-70,22.5,31
-69,22.5,31
-68,22.5,31
-67,22.5,31
-66,22.5,31
-65,22.5,31
-64,22.5,31
-63,22.5,31
-62,22.5,31
-61,22.5,31
-60,22.5,31
-59,22.5,31
-58,22.5,31
-57,22.5,31
-56,22.5,31
-55,22.5,31
-54,22.5,31
-53,22.5,31
-52,22.5,31
-51,22.5,31
-50,22.5,31
-49,22.5,31
-48,22.5,31
-47,22.5,31
-46,22.5,31
-45,22.5,31
-44,22.5,31
-43,22.5,31
-42,22.5,31
-41,22.5,31
-40,22.5,31
-39,22.5,34
-38,22.5,34
-37,22.5,34
-36,22.5,34
-35,22.5,34
-34,22.5,34
-33,22.5,34
-32,22.5,34
-31,22.5,34
-30,22.5,34
-29,22.5,34
-28,22.5,34
-27,22.5,34
-26,22.5,34
-25,22.5,34
-24,22.5,34
-23,22.5,34
-22,22.5,34
-21,22.5,34
-20,22.5,34
-19,22.5,117
-18,22.5,117
-17,22.5,117
37,22.5,123
38,22.5,123
39,22.5,123
60,22.5,122
61,22.5,122
62,22.5,122
63,22.5,122
64,22.5,122
65,22.5,122
66,22.5,122
67,22.5,122
68,22.5,122
69,22.5,122
91,22.5,127
114,22.5,126
115,22.5,126
116,22.5,126
117,22.5,126
118,22.5,126
119,22.5,126
120,22.5,126
121,22.5,115
122,22.5,115
123,22.5,115
124,22.5,115
125,22.5,115
126,22.5,115
127,22.5,115
128,22.5,61
129,22.5,61
130,22.5,61
131,22.5,61
132,22.5,61
133,22.5,61
134,22.5,61
135,22.5,61
136,22.5,61
137,22.5,61
138,22.5,61
139,22.5,61
140,22.5,61
141,22.5,61
142,22.5,61
143,22.5,61
144,22.5,61
145,22.5,61
146,22.5,61
147,22.5,61
148,22.5,61
149,22.5,61
150,22.5,61
151,22.5,61
152,22.5,61
153,22.5,61
154,22.5,61
155,22.5,61
156,22.5,61
157,22.5,61
158,22.5,61
159,22.5,61
160,22.5,61
161,22.5,61
162,22.5,61
163,22.5,61
164,22.5,61
165,22.5,61
166,22.5,61
167,22.5,61
168,22.5,61
169,22.5,61
170,22.5,61
171,22.5,61
172,22.5,61
173,22.5,61
174,22.5,61
175,22.5,61
176,22.5,61
177,22.5,61
178,22.5,61
179,22.5,61
-179,21.5,61
-178,21.5,61
-177,21.5,61
-176,21.5,61
-175,21.5,61
-174,21.5,77
-173,21.5,77
-172,21.5,77
-171,21.5,77
-170,21.5,77
-169,21.5,77
-168,21.5,77
-167,21.5,77
-166,21.5,77
-165,21.5,77
-164,21.5,77
-163,21.5,77
-162,21.5,124
-161,21.5,124
-160,21.5,124
-159,21.5,124
-157,21.5,124
-156,21.5,77
-155,21.5,77
-154,21.5,77
-153,21.5,77
-152,21.5,77
-151,21.5,77
-150,21.5,77
-149,21.5,77
-148,21.5,77
-147,21.5,77
-146,21.5,77
-145,21.5,77
-144,21.5,77
-143,21.5,77
-142,21.5,77
-141,21.5,77
-140,21.5,77
-139,21.5,77
-138,21.5,77
-137,21.5,77
-136,21.5,77
-135,21.5,77
-134,21.5,77
-133,21.5,77
-132,21.5,77
-131,21.5,77
-130,21.5,77
-129,21.5,77
-128,21.5,77
-127,21.5,77
-126,21.5,77
-125,21.5,77
-124,21.5,77
-123,21.5,77
-122,21.5,77
-121,21.5,77
-120,21.5,77
-119,21.5,77
-118,21.5,77
-117,21.5,77
-116,21.5,77
-115,21.5,77
-114,21.5,128
-113,21.5,128
-112,21.5,128
-111,21.5,128
-110,21.5,128
-109,21.5,128
-108,21.5,128
-107,21.5,128
-106,21.5,128
-97,21.5,121
-96,21.5,121
-95,21.5,121
-94,21.5,121
-93,21.5,121
-92,21.5,121
-91,21.5,121
-90,21.5,121
-89,21.5,121
-86,21.5,125
-85,21.5,125
-84,21.5,125
-82,21.5,125
-81,21.5,125
-80,21.5,125
-79,21.5,125
-76,21.5,125
-75,21.5,125
-74,21.5,125
-73,21.5,125
-72,21.5,125
-71,21.5,125
-70,21.5,31
-69,21.5,31
-68,21.5,31
-67,21.5,31
-66,21.5,31
-65,21.5,31
-64,21.5,31
-63,21.5,31
-62,21.5,31
-61,21.5,31
-60,21.5,31
-59,21.5,31
-58,21.5,31
-57,21.5,31
-56,21.5,31
-55,21.5,31
-54,21.5,31
-53,21.5,31
-52,21.5,31
-51,21.5,31
-50,21.5,31
-49,21.5,31
-48,21.5,31
-47,21.5,31
-46,21.5,31
-45,21.5,31
-44,21.5,31
-43,21.5,31
-42,21.5,31
-41,21.5,31
-40,21.5,31
-39,21.5,34
-38,21.5,34
-37,21.5,34
-36,21.5,34
-35,21.5,34
-34,21.5,34
-33,21.5,34
-32,21.5,34
-31,21.5,34
-30,21.5,34
-29,21.5,34
-28,21.5,34
-27,21.5,34
-26,21.5,34
-25,21.5,34
-24,21.5,34
-23,21.5,34
-22,21.5,34
-21,21.5,34
-20,21.5,34
-19,21.5,117
-18,21.5,117
-17,21.5,117
37,21.5,123
38,21.5,123
39,21.5,123
60,21.5,122
61,21.5,122
62,21.5,122
63,21.5,122
64,21.5,122
65,21.5,122
66,21.5,122
67,21.5,122
68,21.5,122
69,21.5,122
88,21.5,127
89,21.5,127
90,21.5,127
91,21.5,127
92,21.5,127
109,21.5,126
111,21.5,126
112,21.5,126
113,21.5,126
114,21.5,126
115,21.5,126
116,21.5,126
117,21.5,126
118,21.5,126
119,21.5,126
120,21.5,126
121,21.5,126
122,21.5,115
123,21.5,115
124,21.5,61
125,21.5,61
126,21.5,61
127,21.5,61
128,21.5,61
129,21.5,61
130,21.5,61
131,21.5,61
132,21.5,61
133,21.5,61
134,21.5,61
135,21.5,61
136,21.5,61
137,21.5,61
138,21.5,61
139,21.5,61
140,21.5,61
141,21.5,61
142,21.5,61
143,21.5,61
144,21.5,61
145,21.5,61
146,21.5,61
147,21.5,61
148,21.5,61
149,21.5,61
150,21.5,61
151,21.5,61
152,21.5,61
153,21.5,61
154,21.5,61
155,21.5,61
156,21.5,61
157,21.5,61
158,21.5,61
159,21.5,61
160,21.5,61
161,21.5,61
162,21.5,61
163,21.5,61
164,21.5,61
165,21.5,61
166,21.5,61
167,21.5,61
168,21.5,61
169,21.5,61
170,21.5,61
171,21.5,61
172,21.5,61
173,21.5,61
174,21.5,61
175,21.5,61
176,21.5,61
177,21.5,61
178,21.5,61
179,21.5,61
-179,20.5,61
-178,20.5,61
-177,20.5,61
-176,20.5,61
-175,20.5,61
-174,20.5,77
-173,20.5,77
-172,20.5,77
-171,20.5,77
-170,20.5,77
-169,20.5,77
-168,20.5,77
-167,20.5,77
-166,20.5,77
-165,20.5,77
-164,20.5,77
-163,20.5,77
-162,20.5,77
-161,20.5,124
-160,20.5,124
-159,20.5,124
-158,20.5,124
-157,20.5,124
-156,20.5,124
-155,20.5,124
-154,20.5,77
-153,20.5,77
-152,20.5,77
-151,20.5,77
-150,20.5,77
-149,20.5,77
-148,20.5,77
-147,20.5,77
-146,20.5,77
-145,20.5,77
-144,20.5,77
-143,20.5,77
-142,20.5,77
-141,20.5,77
-140,20.5,77
-139,20.5,77
-138,20.5,77
-137,20.5,77
-136,20.5,77
-135,20.5,77
-134,20.5,77
-133,20.5,77
-132,20.5,77
-131,20.5,77
-130,20.5,77
-129,20.5,77
-128,20.5,77
-127,20.5,77
-126,20.5,77
-125,20.5,77
-124,20.5,77
-123,20.5,77
-122,20.5,77
-121,20.5,77
-120,20.5,77
-119,20.5,77
-118,20.5,77
-117,20.5,77
-116,20.5,77
-115,20.5,77
-114,20.5,77
-113,20.5,77
-112,20.5,128
-111,20.5,128
-110,20.5,128
-109,20.5,128
-108,20.5,128
-107,20.5,128
-106,20.5,128
-97,20.5,121
-96,20.5,121
-95,20.5,121
-94,20.5,121
-93,20.5,121
-92,20.5,121
-91,20.5,121
-87,20.5,125
-86,20.5,125
-85,20.5,125
-84,20.5,125
-83,20.5,125
-82,20.5,125
-81,20.5,125
-80,20.5,125
-79,20.5,125
-78,20.5,125
-74,20.5,125
-73,20.5,125
-72,20.5,125
-71,20.5,125
-70,20.5,125
-69,20.5,31
-68,20.5,31
-67,20.5,31
-66,20.5,31
-65,20.5,31
-64,20.5,31
-63,20.5,31
-62,20.5,31
-61,20.5,31
-60,20.5,31
-59,20.5,31
-58,20.5,31
-57,20.5,31
-56,20.5,31
-55,20.5,31
-54,20.5,31
-53,20.5,31
-52,20.5,31
-51,20.5,31
-50,20.5,31
-49,20.5,31
-48,20.5,31
-47,20.5,31
-46,20.5,31
-45,20.5,31
-44,20.5,31
-43,20.5,31
-42,20.5,31
-41,20.5,31
-40,20.5,31
-39,20.5,34
-38,20.5,34
-37,20.5,34
-36,20.5,34
-35,20.5,34
-34,20.5,34
-33,20.5,34
-32,20.5,34
-31,20.5,34
-30,20.5,34
-29,20.5,34
-28,20.5,34
-27,20.5,34
-26,20.5,34
-25,20.5,34
-24,20.5,34
-23,20.5,34
-22,20.5,34
-21,20.5,34
-20,20.5,117
-19,20.5,117
-18,20.5,117
-17,20.5,117
38,20.5,123
39,20.5,123
59,20.5,122
60,20.5,122
61,20.5,122
62,20.5,122
63,20.5,122
64,20.5,122
65,20.5,122
66,20.5,122
67,20.5,122
68,20.5,122
69,20.5,122
70,20.5,122
71,20.5,122
72,20.5,122
87,20.5,127
88,20.5,127
89,20.5,127
90,20.5,127
91,20.5,127
92,20.5,127
107,20.5,126
108,20.5,126
109,20.5,126
111,20.5,126
112,20.5,126
113,20.5,126
114,20.5,126
115,20.5,126
116,20.5,126
117,20.5,126
118,20.5,126
119,20.5,126
120,20.5,126
121,20.5,126
122,20.5,61
123,20.5,61
124,20.5,61
125,20.5,61
126,20.5,61
127,20.5,61
128,20.5,61
129,20.5,61
130,20.5,61
131,20.5,61
132,20.5,61
133,20.5,61
134,20.5,61
135,20.5,61
136,20.5,61
137,20.5,61
138,20.5,61
139,20.5,61
140,20.5,61
141,20.5,61
142,20.5,61
143,20.5,61
144,20.5,61
145,20.5,61
146,20.5,61
147,20.5,61
148,20.5,61
149,20.5,61
150,20.5,61
151,20.5,61
152,20.5,61
153,20.5,61
154,20.5,61
155,20.5,61
156,20.5,61
157,20.5,61
158,20.5,61
159,20.5,61
160,20.5,61
161,20.5,61
162,20.5,61
163,20.5,61
164,20.5,61
165,20.5,61
166,20.5,61
167,20.5,61
168,20.5,61
169,20.5,61
170,20.5,61
171,20.5,61
172,20.5,61
173,20.5,61
174,20.5,61
175,20.5,61
176,20.5,61
177,20.5,61
178,20.5,61
179,20.5,61
-179,19.5,71
-178,19.5,71
-177,19.5,71
-176,19.5,71
-175,19.5,71
-174,19.5,77
-173,19.5,77
-172,19.5,77
-171,19.5,77
-170,19.5,77
-169,19.5,77
-168,19.5,77
-167,19.5,77
-166,19.5,77
-165,19.5,77
-164,19.5,77
-163,19.5,77
-162,19.5,77
-161,19.5,77
-160,19.5,77
-159,19.5,124
-158,19.5,124
-157,19.5,124
-156,19.5,124
-154,19.5,124
-153,19.5,77
-152,19.5,77
-151,19.5,77
-150,19.5,77
-149,19.5,77
-148,19.5,77
-147,19.5,77
-146,19.5,77
-145,19.5,77
-144,19.5,77
-143,19.5,77
-142,19.5,77
-141,19.5,77
-140,19.5,77
-139,19.5,77
-138,19.5,77
-137,19.5,77
-136,19.5,77
-135,19.5,77
-134,19.5,77
-133,19.5,77
-132,19.5,77
-131,19.5,77
-130,19.5,77
-129,19.5,77
-128,19.5,77
-127,19.5,77
-126,19.5,77
-125,19.5,77
-124,19.5,77
-123,19.5,77
-122,19.5,77
-121,19.5,77
-120,19.5,77
-119,19.5,77
-118,19.5,77
-117,19.5,77
-116,19.5,77
-115,19.5,77
-114,19.5,77
-113,19.5,77
-112,19.5,77
-111,19.5,128
-110,19.5,128
-109,19.5,128
-108,19.5,128
-107,19.5,128
-106,19.5,128
-96,19.5,121
-95,19.5,121
-94,19.5,121
-93,19.5,121
-92,19.5,121
-91,19.5,121
-87,19.5,125
-86,19.5,125
-85,19.5,125
-84,19.5,125
-83,19.5,125
-82,19.5,125
-81,19.5,125
-80,19.5,125
-79,19.5,125
-78,19.5,125
-77,19.5,125
-76,19.5,125
-75,19.5,125
-74,19.5,125
-73,19.5,125
-69,19.5,125
-68,19.5,31
-67,19.5,31
-66,19.5,31
-65,19.5,31
-64,19.5,31
-63,19.5,31
-62,19.5,31
-61,19.5,31
-60,19.5,31
-59,19.5,31
-58,19.5,31
-57,19.5,31
-56,19.5,31
-55,19.5,31
-54,19.5,31
-53,19.5,31
-52,19.5,31
-51,19.5,31
-50,19.5,31
-49,19.5,31
-48,19.5,31
-47,19.5,31
-46,19.5,31
-45,19.5,31
-44,19.5,31
-43,19.5,31
-42,19.5,31
-41,19.5,31
-40,19.5,31
-39,19.5,34
-38,19.5,34
-37,19.5,34
-36,19.5,34
-35,19.5,34
-34,19.5,34
-33,19.5,34
-32,19.5,34
-31,19.5,34
-30,19.5,34
-29,19.5,34
-28,19.5,34
-27,19.5,34
-26,19.5,34
-25,19.5,34
-24,19.5,34
-23,19.5,34
-22,19.5,34
-21,19.5,34
-20,19.5,117
-19,19.5,117
-18,19.5,117
-17,19.5,117
38,19.5,123
39,19.5,123
40,19.5,123
58,19.5,122
59,19.5,122
60,19.5,122
61,19.5,122
62,19.5,122
63,19.5,122
64,19.5,122
65,19.5,122
66,19.5,122
67,19.5,122
68,19.5,122
69,19.5,122
70,19.5,122
71,19.5,122
72,19.5,122
86,19.5,127
87,19.5,127
88,19.5,127
89,19.5,127
90,19.5,127
91,19.5,127
92,19.5,127
93,19.5,127
106,19.5,126
107,19.5,126
108,19.5,126
111,19.5,126
112,19.5,126
113,19.5,126
114,19.5,126
115,19.5,126
116,19.5,126
117,19.5,126
118,19.5,126
119,19.5,126
120,19.5,126
121,19.5,71
122,19.5,71
123,19.5,71
124,19.5,71
125,19.5,71
126,19.5,71
127,19.5,71
128,19.5,71
129,19.5,71
130,19.5,71
131,19.5,71
132,19.5,71
133,19.5,71
134,19.5,71
135,19.5,71
136,19.5,71
137,19.5,71
138,19.5,71
139,19.5,71
140,19.5,71
141,19.5,71
142,19.5,71
143,19.5,71
144,19.5,71
145,19.5,71
146,19.5,71
147,19.5,71
148,19.5,71
149,19.5,71
150,19.5,71
151,19.5,71
152,19.5,71
153,19.5,71
154,19.5,71
155,19.5,71
156,19.5,71
157,19.5,71
158,19.5,71
159,19.5,71
160,19.5,71
161,19.5,71
162,19.5,71
163,19.5,71
164,19.5,71
165,19.5,71
166,19.5,71
167,19.5,71
168,19.5,71
169,19.5,71
170,19.5,71
171,19.5,71
172,19.5,71
173,19.5,71
174,19.5,71
175,19.5,71
176,19.5,71
177,19.5,71
178,19.5,71
179,19.5,71
-179,18.5,71
-178,18.5,71
-177,18.5,71
-176,18.5,71
-175,18.5,71
-174,18.5,77
-173,18.5,77
-172,18.5,77
-171,18.5,77
-170,18.5,77
-169,18.5,77
-168,18.5,77
-167,18.5,77
-166,18.5,77
-165,18.5,77
-164,18.5,77
-163,18.5,77
-162,18.5,77
-161,18.5,77
-160,18.5,77
-159,18.5,77
-158,18.5,124
-157,18.5,124
-156,18.5,124
-155,18.5,124
-154,18.5,124
-153,18.5,77
-152,18.5,77
-151,18.5,77
-150,18.5,77
-149,18.5,77
-148,18.5,77
-147,18.5,77
-146,18.5,77
-145,18.5,77
-144,18.5,77
-143,18.5,77
-142,18.5,77
-141,18.5,77
-140,18.5,77
-139,18.5,77
-138,18.5,77
-137,18.5,77
-136,18.5,77
-135,18.5,77
-134,18.5,77
-133,18.5,77
-132,18.5,77
-131,18.5,77
-130,18.5,77
-129,18.5,77
-128,18.5,77
-127,18.5,77
-126,18.5,77
-125,18.5,77
-124,18.5,77
-123,18.5,77
-122,18.5,77
-121,18.5,77
-120,18.5,77
-119,18.5,77
-118,18.5,77
-117,18.5,77
-116,18.5,77
-115,18.5,77
-114,18.5,77
-113,18.5,77
-112,18.5,77
-111,18.5,77
-110,18.5,128
-109,18.5,128
-108,18.5,128
-107,18.5,128
-106,18.5,128
-105,18.5,128
-104,18.5,128
-94,18.5,121
-93,18.5,121
-87,18.5,125
-86,18.5,125
-85,18.5,125
-84,18.5,125
-83,18.5,125
-82,18.5,125
-81,18.5,125
-80,18.5,125
-79,18.5,125
-78,18.5,125
-77,18.5,125
-76,18.5,125
-75,18.5,125
-73,18.5,125
-68,18.5,125
-66,18.5,125
-65,18.5,31
-64,18.5,31
-63,18.5,31
-62,18.5,31
-61,18.5,31
-60,18.5,31
-59,18.5,31
-58,18.5,31
-57,18.5,31
-56,18.5,31
-55,18.5,31
-54,18.5,31
-53,18.5,31
-52,18.5,31
-51,18.5,31
-50,18.5,31
-49,18.5,31
-48,18.5,31
-47,18.5,31
-46,18.5,31
-45,18.5,31
-44,18.5,31
-43,18.5,31
-42,18.5,31
-41,18.5,31
-40,18.5,31
-39,18.5,34
-38,18.5,34
-37,18.5,34
-36,18.5,34
-35,18.5,34
-34,18.5,34
-33,18.5,34
-32,18.5,34
-31,18.5,34
-30,18.5,34
-29,18.5,34
-28,18.5,34
-27,18.5,34
-26,18.5,34
-25,18.5,34
-24,18.5,34
-23,18.5,34
-22,18.5,34
-21,18.5,34
-20,18.5,117
-19,18.5,117
-18,18.5,117
-17,18.5,117
38,18.5,123
39,18.5,123
40,18.5,123
41,18.5,123
57,18.5,122
58,18.5,122
59,18.5,122
60,18.5,122
61,18.5,122
62,18.5,122
63,18.5,122
64,18.5,122
65,18.5,122
66,18.5,122
67,18.5,122
68,18.5,122
69,18.5,122
70,18.5,122
71,18.5,122
72,18.5,122
85,18.5,127
86,18.5,127
87,18.5,127
88,18.5,127
89,18.5,127
90,18.5,127
91,18.5,127
92,18.5,127
93,18.5,127
94,18.5,127
106,18.5,126
107,18.5,126
108,18.5,126
111,18.5,126
112,18.5,126
113,18.5,126
114,18.5,126
115,18.5,126
116,18.5,126
117,18.5,126
118,18.5,126
119,18.5,126
120,18.5,126
122,18.5,71
123,18.5,71
124,18.5,71
125,18.5,71
126,18.5,71
127,18.5,71
128,18.5,71
129,18.5,71
130,18.5,71
131,18.5,71
132,18.5,71
133,18.5,71
134,18.5,71
135,18.5,71
136,18.5,71
137,18.5,71
138,18.5,71
139,18.5,71
140,18.5,71
141,18.5,71
142,18.5,71
143,18.5,71
144,18.5,71
145,18.5,71
146,18.5,71
147,18.5,71
148,18.5,71
149,18.5,71
150,18.5,71
151,18.5,71
152,18.5,71
153,18.5,71
154,18.5,71
155,18.5,71
156,18.5,71
157,18.5,71
158,18.5,71
159,18.5,71
160,18.5,71
161,18.5,71
162,18.5,71
163,18.5,71
164,18.5,71
165,18.5,71
166,18.5,71
167,18.5,71
168,18.5,71
169,18.5,71
170,18.5,71
171,18.5,71
172,18.5,71
173,18.5,71
174,18.5,71
175,18.5,71
176,18.5,71
177,18.5,71
178,18.5,71
179,18.5,71
-179,17.5,71
-178,17.5,71
-177,17.5,71
-176,17.5,71
-175,17.5,71
-174,17.5,77
-173,17.5,77
-172,17.5,77
-171,17.5,77
-170,17.5,77
-169,17.5,77
-168,17.5,77
-167,17.5,77
-166,17.5,77
-165,17.5,77
-164,17.5,77
-163,17.5,77
-162,17.5,77
-161,17.5,77
-160,17.5,77
-159,17.5,77
-158,17.5,77
-157,17.5,77
-156,17.5,77
-155,17.5,124
-154,17.5,77
-153,17.5,77
-152,17.5,77
-151,17.5,77
-150,17.5,77
-149,17.5,77
-148,17.5,77
-147,17.5,77
-146,17.5,77
-145,17.5,77
-144,17.5,77
-143,17.5,77
-142,17.5,77
-141,17.5,77
-140,17.5,77
-139,17.5,77
-138,17.5,77
-137,17.5,77
-136,17.5,77
-135,17.5,77
-134,17.5,77
-133,17.5,77
-132,17.5,77
-131,17.5,77
-130,17.5,77
-129,17.5,77
-128,17.5,77
-127,17.5,77
-126,17.5,77
-125,17.5,77
-124,17.5,77
-123,17.5,77
-122,17.5,77
-121,17.5,77
-120,17.5,77
-119,17.5,77
-118,17.5,77
-117,17.5,77
-116,17.5,77
-115,17.5,77
-114,17.5,77
-113,17.5,77
-112,17.5,77
-111,17.5,77
-110,17.5,77
-109,17.5,77
-108,17.5,128
-107,17.5,128
-106,17.5,128
-105,17.5,128
-104,17.5,128
-103,17.5,128
-102,17.5,128
-88,17.5,125
-87,17.5,125
-86,17.5,125
-85,17.5,125
-84,17.5,125
-83,17.5,125
-82,17.5,125
-81,17.5,125
-80,17.5,125
-79,17.5,125
-78,17.5,125
-77,17.5,125
-76,17.5,125
-75,17.5,125
-74,17.5,125
-73,17.5,125
-72,17.5,125
-71,17.5,125
-70,17.5,125
-69,17.5,125
-68,17.5,125
-67,17.5,125
-66,17.5,125
-65,17.5,125
-64,17.5,125
-63,17.5,125
-62,17.5,31
-61,17.5,31
-60,17.5,31
-59,17.5,31
-58,17.5,31
-57,17.5,31
-56,17.5,31
-55,17.5,31
-54,17.5,31
-53,17.5,31
-52,17.5,31
-51,17.5,31
-50,17.5,31
-49,17.5,31
-48,17.5,31
-47,17.5,31
-46,17.5,31
-45,17.5,31
-44,17.5,31
-43,17.5,31
-42,17.5,31
-41,17.5,31
-40,17.5,31
-39,17.5,34
-38,17.5,34
-37,17.5,34
-36,17.5,34
-35,17.5,34
-34,17.5,34
-33,17.5,34
-32,17.5,34
-31,17.5,34
-30,17.5,34
-29,17.5,34
-28,17.5,34
-27,17.5,34
-26,17.5,34
-25,17.5,34
-24,17.5,34
-23,17.5,34
-22,17.5,34
-21,17.5,34
-20,17.5,117
-19,17.5,117
-18,17.5,117
-17,17.5,117
39,17.5,123
40,17.5,123
41,17.5,123
42,17.5,123
56,17.5,122
57,17.5,122
58,17.5,122
59,17.5,122
60,17.5,122
61,17.5,122
62,17.5,122
63,17.5,122
64,17.5,122
65,17.5,122
66,17.5,122
67,17.5,122
68,17.5,122
69,17.5,122
70,17.5,122
71,17.5,122
72,17.5,122
73,17.5,122
84,17.5,127
85,17.5,127
86,17.5,127
87,17.5,127
88,17.5,127
89,17.5,127
90,17.5,127
91,17.5,127
92,17.5,127
93,17.5,127
94,17.5,127
107,17.5,126
108,17.5,126
109,17.5,126
110,17.5,126
111,17.5,126
112,17.5,126
113,17.5,126
114,17.5,126
115,17.5,126
116,17.5,126
117,17.5,126
118,17.5,126
119,17.5,126
120,17.5,126
123,17.5,71
124,17.5,71
125,17.5,71
126,17.5,71
127,17.5,71
128,17.5,71
129,17.5,71
130,17.5,71
131,17.5,71
132,17.5,71
133,17.5,71
134,17.5,71
135,17.5,71
136,17.5,71
137,17.5,71
138,17.5,71
139,17.5,71
140,17.5,71
141,17.5,71
142,17.5,71
143,17.5,71
144,17.5,71
145,17.5,71
146,17.5,71
147,17.5,71
148,17.5,71
149,17.5,71
150,17.5,71
151,17.5,71
152,17.5,71
153,17.5,71
154,17.5,71
155,17.5,71
156,17.5,71
157,17.5,71
158,17.5,71
159,17.5,71
160,17.5,71
161,17.5,71
162,17.5,71
163,17.5,71
164,17.5,71
165,17.5,71
166,17.5,71
167,17.5,71
168,17.5,71
169,17.5,71
170,17.5,71
171,17.5,71
172,17.5,71
173,17.5,71
174,17.5,71
175,17.5,71
176,17.5,71
177,17.5,71
178,17.5,71
179,17.5,71
-179,16.5,71
-178,16.5,71
-177,16.5,71
-176,16.5,71
-175,16.5,71
-174,16.5,77
-173,16.5,77
-172,16.5,77
-171,16.5,77
-170,16.5,77
-169,16.5,77
-168,16.5,77
-167,16.5,77
-166,16.5,77
-165,16.5,77
-164,16.5,77
-163,16.5,77
-162,16.5,77
-161,16.5,77
-160,16.5,77
-159,16.5,77
-158,16.5,77
-157,16.5,77
-156,16.5,77
-155,16.5,77
-154,16.5,77
-153,16.5,77
-152,16.5,77
-151,16.5,77
-150,16.5,77
-149,16.5,77
-148,16.5,77
-147,16.5,77
-146,16.5,77
-145,16.5,77
-144,16.5,77
-143,16.5,77
-142,16.5,77
-141,16.5,77
-140,16.5,77
-139,16.5,77
-138,16.5,77
-137,16.5,77
-136,16.5,77
-135,16.5,77
-134,16.5,77
-133,16.5,77
-132,16.5,77
-131,16.5,77
-130,16.5,77
-129,16.5,77
-128,16.5,77
-127,16.5,77
-126,16.5,77
-125,16.5,77
-124,16.5,77
-123,16.5,77
-122,16.5,77
-121,16.5,77
-120,16.5,77
-119,16.5,77
-118,16.5,77
-117,16.5,77
-116,16.5,77
-115,16.5,77
-114,16.5,77
-113,16.5,77
-112,16.5,77
-111,16.5,77
-110,16.5,77
-109,16.5,77
-108,16.5,77
-107,16.5,77
-106,16.5,128
-105,16.5,128
-104,16.5,128
-103,16.5,128
-102,16.5,128
-101,16.5,128
-100,16.5,128
-99,16.5,128
-88,16.5,125
-87,16.5,125
-86,16.5,125
-85,16.5,125
-84,16.5,125
-83,16.5,125
-82,16.5,125
-81,16.5,125
-80,16.5,125
-79,16.5,125
-78,16.5,125
-77,16.5,125
-76,16.5,125
-75,16.5,125
-74,16.5,125
-73,16.5,125
-72,16.5,125
-71,16.5,125
-70,16.5,125
-69,16.5,125
-68,16.5,125
-67,16.5,125
-66,16.5,125
-65,16.5,125
-64,16.5,125
-63,16.5,125
-62,16.5,125
-61,16.5,31
-60,16.5,31
-59,16.5,31
-58,16.5,31
-57,16.5,31
-56,16.5,31
-55,16.5,31
-54,16.5,31
-53,16.5,31
-52,16.5,31
-51,16.5,31
-50,16.5,31
-49,16.5,31
-48,16.5,31
-47,16.5,31
-46,16.5,31
-45,16.5,31
-44,16.5,31
-43,16.5,31
-42,16.5,31
-41,16.5,31
-40,16.5,31
-39,16.5,34
-38,16.5,34
-37,16.5,34
-36,16.5,34
-35,16.5,34
-34,16.5,34
-33,16.5,34
-32,16.5,34
-31,16.5,34
-30,16.5,34
-29,16.5,34
-28,16.5,34
-27,16.5,34
-26,16.5,34
-25,16.5,34
-24,16.5,34
-23,16.5,34
-22,16.5,34
-21,16.5,34
-20,16.5,117
-19,16.5,117
-18,16.5,117
-17,16.5,117
40,16.5,123
41,16.5,123
42,16.5,123
53,16.5,122
54,16.5,122
55,16.5,122
56,16.5,122
57,16.5,122
58,16.5,122
59,16.5,122
60,16.5,122
61,16.5,122
62,16.5,122
63,16.5,122
64,16.5,122
65,16.5,122
66,16.5,122
67,16.5,122
68,16.5,122
69,16.5,122
70,16.5,122
71,16.5,122
72,16.5,122
73,16.5,122
83,16.5,127
84,16.5,127
85,16.5,127
86,16.5,127
87,16.5,127
88,16.5,127
89,16.5,127
90,16.5,127
91,16.5,127
92,16.5,127
93,16.5,127
94,16.5,127
97,16.5,127
108,16.5,126
109,16.5,126
110,16.5,126
111,16.5,126
112,16.5,126
113,16.5,126
114,16.5,126
115,16.5,126
116,16.5,126
117,16.5,126
118,16.5,126
119,16.5,126
120,16.5,126
123,16.5,71
124,16.5,71
125,16.5,71
126,16.5,71
127,16.5,71
128,16.5,71
129,16.5,71
130,16.5,71
131,16.5,71
132,16.5,71
133,16.5,71
134,16.5,71
135,16.5,71
136,16.5,71
137,16.5,71
138,16.5,71
139,16.5,71
140,16.5,71
141,16.5,71
142,16.5,71
143,16.5,71
144,16.5,71
145,16.5,71
146,16.5,71
147,16.5,71
148,16.5,71
149,16.5,71
150,16.5,71
151,16.5,71
152,16.5,71
153,16.5,71
154,16.5,71
155,16.5,71
156,16.5,71
157,16.5,71
158,16.5,71
159,16.5,71
160,16.5,71
161,16.5,71
162,16.5,71
163,16.5,71
164,16.5,71
165,16.5,71
166,16.5,71
167,16.5,71
168,16.5,71
169,16.5,71
170,16.5,71
171,16.5,71
172,16.5,71
173,16.5,71
174,16.5,71
175,16.5,71
176,16.5,71
177,16.5,71
178,16.5,71
179,16.5,71
-179,15.5,71
-178,15.5,71
-177,15.5,71
-176,15.5,71
-175,15.5,71
-174,15.5,77
-173,15.5,77
-172,15.5,77
-171,15.5,77
-170,15.5,77
-169,15.5,77
-168,15.5,77
-167,15.5,77
-166,15.5,77
-165,15.5,77
-164,15.5,77
-163,15.5,77
-162,15.5,77
-161,15.5,77
-160,15.5,77
-159,15.5,77
-158,15.5,77
-157,15.5,77
-156,15.5,77
-155,15.5,77
-154,15.5,77
-153,15.5,77
-152,15.5,77
-151,15.5,77
-150,15.5,77
-149,15.5,77
-148,15.5,77
-147,15.5,77
-146,15.5,77
-145,15.5,77
-144,15.5,77
-143,15.5,77
-142,15.5,77
-141,15.5,77
-140,15.5,77
-139,15.5,77
-138,15.5,77
-137,15.5,77
-136,15.5,77
-135,15.5,77
-134,15.5,77
-133,15.5,77
-132,15.5,77
-131,15.5,77
-130,15.5,77
-129,15.5,77
-128,15.5,77
-127,15.5,77
-126,15.5,77
-125,15.5,77
-124,15.5,77
-123,15.5,77
-122,15.5,77
-121,15.5,77
-120,15.5,77
-119,15.5,77
-118,15.5,77
-117,15.5,77
-116,15.5,77
-115,15.5,77
-114,15.5,77
-113,15.5,77
-112,15.5,77
-111,15.5,77
-110,15.5,77
-109,15.5,77
-108,15.5,77
-107,15.5,77
-106,15.5,77
-105,15.5,77
-104,15.5,128
-103,15.5,128
-102,15.5,128
-101,15.5,128
-100,15.5,128
-99,15.5,128
-98,15.5,128
-97,15.5,128
-96,15.5,128
-95,15.5,128
-94,15.5,128
-84,15.5,125
-83,15.5,125
-82,15.5,125
-81,15.5,125
-80,15.5,125
-79,15.5,125
-78,15.5,125
-77,15.5,125
-76,15.5,125
-75,15.5,125
-74,15.5,125
-73,15.5,125
-72,15.5,125
-71,15.5,125
-70,15.5,125
-69,15.5,125
-68,15.5,125
-67,15.5,125
-66,15.5,125
-65,15.5,125
-64,15.5,125
-63,15.5,125
-62,15.5,125
-61,15.5,125
-60,15.5,31
-59,15.5,31
-58,15.5,31
-57,15.5,31
-56,15.5,31
-55,15.5,31
-54,15.5,31
-53,15.5,31
-52,15.5,31
-51,15.5,31
-50,15.5,31
-49,15.5,31
-48,15.5,31
-47,15.5,31
-46,15.5,31
-45,15.5,31
-44,15.5,31
-43,15.5,31
-42,15.5,31
-41,15.5,31
-40,15.5,31
-39,15.5,34
-38,15.5,34
-37,15.5,34
-36,15.5,34
-35,15.5,34
-34,15.5,34
-33,15.5,34
-32,15.5,34
-31,15.5,34
-30,15.5,34
-29,15.5,34
-28,15.5,34
-27,15.5,34
-26,15.5,34
-25,15.5,34
-24,15.5,34
-23,15.5,34
-22,15.5,34
-21,15.5,34
-20,15.5,117
-19,15.5,117
-18,15.5,117
-17,15.5,117
40,15.5,123
41,15.5,123
42,15.5,123
52,15.5,122
53,15.5,122
54,15.5,122
55,15.5,122
56,15.5,122
57,15.5,122
58,15.5,122
59,15.5,122
60,15.5,122
61,15.5,122
62,15.5,122
63,15.5,122
64,15.5,122
65,15.5,122
66,15.5,122
67,15.5,122
68,15.5,122
69,15.5,122
70,15.5,122
71,15.5,122
72,15.5,122
73,15.5,122
81,15.5,127
82,15.5,127
83,15.5,127
84,15.5,127
85,15.5,127
86,15.5,127
87,15.5,127
88,15.5,127
89,15.5,127
90,15.5,127
91,15.5,127
92,15.5,127
93,15.5,127
94,15.5,127
95,15.5,127
96,15.5,127
97,15.5,127
109,15.5,126
110,15.5,126
111,15.5,126
112,15.5,126
113,15.5,126
114,15.5,126
115,15.5,126
116,15.5,126
117,15.5,126
118,15.5,126
119,15.5,126
122,15.5,71
123,15.5,71
124,15.5,71
125,15.5,71
126,15.5,71
127,15.5,71
128,15.5,71
129,15.5,71
130,15.5,71
131,15.5,71
132,15.5,71
133,15.5,71
134,15.5,71
135,15.5,71
136,15.5,71
137,15.5,71
138,15.5,71
139,15.5,71
140,15.5,71
141,15.5,71
142,15.5,71
143,15.5,71
144,15.5,71
145,15.5,71
146,15.5,71
147,15.5,71
148,15.5,71
149,15.5,71
150,15.5,71
151,15.5,71
152,15.5,71
153,15.5,71
154,15.5,71
155,15.5,71
156,15.5,71
157,15.5,71
158,15.5,71
159,15.5,71
160,15.5,71
161,15.5,71
162,15.5,71
163,15.5,71
164,15.5,71
165,15.5,71
166,15.5,71
167,15.5,71
168,15.5,71
169,15.5,71
170,15.5,71
171,15.5,71
172,15.5,71
173,15.5,71
174,15.5,71
175,15.5,71
176,15.5,71
177,15.5,71
178,15.5,71
179,15.5,71
-179,14.5,71
-178,14.5,71
-177,14.5,71
-176,14.5,71
-175,14.5,71
-174,14.5,77
-173,14.5,77
-172,14.5,77
-171,14.5,77
-170,14.5,77
-169,14.5,77
-168,14.5,77
-167,14.5,77
-166,14.5,77
-165,14.5,77
-164,14.5,77
-163,14.5,77
-162,14.5,77
-161,14.5,77
-160,14.5,77
-159,14.5,77
-158,14.5,77
-157,14.5,77
-156,14.5,77
-155,14.5,77
-154,14.5,77
-153,14.5,77
-152,14.5,77
-151,14.5,77
-150,14.5,77
-149,14.5,77
-148,14.5,77
-147,14.5,77
-146,14.5,77
-145,14.5,77
-144,14.5,77
-143,14.5,77
-142,14.5,77
-141,14.5,77
-140,14.5,77
-139,14.5,77
-138,14.5,77
-137,14.5,77
-136,14.5,77
-135,14.5,77
-134,14.5,77
-133,14.5,77
-132,14.5,77
-131,14.5,77
-130,14.5,77
-129,14.5,77
-128,14.5,77
-127,14.5,77
-126,14.5,77
-125,14.5,77
-124,14.5,77
-123,14.5,77
-122,14.5,77
-121,14.5,77
-120,14.5,77
-119,14.5,77
-118,14.5,77
-117,14.5,77
-116,14.5,77
-115,14.5,77
-114,14.5,77
-113,14.5,77
-112,14.5,77
-111,14.5,77
-110,14.5,77
-109,14.5,77
-108,14.5,77
-107,14.5,77
-106,14.5,77
-105,14.5,77
-104,14.5,77
-103,14.5,77
-102,14.5,128
-101,14.5,128
-100,14.5,128
-99,14.5,128
-98,14.5,128
-97,14.5,128
-96,14.5,128
-95,14.5,128
-94,14.5,128
-93,14.5,128
-83,14.5,125
-82,14.5,125
-81,14.5,125
-80,14.5,125
-79,14.5,125
-78,14.5,125
-77,14.5,125
-76,14.5,125
-75,14.5,125
-74,14.5,125
-73,14.5,125
-72,14.5,125
-71,14.5,125
-70,14.5,125
-69,14.5,125
-68,14.5,125
-67,14.5,125
-66,14.5,125
-65,14.5,125
-64,14.5,125
-63,14.5,125
-62,14.5,125
-60,14.5,31
-59,14.5,31
-58,14.5,31
-57,14.5,31
-56,14.5,31
-55,14.5,31
-54,14.5,31
-53,14.5,31
-52,14.5,31
-51,14.5,31
-50,14.5,31
-49,14.5,31
-48,14.5,31
-47,14.5,31
-46,14.5,31
-45,14.5,31
-44,14.5,31
-43,14.5,31
-42,14.5,31
-41,14.5,31
-40,14.5,31
-39,14.5,34
-38,14.5,34
-37,14.5,34
-36,14.5,34
-35,14.5,34
-34,14.5,34
-33,14.5,34
-32,14.5,34
-31,14.5,34
-30,14.5,34
-29,14.5,34
-28,14.5,34
-27,14.5,34
-26,14.5,34
-25,14.5,34
-24,14.5,34
-23,14.5,34
-22,14.5,34
-21,14.5,34
-20,14.5,117
-19,14.5,117
-18,14.5,117
42,14.5,123
43,14.5,123
50,14.5,122
51,14.5,122
52,14.5,122
53,14.5,122
54,14.5,122
55,14.5,122
56,14.5,122
57,14.5,122
58,14.5,122
59,14.5,122
60,14.5,122
61,14.5,122
62,14.5,122
63,14.5,122
64,14.5,122
65,14.5,122
66,14.5,122
67,14.5,122
68,14.5,122
69,14.5,122
70,14.5,122
71,14.5,122
72,14.5,122
73,14.5,122
74,14.5,122
81,14.5,127
82,14.5,127
83,14.5,127
84,14.5,127
85,14.5,127
86,14.5,127
87,14.5,127
88,14.5,127
89,14.5,127
90,14.5,127
91,14.5,127
92,14.5,127
93,14.5,127
94,14.5,127
95,14.5,127
96,14.5,127
97,14.5,127
110,14.5,126
111,14.5,126
112,14.5,126
113,14.5,126
114,14.5,126
115,14.5,126
116,14.5,126
117,14.5,126
118,14.5,126
119,14.5,126
120,14.5,126
122,14.5,71
123,14.5,71
124,14.5,71
125,14.5,71
126,14.5,71
127,14.5,71
128,14.5,71
129,14.5,71
130,14.5,71
131,14.5,71
132,14.5,71
133,14.5,71
134,14.5,71
135,14.5,71
136,14.5,71
137,14.5,71
138,14.5,71
139,14.5,71
140,14.5,71
141,14.5,71
142,14.5,71
143,14.5,71
144,14.5,71
145,14.5,71
146,14.5,71
147,14.5,71
148,14.5,71
149,14.5,71
150,14.5,71
151,14.5,71
152,14.5,71
153,14.5,71
154,14.5,71
155,14.5,71
156,14.5,71
157,14.5,71
158,14.5,71
159,14.5,71
160,14.5,71
161,14.5,71
162,14.5,71
163,14.5,71
164,14.5,71
165,14.5,71
166,14.5,71
167,14.5,71
168,14.5,71
169,14.5,71
170,14.5,71
171,14.5,71
172,14.5,71
173,14.5,71
174,14.5,71
175,14.5,71
176,14.5,71
177,14.5,71
178,14.5,71
179,14.5,71
-179,13.5,71
-178,13.5,71
-177,13.5,71
-176,13.5,71
-175,13.5,71
-174,13.5,77
-173,13.5,77
-172,13.5,77
-171,13.5,77
-170,13.5,77
-169,13.5,77
-168,13.5,77
-167,13.5,77
-166,13.5,77
-165,13.5,77
-164,13.5,77
-163,13.5,77
-162,13.5,77
-161,13.5,77
-160,13.5,77
-159,13.5,77
-158,13.5,77
-157,13.5,77
-156,13.5,77
-155,13.5,77
-154,13.5,77
-153,13.5,77
-152,13.5,77
-151,13.5,77
-150,13.5,77
-149,13.5,77
-148,13.5,77
-147,13.5,77
-146,13.5,77
-145,13.5,77
-144,13.5,77
-143,13.5,77
-142,13.5,77
-141,13.5,77
-140,13.5,77
-139,13.5,77
-138,13.5,77
-137,13.5,77
-136,13.5,77
-135,13.5,77
-134,13.5,77
-133,13.5,77
-132,13.5,77
-131,13.5,77
-130,13.5,77
-129,13.5,77
-128,13.5,77
-127,13.5,77
-126,13.5,77
-125,13.5,77
-124,13.5,77
-123,13.5,77
-122,13.5,77
-121,13.5,77
-120,13.5,77
-119,13.5,77
-118,13.5,77
-117,13.5,77
-116,13.5,77
-115,13.5,77
-114,13.5,77
-113,13.5,77
-112,13.5,77
-111,13.5,77
-110,13.5,77
-109,13.5,77
-108,13.5,77
-107,13.5,77
-106,13.5,77
-105,13.5,77
-104,13.5,77
-103,13.5,77
-102,13.5,77
-101,13.5,77
-100,13.5,128
-99,13.5,128
-98,13.5,128
-97,13.5,128
-96,13.5,128
-95,13.5,128
-94,13.5,128
-93,13.5,128
-92,13.5,128
-91,13.5,128
-90,13.5,128
-83,13.5,125
-82,13.5,125
-81,13.5,125
-80,13.5,125
-79,13.5,125
-78,13.5,125
-77,13.5,125
-76,13.5,125
-75,13.5,125
-74,13.5,125
-73,13.5,125
-72,13.5,125
-71,13.5,125
-70,13.5,125
-69,13.5,125
-68,13.5,125
-67,13.5,125
-66,13.5,125
-65,13.5,125
-64,13.5,125
-63,13.5,125
-62,13.5,125
-61,13.5,125
-60,13.5,125
-59,13.5,31
-58,13.5,31
-57,13.5,31
-56,13.5,31
-55,13.5,31
-54,13.5,31
-53,13.5,31
-52,13.5,31
-51,13.5,31
-50,13.5,31
-49,13.5,31
-48,13.5,31
-47,13.5,31
-46,13.5,31
-45,13.5,31
-44,13.5,31
-43,13.5,31
-42,13.5,31
-41,13.5,31
-40,13.5,31
-39,13.5,34
-38,13.5,34
-37,13.5,34
-36,13.5,34
-35,13.5,34
-34,13.5,34
-33,13.5,34
-32,13.5,34
-31,13.5,34
-30,13.5,34
-29,13.5,34
-28,13.5,34
-27,13.5,34
-26,13.5,34
-25,13.5,34
-24,13.5,34
-23,13.5,34
-22,13.5,34
-21,13.5,34
-20,13.5,117
-19,13.5,117
-18,13.5,117
-17,13.5,117
43,13.5,123
47,13.5,122
48,13.5,122
49,13.5,122
50,13.5,122
51,13.5,122
52,13.5,122
53,13.5,122
54,13.5,122
55,13.5,122
56,13.5,122
57,13.5,122
58,13.5,122
59,13.5,122
60,13.5,122
61,13.5,122
62,13.5,122
63,13.5,122
64,13.5,122
65,13.5,122
66,13.5,122
67,13.5,122
68,13.5,122
69,13.5,122
70,13.5,122
71,13.5,122
72,13.5,122
73,13.5,122
74,13.5,122
81,13.5,127
82,13.5,127
83,13.5,127
84,13.5,127
85,13.5,127
86,13.5,127
87,13.5,127
88,13.5,127
89,13.5,127
90,13.5,127
91,13.5,127
92,13.5,127
94,13.5,127
95,13.5,127
96,13.5,127
97,13.5,127
98,13.5,127
110,13.5,126
111,13.5,126
112,13.5,126
113,13.5,126
114,13.5,126
115,13.5,126
116,13.5,126
117,13.5,126
118,13.5,126
119,13.5,126
120,13.5,126
121,13.5,129
123,13.5,129
124,13.5,71
125,13.5,71
126,13.5,71
127,13.5,71
128,13.5,71
129,13.5,71
130,13.5,71
131,13.5,71
132,13.5,71
133,13.5,71
134,13.5,71
135,13.5,71
136,13.5,71
137,13.5,71
138,13.5,71
139,13.5,71
140,13.5,71
141,13.5,71
142,13.5,71
143,13.5,71
144,13.5,71
145,13.5,71
146,13.5,71
147,13.5,71
148,13.5,71
149,13.5,71
150,13.5,71
151,13.5,71
152,13.5,71
153,13.5,71
154,13.5,71
155,13.5,71
156,13.5,71
157,13.5,71
158,13.5,71
159,13.5,71
160,13.5,71
161,13.5,71
162,13.5,71
163,13.5,71
164,13.5,71
165,13.5,71
166,13.5,71
167,13.5,71
168,13.5,71
169,13.5,71
170,13.5,71
171,13.5,71
172,13.5,71
173,13.5,71
174,13.5,71
175,13.5,71
176,13.5,71
177,13.5,71
178,13.5,71
179,13.5,71
-179,12.5,71
-178,12.5,71
-177,12.5,71
-176,12.5,71
-175,12.5,71
-174,12.5,77
-173,12.5,77
-172,12.5,77
-171,12.5,77
-170,12.5,77
-169,12.5,77
-168,12.5,77
-167,12.5,77
-166,12.5,77
-165,12.5,77
-164,12.5,77
-163,12.5,77
-162,12.5,77
-161,12.5,77
-160,12.5,77
-159,12.5,77
-158,12.5,77
-157,12.5,77
-156,12.5,77
-155,12.5,77
-154,12.5,77
-153,12.5,77
-152,12.5,77
-151,12.5,77
-150,12.5,77
-149,12.5,77
-148,12.5,77
-147,12.5,77
-146,12.5,77
-145,12.5,77
-144,12.5,77
-143,12.5,77
-142,12.5,77
-141,12.5,77
-140,12.5,77
-139,12.5,77
-138,12.5,77
-137,12.5,77
-136,12.5,77
-135,12.5,77
-134,12.5,77
-133,12.5,77
-132,12.5,77
-131,12.5,77
-130,12.5,77
-129,12.5,77
-128,12.5,77
-127,12.5,77
-126,12.5,77
-125,12.5,77
-124,12.5,77
-123,12.5,77
-122,12.5,77
-121,12.5,77
-120,12.5,77
-119,12.5,77
-118,12.5,77
-117,12.5,77
-116,12.5,77
-115,12.5,77
-114,12.5,77
-113,12.5,77
-112,12.5,77
-111,12.5,77
-110,12.5,77
-109,12.5,77
-108,12.5,77
-107,12.5,77
-106,12.5,77
-105,12.5,77
-104,12.5,77
-103,12.5,77
-102,12.5,77
-101,12.5,77
-100,12.5,77
-99,12.5,77
-98,12.5,77
-97,12.5,128
-96,12.5,128
-95,12.5,128
-94,12.5,128
-93,12.5,128
-92,12.5,128
-91,12.5,128
-90,12.5,128
-89,12.5,128
-88,12.5,128
-83,12.5,125
-82,12.5,125
-81,12.5,125
-80,12.5,125
-79,12.5,125
-78,12.5,125
-77,12.5,125
-76,12.5,125
-75,12.5,125
-74,12.5,125
-73,12.5,125
-72,12.5,125
-71,12.5,125
-69,12.5,125
-68,12.5,125
-67,12.5,125
-66,12.5,125
-65,12.5,125
-64,12.5,125
-63,12.5,125
-62,12.5,125
-61,12.5,125
-60,12.5,125
-59,12.5,31
-58,12.5,31
-57,12.5,31
-56,12.5,31
-55,12.5,31
-54,12.5,31
-53,12.5,31
-52,12.5,31
-51,12.5,31
-50,12.5,31
-49,12.5,31
-48,12.5,31
-47,12.5,31
-46,12.5,31
-45,12.5,31
-44,12.5,31
-43,12.5,31
-42,12.5,31
-41,12.5,31
-40,12.5,31
-39,12.5,34
-38,12.5,34
-37,12.5,34
-36,12.5,34
-35,12.5,34
-34,12.5,34
-33,12.5,34
-32,12.5,34
-31,12.5,34
-30,12.5,34
-29,12.5,34
-28,12.5,34
-27,12.5,34
-26,12.5,34
-25,12.5,34
-24,12.5,34
-23,12.5,34
-22,12.5,34
-21,12.5,34
-20,12.5,117
-19,12.5,117
-18,12.5,117
-17,12.5,117
44,12.5,122
45,12.5,122
46,12.5,122
47,12.5,122
48,12.5,122
49,12.5,122
50,12.5,122
51,12.5,122
52,12.5,122
53,12.5,122
55,12.5,122
56,12.5,122
57,12.5,122
58,12.5,122
59,12.5,122
60,12.5,122
61,12.5,122
62,12.5,122
63,12.5,122
64,12.5,122
65,12.5,122
66,12.5,122
67,12.5,122
68,12.5,122
69,12.5,122
70,12.5,122
71,12.5,122
72,12.5,122
73,12.5,122
74,12.5,122
81,12.5,127
82,12.5,127
83,12.5,127
84,12.5,127
85,12.5,127
86,12.5,127
87,12.5,127
88,12.5,127
89,12.5,127
90,12.5,127
91,12.5,127
92,12.5,127
93,12.5,127
94,12.5,127
95,12.5,127
96,12.5,127
97,12.5,127
98,12.5,127
100,12.5,130
101,12.5,130
102,12.5,130
110,12.5,126
111,12.5,126
112,12.5,126
113,12.5,126
114,12.5,126
115,12.5,126
116,12.5,126
117,12.5,126
118,12.5,126
119,12.5,126
120,12.5,129
122,12.5,129
123,12.5,129
124,12.5,129
126,12.5,71
127,12.5,71
128,12.5,71
129,12.5,71
130,12.5,71
131,12.5,71
132,12.5,71
133,12.5,71
134,12.5,71
135,12.5,71
136,12.5,71
137,12.5,71
138,12.5,71
139,12.5,71
140,12.5,71
141,12.5,71
142,12.5,71
143,12.5,71
144,12.5,71
145,12.5,71
146,12.5,71
147,12.5,71
148,12.5,71
149,12.5,71
150,12.5,71
151,12.5,71
152,12.5,71
153,12.5,71
154,12.5,71
155,12.5,71
156,12.5,71
157,12.5,71
158,12.5,71
159,12.5,71
160,12.5,71
161,12.5,71
162,12.5,71
163,12.5,71
164,12.5,71
165,12.5,71
166,12.5,71
167,12.5,71
168,12.5,71
169,12.5,71
170,12.5,71
171,12.5,71
172,12.5,71
173,12.5,71
174,12.5,71
175,12.5,71
176,12.5,71
177,12.5,71
178,12.5,71
179,12.5,71
-179,11.5,71
-178,11.5,71
-177,11.5,71
-176,11.5,71
-175,11.5,71
-174,11.5,77
-173,11.5,77
-172,11.5,77
-171,11.5,77
-170,11.5,77
-169,11.5,77
-168,11.5,77
-167,11.5,77
-166,11.5,77
-165,11.5,77
-164,11.5,77
-163,11.5,77
-162,11.5,77
-161,11.5,77
-160,11.5,77
-159,11.5,77
-158,11.5,77
-157,11.5,77
-156,11.5,77
-155,11.5,77
-154,11.5,77
-153,11.5,77
-152,11.5,77
-151,11.5,77
-150,11.5,77
-149,11.5,77
-148,11.5,77
-147,11.5,77
-146,11.5,77
-145,11.5,77
-144,11.5,77
-143,11.5,77
-142,11.5,77
-141,11.5,77
-140,11.5,77
-139,11.5,77
-138,11.5,77
-137,11.5,77
-136,11.5,77
-135,11.5,77
-134,11.5,77
-133,11.5,77
-132,11.5,77
-131,11.5,77
-130,11.5,77
-129,11.5,77
-128,11.5,77
-127,11.5,77
-126,11.5,77
-125,11.5,77
-124,11.5,77
-123,11.5,77
-122,11.5,77
-121,11.5,77
-120,11.5,77
-119,11.5,77
-118,11.5,77
-117,11.5,77
-116,11.5,77
-115,11.5,77
-114,11.5,77
-113,11.5,77
-112,11.5,77
-111,11.5,77
-110,11.5,77
-109,11.5,77
-108,11.5,77
-107,11.5,77
-106,11.5,77
-105,11.5,77
-104,11.5,77
-103,11.5,77
-102,11.5,77
-101,11.5,77
-100,11.5,77
-99,11.5,77
-98,11.5,77
-97,11.5,77
-96,11.5,77
-95,11.5,77
-94,11.5,77
-93,11.5,128
-92,11.5,128
-91,11.5,128
-90,11.5,128
-89,11.5,128
-88,11.5,128
-87,11.5,128
-83,11.5,125
-82,11.5,125
-81,11.5,125
-80,11.5,125
-79,11.5,125
-78,11.5,125
-77,11.5,125
-76,11.5,125
-75,11.5,125
-74,11.5,125
-71,11.5,125
-69,11.5,125
-68,11.5,125
-67,11.5,125
-66,11.5,125
-65,11.5,125
-64,11.5,125
-63,11.5,125
-62,11.5,125
-61,11.5,125
-60,11.5,131
-59,11.5,131
-58,11.5,131
-57,11.5,131
-56,11.5,31
-55,11.5,31
-54,11.5,31
-53,11.5,31
-52,11.5,31
-51,11.5,31
-50,11.5,31
-49,11.5,31
-48,11.5,31
-47,11.5,31
-46,11.5,31
-45,11.5,31
-44,11.5,31
-43,11.5,31
-42,11.5,31
-41,11.5,31
-40,11.5,31
-39,11.5,34
-38,11.5,34
-37,11.5,34
-36,11.5,34
-35,11.5,34
-34,11.5,34
-33,11.5,34
-32,11.5,34
-31,11.5,34
-30,11.5,34
-29,11.5,34
-28,11.5,34
-27,11.5,34
-26,11.5,34
-25,11.5,34
-24,11.5,34
-23,11.5,34
-22,11.5,34
-21,11.5,34
-20,11.5,34
-19,11.5,132
-18,11.5,132
-17,11.5,132
44,11.5,122
45,11.5,122
46,11.5,122
47,11.5,122
48,11.5,122
49,11.5,122
52,11.5,122
53,11.5,122
54,11.5,122
55,11.5,122
56,11.5,122
57,11.5,122
58,11.5,122
59,11.5,122
60,11.5,122
61,11.5,122
62,11.5,122
63,11.5,122
64,11.5,122
65,11.5,122
66,11.5,122
67,11.5,122
68,11.5,122
69,11.5,122
70,11.5,122
71,11.5,122
72,11.5,122
73,11.5,122
74,11.5,122
75,11.5,122
80,11.5,127
81,11.5,127
82,11.5,127
83,11.5,127
84,11.5,127
85,11.5,127
86,11.5,127
87,11.5,127
88,11.5,127
89,11.5,127
90,11.5,127
91,11.5,127
92,11.5,127
93,11.5,127
94,11.5,127
95,11.5,127
96,11.5,127
97,11.5,127
98,11.5,127
100,11.5,130
101,11.5,130
102,11.5,130
103,11.5,130
110,11.5,126
111,11.5,126
112,11.5,126
113,11.5,126
114,11.5,126
115,11.5,126
116,11.5,126
117,11.5,126
118,11.5,126
119,11.5,126
120,11.5,129
121,11.5,129
122,11.5,129
123,11.5,129
124,11.5,129
126,11.5,71
127,11.5,71
128,11.5,71
129,11.5,71
130,11.5,71
131,11.5,71
132,11.5,71
133,11.5,71
134,11.5,71
135,11.5,71
136,11.5,71
137,11.5,71
138,11.5,71
139,11.5,71
140,11.5,71
141,11.5,71
142,11.5,71
143,11.5,71
144,11.5,71
145,11.5,71
146,11.5,71
147,11.5,71
148,11.5,71
149,11.5,71
150,11.5,71
151,11.5,71
152,11.5,71
153,11.5,71
154,11.5,71
155,11.5,71
156,11.5,71
157,11.5,71
158,11.5,71
159,11.5,71
160,11.5,71
161,11.5,71
162,11.5,71
163,11.5,71
164,11.5,71
165,11.5,71
166,11.5,71
167,11.5,71
168,11.5,71
169,11.5,71
170,11.5,71
171,11.5,71
172,11.5,71
173,11.5,71
174,11.5,71
175,11.5,71
176,11.5,71
177,11.5,71
178,11.5,71
179,11.5,71
-179,10.5,71
-178,10.5,71
-177,10.5,71
-176,10.5,71
-175,10.5,71
-174,10.5,77
-173,10.5,77
-172,10.5,77
-171,10.5,77
-170,10.5,77
-169,10.5,77
-168,10.5,77
-167,10.5,77
-166,10.5,77
-165,10.5,77
-164,10.5,77
-163,10.5,77
-162,10.5,77
-161,10.5,77
-160,10.5,77
-159,10.5,77
-158,10.5,77
-157,10.5,77
-156,10.5,77
-155,10.5,77
-154,10.5,77
-153,10.5,77
-152,10.5,77
-151,10.5,77
-150,10.5,77
-149,10.5,77
-148,10.5,77
-147,10.5,77
-146,10.5,77
-145,10.5,77
-144,10.5,77
-143,10.5,77
-142,10.5,77
-141,10.5,77
-140,10.5,77
-139,10.5,77
-138,10.5,77
-137,10.5,77
-136,10.5,77
-135,10.5,77
-134,10.5,77
-133,10.5,77
-132,10.5,77
-131,10.5,77
-130,10.5,77
-129,10.5,77
-128,10.5,77
-127,10.5,77
-126,10.5,77
-125,10.5,77
-124,10.5,77
-123,10.5,77
-122,10.5,77
-121,10.5,77
-120,10.5,77
-119,10.5,77
-118,10.5,77
-117,10.5,77
-116,10.5,77
-115,10.5,77
-114,10.5,77
-113,10.5,77
-112,10.5,77
-111,10.5,77
-110,10.5,77
-109,10.5,77
-108,10.5,77
-107,10.5,77
-106,10.5,77
-105,10.5,77
-104,10.5,77
-103,10.5,77
-102,10.5,77
-101,10.5,77
-100,10.5,77
-99,10.5,77
-98,10.5,77
-97,10.5,77
-96,10.5,77
-95,10.5,77
-94,10.5,77
-93,10.5,77
-92,10.5,77
-91,10.5,77
-90,10.5,128
-89,10.5,128
-88,10.5,128
-87,10.5,128
-86,10.5,128
-83,10.5,125
-82,10.5,125
-81,10.5,125
-80,10.5,125
-79,10.5,125
-78,10.5,125
-77,10.5,125
-76,10.5,125
-68,10.5,125
-66,10.5,125
-65,10.5,125
-64,10.5,125
-62,10.5,125
-61,10.5,125
-60,10.5,131
-59,10.5,131
-58,10.5,131
-57,10.5,131
-56,10.5,131
-55,10.5,31
-54,10.5,31
-53,10.5,31
-52,10.5,31
-51,10.5,31
-50,10.5,31
-49,10.5,31
-48,10.5,31
-47,10.5,31
-46,10.5,31
-45,10.5,31
-44,10.5,31
-43,10.5,31
-42,10.5,31
-41,10.5,31
-40,10.5,31
-39,10.5,34
-38,10.5,34
-37,10.5,34
-36,10.5,34
-35,10.5,34
-34,10.5,34
-33,10.5,34
-32,10.5,34
-31,10.5,34
-30,10.5,34
-29,10.5,34
-28,10.5,34
-27,10.5,34
-26,10.5,34
-25,10.5,34
-24,10.5,34
-23,10.5,34
-22,10.5,34
-21,10.5,34
-20,10.5,34
-19,10.5,132
-18,10.5,132
-17,10.5,132
-16,10.5,132
-15,10.5,132
45,10.5,122
52,10.5,51
53,10.5,51
54,10.5,51
55,10.5,51
56,10.5,51
57,10.5,51
58,10.5,51
59,10.5,51
60,10.5,51
61,10.5,51
62,10.5,122
63,10.5,122
64,10.5,122
65,10.5,122
66,10.5,122
67,10.5,122
68,10.5,122
69,10.5,122
70,10.5,122
71,10.5,122
72,10.5,122
73,10.5,122
74,10.5,122
75,10.5,122
76,10.5,122
80,10.5,127
81,10.5,127
82,10.5,127
83,10.5,127
84,10.5,127
85,10.5,127
86,10.5,127
87,10.5,127
88,10.5,127
89,10.5,127
90,10.5,127
91,10.5,127
92,10.5,127
93,10.5,127
94,10.5,127
95,10.5,127
96,10.5,127
97,10.5,127
98,10.5,127
100,10.5,130
101,10.5,130
102,10.5,130
103,10.5,130
104,10.5,130
108,10.5,126
109,10.5,126
110,10.5,126
111,10.5,126
112,10.5,126
113,10.5,126
114,10.5,126
115,10.5,126
116,10.5,126
117,10.5,126
118,10.5,126
119,10.5,126
120,10.5,129
121,10.5,129
126,10.5,71
127,10.5,71
128,10.5,71
129,10.5,71
130,10.5,71
131,10.5,71
132,10.5,71
133,10.5,71
134,10.5,71
135,10.5,71
136,10.5,71
137,10.5,71
138,10.5,71
139,10.5,71
140,10.5,71
141,10.5,71
142,10.5,71
143,10.5,71
144,10.5,71
145,10.5,71
146,10.5,71
147,10.5,71
148,10.5,71
149,10.5,71
150,10.5,71
151,10.5,71
152,10.5,71
153,10.5,71
154,10.5,71
155,10.5,71
156,10.5,71
157,10.5,71
158,10.5,71
159,10.5,71
160,10.5,71
161,10.5,71
162,10.5,71
163,10.5,71
164,10.5,71
165,10.5,71
166,10.5,71
167,10.5,71
168,10.5,71
169,10.5,71
170,10.5,71
171,10.5,71
172,10.5,71
173,10.5,71
174,10.5,71
175,10.5,71
176,10.5,71
177,10.5,71
178,10.5,71
179,10.5,71
-179,9.5,71
-178,9.5,71
-177,9.5,71
-176,9.5,71
-175,9.5,71
-174,9.5,77
-173,9.5,77
-172,9.5,77
-171,9.5,77
-170,9.5,77
-169,9.5,77
-168,9.5,77
-167,9.5,77
-166,9.5,77
-165,9.5,77
-164,9.5,77
-163,9.5,77
-162,9.5,77
-161,9.5,77
-160,9.5,77
-159,9.5,77
-158,9.5,77
-157,9.5,77
-156,9.5,77
-155,9.5,77
-154,9.5,77
-153,9.5,77
-152,9.5,77
-151,9.5,77
-150,9.5,77
-149,9.5,77
-148,9.5,77
-147,9.5,77
-146,9.5,77
-145,9.5,77
-144,9.5,77
-143,9.5,77
-142,9.5,77
-141,9.5,77
-140,9.5,77
-139,9.5,77
-138,9.5,77
-137,9.5,77
-136,9.5,77
-135,9.5,77
-134,9.5,77
-133,9.5,77
-132,9.5,77
-131,9.5,77
-130,9.5,77
-129,9.5,77
-128,9.5,77
-127,9.5,77
-126,9.5,77
-125,9.5,77
-124,9.5,77
-123,9.5,77
-122,9.5,77
-121,9.5,77
-120,9.5,77
-119,9.5,77
-118,9.5,77
-117,9.5,77
-116,9.5,77
-115,9.5,77
-114,9.5,77
-113,9.5,77
-112,9.5,77
-111,9.5,77
-110,9.5,77
-109,9.5,77
-108,9.5,77
-107,9.5,77
-106,9.5,77
-105,9.5,77
-104,9.5,77
-103,9.5,77
-102,9.5,77
-101,9.5,77
-100,9.5,77
-99,9.5,77
-98,9.5,77
-97,9.5,77
-96,9.5,77
-95,9.5,77
-94,9.5,77
-93,9.5,77
-92,9.5,77
-91,9.5,77
-90,9.5,77
-89,9.5,77
-88,9.5,128
-87,9.5,128
-86,9.5,128
-85,9.5,128
-82,9.5,125
-81,9.5,125
-80,9.5,125
-79,9.5,125
-78,9.5,125
-77,9.5,125
-76,9.5,125
-72,9.5,125
-60,9.5,131
-59,9.5,131
-58,9.5,131
-57,9.5,131
-56,9.5,131
-55,9.5,131
-54,9.5,131
-53,9.5,31
-52,9.5,31
-51,9.5,31
-50,9.5,31
-49,9.5,31
-48,9.5,31
-47,9.5,31
-46,9.5,31
-45,9.5,31
-44,9.5,31
-43,9.5,31
-42,9.5,31
-41,9.5,31
-40,9.5,31
-39,9.5,34
-38,9.5,34
-37,9.5,34
-36,9.5,34
-35,9.5,34
-34,9.5,34
-33,9.5,34
-32,9.5,34
-31,9.5,34
-30,9.5,34
-29,9.5,34
-28,9.5,34
-27,9.5,34
-26,9.5,34
-25,9.5,34
-24,9.5,34
-23,9.5,34
-22,9.5,34
-21,9.5,34
-20,9.5,34
-19,9.5,132
-18,9.5,132
-17,9.5,132
-16,9.5,132
-15,9.5,132
-14,9.5,132
51,9.5,133
52,9.5,51
53,9.5,51
54,9.5,51
55,9.5,51
56,9.5,51
57,9.5,51
58,9.5,51
59,9.5,51
60,9.5,51
61,9.5,51
62,9.5,51
63,9.5,51
64,9.5,51
65,9.5,122
66,9.5,122
67,9.5,122
68,9.5,122
69,9.5,122
70,9.5,122
71,9.5,122
72,9.5,122
73,9.5,122
74,9.5,122
75,9.5,122
76,9.5,122
79,9.5,127
80,9.5,127
81,9.5,127
82,9.5,127
83,9.5,127
84,9.5,127
85,9.5,127
86,9.5,127
87,9.5,127
88,9.5,127
89,9.5,127
90,9.5,127
91,9.5,127
92,9.5,127
93,9.5,127
94,9.5,127
95,9.5,127
96,9.5,127
97,9.5,127
98,9.5,127
101,9.5,130
102,9.5,130
103,9.5,130
104,9.5,130
107,9.5,126
108,9.5,126
109,9.5,126
110,9.5,126
111,9.5,126
112,9.5,126
113,9.5,126
114,9.5,126
115,9.5,126
116,9.5,126
117,9.5,126
118,9.5,126
119,9.5,129
120,9.5,129
121,9.5,129
122,9.5,129
124,9.5,129
125,9.5,129
126,9.5,71
127,9.5,71
128,9.5,71
129,9.5,71
130,9.5,71
131,9.5,71
132,9.5,71
133,9.5,71
134,9.5,71
135,9.5,71
136,9.5,71
137,9.5,71
138,9.5,71
139,9.5,71
140,9.5,71
141,9.5,71
142,9.5,71
143,9.5,71
144,9.5,71
145,9.5,71
146,9.5,71
147,9.5,71
148,9.5,71
149,9.5,71
150,9.5,71
151,9.5,71
152,9.5,71
153,9.5,71
154,9.5,71
155,9.5,71
156,9.5,71
157,9.5,71
158,9.5,71
159,9.5,71
160,9.5,71
161,9.5,71
162,9.5,71
163,9.5,71
164,9.5,71
165,9.5,71
166,9.5,71
167,9.5,71
168,9.5,71
169,9.5,71
170,9.5,71
171,9.5,71
172,9.5,71
173,9.5,71
174,9.5,71
175,9.5,71
176,9.5,71
177,9.5,71
178,9.5,71
179,9.5,71
-179,8.5,71
-178,8.5,71
-177,8.5,71
-176,8.5,71
-175,8.5,71
-174,8.5,77
-173,8.5,77
-172,8.5,77
-171,8.5,77
-170,8.5,77
-169,8.5,77
-168,8.5,77
-167,8.5,77
-166,8.5,77
-165,8.5,77
-164,8.5,77
-163,8.5,77
-162,8.5,77
-161,8.5,77
-160,8.5,77
-159,8.5,77
-158,8.5,77
-157,8.5,77
-156,8.5,77
-155,8.5,77
-154,8.5,77
-153,8.5,77
-152,8.5,77
-151,8.5,77
-150,8.5,77
-149,8.5,77
-148,8.5,77
-147,8.5,77
-146,8.5,77
-145,8.5,77
-144,8.5,77
-143,8.5,77
-142,8.5,77
-141,8.5,77
-140,8.5,77
-139,8.5,77
-138,8.5,77
-137,8.5,77
-136,8.5,77
-135,8.5,77
-134,8.5,77
-133,8.5,77
-132,8.5,77
-131,8.5,77
-130,8.5,77
-129,8.5,77
-128,8.5,77
-127,8.5,77
-126,8.5,77
-125,8.5,77
-124,8.5,77
-123,8.5,77
-122,8.5,77
-121,8.5,77
-120,8.5,77
-119,8.5,77
-118,8.5,77
-117,8.5,77
-116,8.5,77
-115,8.5,77
-114,8.5,77
-113,8.5,77
-112,8.5,77
-111,8.5,77
-110,8.5,77
-109,8.5,77
-108,8.5,77
-107,8.5,77
-106,8.5,77
-105,8.5,77
-104,8.5,77
-103,8.5,77
-102,8.5,77
-101,8.5,77
-100,8.5,77
-99,8.5,77
-98,8.5,77
-97,8.5,77
-96,8.5,77
-95,8.5,77
-94,8.5,77
-93,8.5,77
-92,8.5,77
-91,8.5,77
-90,8.5,77
-89,8.5,77
-88,8.5,77
-87,8.5,128
-86,8.5,128
-85,8.5,128
-84,8.5,128
-79,8.5,128
-77,8.5,125
-59,8.5,131
-58,8.5,131
-57,8.5,131
-56,8.5,131
-55,8.5,131
-54,8.5,131
-53,8.5,131
-52,8.5,31
-51,8.5,31
-50,8.5,31
-49,8.5,31
-48,8.5,31
-47,8.5,31
-46,8.5,31
-45,8.5,31
-44,8.5,31
-43,8.5,31
-42,8.5,31
-41,8.5,31
-40,8.5,31
-39,8.5,34
-38,8.5,34
-37,8.5,34
-36,8.5,34
-35,8.5,34
-34,8.5,34
-33,8.5,34
-32,8.5,34
-31,8.5,34
-30,8.5,34
-29,8.5,34
-28,8.5,34
-27,8.5,34
-26,8.5,34
-25,8.5,34
-24,8.5,34
-23,8.5,34
-22,8.5,34
-21,8.5,34
-20,8.5,34
-19,8.5,34
-18,8.5,132
-17,8.5,132
-16,8.5,132
-15,8.5,132
-14,8.5,132
51,8.5,133
52,8.5,51
53,8.5,51
54,8.5,51
55,8.5,51
56,8.5,51
57,8.5,51
58,8.5,51
59,8.5,51
60,8.5,51
61,8.5,51
62,8.5,51
63,8.5,51
64,8.5,51
65,8.5,51
66,8.5,51
67,8.5,51
68,8.5,51
69,8.5,122
70,8.5,122
71,8.5,122
72,8.5,122
73,8.5,122
74,8.5,122
75,8.5,122
76,8.5,122
79,8.5,127
82,8.5,127
83,8.5,127
84,8.5,127
85,8.5,127
86,8.5,127
87,8.5,127
88,8.5,127
89,8.5,127
90,8.5,127
91,8.5,127
92,8.5,127
93,8.5,127
94,8.5,127
95,8.5,127
96,8.5,127
97,8.5,127
98,8.5,127
101,8.5,130
102,8.5,130
103,8.5,130
104,8.5,130
105,8.5,126
106,8.5,126
107,8.5,126
108,8.5,126
109,8.5,126
110,8.5,126
111,8.5,126
112,8.5,126
113,8.5,126
114,8.5,126
115,8.5,126
116,8.5,126
117,8.5,126
118,8.5,129
119,8.5,129
120,8.5,129
121,8.5,129
122,8.5,129
123,8.5,129
124,8.5,129
127,8.5,71
128,8.5,71
129,8.5,71
130,8.5,71
131,8.5,71
132,8.5,71
133,8.5,71
134,8.5,71
135,8.5,71
136,8.5,71
137,8.5,71
138,8.5,71
139,8.5,71
140,8.5,71
141,8.5,71
142,8.5,71
143,8.5,71
144,8.5,71
145,8.5,71
146,8.5,71
147,8.5,71
148,8.5,71
149,8.5,71
150,8.5,71
151,8.5,71
152,8.5,71
153,8.5,71
154,8.5,71
155,8.5,71
156,8.5,71
157,8.5,71
158,8.5,71
159,8.5,71
160,8.5,71
161,8.5,71
162,8.5,71
163,8.5,71
164,8.5,71
165,8.5,71
166,8.5,71
167,8.5,71
168,8.5,71
169,8.5,71
170,8.5,71
171,8.5,71
172,8.5,71
173,8.5,71
174,8.5,71
175,8.5,71
176,8.5,71
177,8.5,71
178,8.5,71
179,8.5,71
-179,7.5,71
-178,7.5,71
-177,7.5,71
-176,7.5,71
-175,7.5,71
-174,7.5,77
-173,7.5,77
-172,7.5,77
-171,7.5,77
-170,7.5,77
-169,7.5,77
-168,7.5,77
-167,7.5,77
-166,7.5,77
-165,7.5,77
-164,7.5,77
-163,7.5,77
-162,7.5,77
-161,7.5,77
-160,7.5,77
-159,7.5,77
-158,7.5,77
-157,7.5,77
-156,7.5,77
-155,7.5,77
-154,7.5,77
-153,7.5,77
-152,7.5,77
-151,7.5,77
-150,7.5,77
-149,7.5,77
-148,7.5,77
-147,7.5,77
-146,7.5,77
-145,7.5,77
-144,7.5,77
-143,7.5,77
-142,7.5,77
-141,7.5,77
-140,7.5,77
-139,7.5,77
-138,7.5,77
-137,7.5,77
-136,7.5,77
-135,7.5,77
-134,7.5,77
-133,7.5,77
-132,7.5,77
-131,7.5,77
-130,7.5,77
-129,7.5,77
-128,7.5,77
-127,7.5,77
-126,7.5,77
-125,7.5,77
-124,7.5,77
-123,7.5,77
-122,7.5,77
-121,7.5,77
-120,7.5,77
-119,7.5,77
-118,7.5,77
-117,7.5,77
-116,7.5,77
-115,7.5,77
-114,7.5,77
-113,7.5,77
-112,7.5,77
-111,7.5,77
-110,7.5,77
-109,7.5,77
-108,7.5,77
-107,7.5,77
-106,7.5,77
-105,7.5,77
-104,7.5,77
-103,7.5,77
-102,7.5,77
-101,7.5,77
-100,7.5,77
-99,7.5,77
-98,7.5,77
-97,7.5,77
-96,7.5,77
-95,7.5,77
-94,7.5,77
-93,7.5,77
-92,7.5,77
-91,7.5,77
-90,7.5,77
-89,7.5,77
-88,7.5,77
-87,7.5,77
-86,7.5,128
-85,7.5,128
-84,7.5,128
-83,7.5,128
-82,7.5,128
-81,7.5,128
-79,7.5,128
-58,7.5,131
-57,7.5,131
-56,7.5,131
-55,7.5,131
-54,7.5,131
-53,7.5,131
-52,7.5,131
-51,7.5,131
-50,7.5,31
-49,7.5,31
-48,7.5,31
-47,7.5,31
-46,7.5,31
-45,7.5,31
-44,7.5,31
-43,7.5,31
-42,7.5,31
-41,7.5,31
-40,7.5,31
-39,7.5,34
-38,7.5,34
-37,7.5,34
-36,7.5,34
-35,7.5,34
-34,7.5,34
-33,7.5,34
-32,7.5,34
-31,7.5,34
-30,7.5,34
-29,7.5,34
-28,7.5,34
-27,7.5,34
-26,7.5,34
-25,7.5,34
-24,7.5,34
-23,7.5,34
-22,7.5,34
-21,7.5,34
-20,7.5,34
-19,7.5,34
-18,7.5,132
-17,7.5,132
-16,7.5,132
-15,7.5,132
-14,7.5,132
-13,7.5,132
50,7.5,133
51,7.5,133
52,7.5,51
53,7.5,51
54,7.5,51
55,7.5,51
56,7.5,51
57,7.5,51
58,7.5,51
59,7.5,51
60,7.5,51
61,7.5,51
62,7.5,51
63,7.5,51
64,7.5,51
65,7.5,51
66,7.5,51
67,7.5,51
68,7.5,51
69,7.5,51
70,7.5,51
71,7.5,51
72,7.5,122
73,7.5,122
74,7.5,122
75,7.5,122
76,7.5,122
77,7.5,122
78,7.5,127
79,7.5,127
82,7.5,127
83,7.5,127
84,7.5,127
85,7.5,127
86,7.5,127
87,7.5,127
88,7.5,127
89,7.5,127
90,7.5,127
91,7.5,127
92,7.5,127
93,7.5,127
94,7.5,127
95,7.5,127
96,7.5,127
97,7.5,127
98,7.5,127
99,7.5,127
101,7.5,130
102,7.5,130
103,7.5,130
104,7.5,130
105,7.5,126
106,7.5,126
107,7.5,126
108,7.5,126
109,7.5,126
110,7.5,126
111,7.5,126
112,7.5,126
113,7.5,126
114,7.5,126
115,7.5,126
116,7.5,126
117,7.5,126
118,7.5,129
119,7.5,129
120,7.5,129
121,7.5,129
122,7.5,129
124,7.5,129
127,7.5,71
128,7.5,71
129,7.5,71
130,7.5,71
131,7.5,71
132,7.5,71
133,7.5,71
134,7.5,71
135,7.5,71
136,7.5,71
137,7.5,71
138,7.5,71
139,7.5,71
140,7.5,71
141,7.5,71
142,7.5,71
143,7.5,71
144,7.5,71
145,7.5,71
146,7.5,71
147,7.5,71
148,7.5,71
149,7.5,71
150,7.5,71
151,7.5,71
152,7.5,71
153,7.5,71
154,7.5,71
155,7.5,71
156,7.5,71
157,7.5,71
158,7.5,71
159,7.5,71
160,7.5,71
161,7.5,71
162,7.5,71
163,7.5,71
164,7.5,71
165,7.5,71
166,7.5,71
167,7.5,71
168,7.5,71
169,7.5,71
170,7.5,71
171,7.5,71
172,7.5,71
173,7.5,71
174,7.5,71
175,7.5,71
176,7.5,71
177,7.5,71
178,7.5,71
179,7.5,71
-179,6.5,71
-178,6.5,71
-177,6.5,71
-176,6.5,71
-175,6.5,71
-174,6.5,77
-173,6.5,77
-172,6.5,77
-171,6.5,77
-170,6.5,77
-169,6.5,77
-168,6.5,77
-167,6.5,77
-166,6.5,77
-165,6.5,77
-164,6.5,77
-163,6.5,77
-162,6.5,77
-161,6.5,77
-160,6.5,77
-159,6.5,77
-158,6.5,77
-157,6.5,77
-156,6.5,77
-155,6.5,77
-154,6.5,77
-153,6.5,77
-152,6.5,77
-151,6.5,77
-150,6.5,77
-149,6.5,77
-148,6.5,77
-147,6.5,77
-146,6.5,77
-145,6.5,77
-144,6.5,77
-143,6.5,77
-142,6.5,77
-141,6.5,77
-140,6.5,77
-139,6.5,77
-138,6.5,77
-137,6.5,77
-136,6.5,77
-135,6.5,77
-134,6.5,77
-133,6.5,77
-132,6.5,77
-131,6.5,77
-130,6.5,77
-129,6.5,77
-128,6.5,77
-127,6.5,77
-126,6.5,77
-125,6.5,77
-124,6.5,77
-123,6.5,77
-122,6.5,77
-121,6.5,77
-120,6.5,77
-119,6.5,77
-118,6.5,77
-117,6.5,77
-116,6.5,77
-115,6.5,77
-114,6.5,77
-113,6.5,77
-112,6.5,77
-111,6.5,77
-110,6.5,77
-109,6.5,77
-108,6.5,77
-107,6.5,77
-106,6.5,77
-105,6.5,77
-104,6.5,77
-103,6.5,77
-102,6.5,77
-101,6.5,77
-100,6.5,77
-99,6.5,77
-98,6.5,77
-97,6.5,77
-96,6.5,77
-95,6.5,77
-94,6.5,77
-93,6.5,77
-92,6.5,77
-91,6.5,77
-90,6.5,77
-89,6.5,77
-88,6.5,77
-87,6.5,77
-86,6.5,77
-85,6.5,128
-84,6.5,128
-83,6.5,128
-82,6.5,128
-81,6.5,128
-80,6.5,128
-79,6.5,128
-78,6.5,128
-57,6.5,131
-56,6.5,131
-55,6.5,131
-54,6.5,131
-53,6.5,131
-52,6.5,131
-51,6.5,131
-50,6.5,131
-49,6.5,131
-48,6.5,31
-47,6.5,31
-46,6.5,31
-45,6.5,31
-44,6.5,31
-43,6.5,31
-42,6.5,31
-41,6.5,31
-40,6.5,31
-39,6.5,34
-38,6.5,34
-37,6.5,34
-36,6.5,34
-35,6.5,34
-34,6.5,34
-33,6.5,34
-32,6.5,34
-31,6.5,34
-30,6.5,34
-29,6.5,34
-28,6.5,34
-27,6.5,34
-26,6.5,34
-25,6.5,34
-24,6.5,34
-23,6.5,34
-22,6.5,34
-21,6.5,34
-20,6.5,34
-19,6.5,34
-18,6.5,34
-17,6.5,132
-16,6.5,132
-15,6.5,132
-14,6.5,132
-13,6.5,132
-12,6.5,132
-11,6.5,132
50,6.5,133
51,6.5,133
52,6.5,51
53,6.5,51
54,6.5,51
55,6.5,51
56,6.5,51
57,6.5,51
58,6.5,51
59,6.5,51
60,6.5,51
61,6.5,51
62,6.5,51
63,6.5,51
64,6.5,51
65,6.5,51
66,6.5,51
67,6.5,51
68,6.5,51
69,6.5,51
70,6.5,51
71,6.5,51
72,6.5,51
73,6.5,51
74,6.5,51
75,6.5,122
76,6.5,122
77,6.5,122
78,6.5,127
79,6.5,127
82,6.5,127
83,6.5,127
84,6.5,127
85,6.5,127
86,6.5,127
87,6.5,127
88,6.5,127
89,6.5,127
90,6.5,127
91,6.5,127
92,6.5,127
93,6.5,127
94,6.5,127
95,6.5,127
96,6.5,127
97,6.5,127
98,6.5,127
99,6.5,127
100,6.5,127
102,6.5,130
103,6.5,130
104,6.5,130
105,6.5,126
106,6.5,126
107,6.5,126
108,6.5,126
109,6.5,126
110,6.5,126
111,6.5,126
112,6.5,126
113,6.5,126
114,6.5,126
115,6.5,126
116,6.5,126
118,6.5,129
119,6.5,129
120,6.5,129
121,6.5,129
123,6.5,129
124,6.5,129
126,6.5,129
127,6.5,71
128,6.5,71
129,6.5,71
130,6.5,71
131,6.5,71
132,6.5,71
133,6.5,71
134,6.5,71
135,6.5,71
136,6.5,71
137,6.5,71
138,6.5,71
139,6.5,71
140,6.5,71
141,6.5,71
142,6.5,71
143,6.5,71
144,6.5,71
145,6.5,71
146,6.5,71
147,6.5,71
148,6.5,71
149,6.5,71
150,6.5,71
151,6.5,71
152,6.5,71
153,6.5,71
154,6.5,71
155,6.5,71
156,6.5,71
157,6.5,71
158,6.5,71
159,6.5,71
160,6.5,71
161,6.5,71
162,6.5,71
163,6.5,71
164,6.5,71
165,6.5,71
166,6.5,71
167,6.5,71
168,6.5,71
169,6.5,71
170,6.5,71
171,6.5,71
172,6.5,71
173,6.5,71
174,6.5,71
175,6.5,71
176,6.5,71
177,6.5,71
178,6.5,71
179,6.5,71
-179,5.5,71
-178,5.5,71
-177,5.5,71
-176,5.5,71
-175,5.5,71
-174,5.5,77
-173,5.5,77
-172,5.5,77
-171,5.5,77
-170,5.5,77
-169,5.5,77
-168,5.5,77
-167,5.5,77
-166,5.5,77
-165,5.5,77
-164,5.5,77
-163,5.5,77
-162,5.5,77
-161,5.5,77
-160,5.5,77
-159,5.5,77
-158,5.5,77
-157,5.5,77
-156,5.5,77
-155,5.5,77
-154,5.5,77
-153,5.5,77
-152,5.5,77
-151,5.5,77
-150,5.5,77
-149,5.5,77
-148,5.5,77
-147,5.5,77
-146,5.5,77
-145,5.5,77
-144,5.5,77
-143,5.5,77
-142,5.5,77
-141,5.5,77
-140,5.5,77
-139,5.5,77
-138,5.5,77
-137,5.5,77
-136,5.5,77
-135,5.5,77
-134,5.5,77
-133,5.5,77
-132,5.5,77
-131,5.5,77
-130,5.5,77
-129,5.5,77
-128,5.5,77
-127,5.5,77
-126,5.5,77
-125,5.5,77
-124,5.5,77
-123,5.5,77
-122,5.5,77
-121,5.5,77
-120,5.5,77
-119,5.5,77
-118,5.5,77
-117,5.5,77
-116,5.5,77
-115,5.5,77
-114,5.5,77
-113,5.5,77
-112,5.5,77
-111,5.5,77
-110,5.5,77
-109,5.5,77
-108,5.5,77
-107,5.5,77
-106,5.5,77
-105,5.5,77
-104,5.5,77
-103,5.5,77
-102,5.5,77
-101,5.5,77
-100,5.5,77
-99,5.5,77
-98,5.5,77
-97,5.5,77
-96,5.5,77
-95,5.5,77
-94,5.5,77
-93,5.5,77
-92,5.5,77
-91,5.5,77
-90,5.5,77
-89,5.5,77
-88,5.5,77
-87,5.5,77
-86,5.5,77
-85,5.5,77
-84,5.5,128
-83,5.5,128
-82,5.5,128
-81,5.5,128
-80,5.5,128
-79,5.5,128
-78,5.5,128
-53,5.5,131
-52,5.5,131
-51,5.5,131
-50,5.5,131
-49,5.5,131
-48,5.5,31
-47,5.5,31
-46,5.5,31
-45,5.5,31
-44,5.5,31
-43,5.5,31
-42,5.5,31
-41,5.5,31
-40,5.5,31
-39,5.5,34
-38,5.5,34
-37,5.5,34
-36,5.5,34
-35,5.5,34
-34,5.5,34
-33,5.5,34
-32,5.5,34
-31,5.5,34
-30,5.5,34
-29,5.5,34
-28,5.5,34
-27,5.5,34
-26,5.5,34
-25,5.5,34
-24,5.5,34
-23,5.5,34
-22,5.5,34
-21,5.5,34
-20,5.5,34
-19,5.5,34
-18,5.5,34
-17,5.5,132
-16,5.5,132
-15,5.5,132
-14,5.5,132
-13,5.5,132
-12,5.5,132
-11,5.5,132
-10,5.5,132
0,5.5,132
1,5.5,132
2,5.5,132
3,5.5,132
4,5.5,132
5,5.5,132
49,5.5,133
50,5.5,133
51,5.5,51
52,5.5,51
53,5.5,51
54,5.5,51
55,5.5,51
56,5.5,51
57,5.5,51
58,5.5,51
59,5.5,51
60,5.5,51
61,5.5,51
62,5.5,51
63,5.5,51
64,5.5,51
65,5.5,51
66,5.5,51
67,5.5,51
68,5.5,51
69,5.5,51
70,5.5,51
71,5.5,51
72,5.5,51
73,5.5,51
74,5.5,51
75,5.5,51
76,5.5,51
77,5.5,51
78,5.5,57
79,5.5,127
80,5.5,127
81,5.5,127
82,5.5,127
83,5.5,127
84,5.5,127
85,5.5,127
86,5.5,127
87,5.5,127
88,5.5,127
89,5.5,127
90,5.5,127
91,5.5,127
92,5.5,127
93,5.5,127
94,5.5,127
95,5.5,127
96,5.5,127
97,5.5,127
98,5.5,127
99,5.5,127
100,5.5,127
104,5.5,130
105,5.5,126
106,5.5,126
107,5.5,126
108,5.5,126
109,5.5,126
110,5.5,126
111,5.5,126
112,5.5,126
113,5.5,126
114,5.5,126
115,5.5,126
119,5.5,129
120,5.5,129
121,5.5,129
122,5.5,129
123,5.5,129
124,5.5,129
125,5.5,129
126,5.5,129
127,5.5,71
128,5.5,71
129,5.5,71
130,5.5,71
131,5.5,71
132,5.5,71
133,5.5,71
134,5.5,71
135,5.5,71
136,5.5,71
137,5.5,71
138,5.5,71
139,5.5,71
140,5.5,71
141,5.5,71
142,5.5,71
143,5.5,71
144,5.5,71
145,5.5,71
146,5.5,71
147,5.5,71
148,5.5,71
149,5.5,71
150,5.5,71
151,5.5,71
152,5.5,71
153,5.5,71
154,5.5,71
155,5.5,71
156,5.5,71
157,5.5,71
158,5.5,71
159,5.5,71
160,5.5,71
161,5.5,71
162,5.5,71
163,5.5,71
164,5.5,71
165,5.5,71
166,5.5,71
167,5.5,71
168,5.5,71
169,5.5,71
170,5.5,71
171,5.5,71
172,5.5,71
173,5.5,71
174,5.5,71
175,5.5,71
176,5.5,71
177,5.5,71
178,5.5,71
179,5.5,71
-179,4.5,71
-178,4.5,71
-177,4.5,71
-176,4.5,71
-175,4.5,71
-174,4.5,77
-173,4.5,77
-172,4.5,77
-171,4.5,77
-170,4.5,77
-169,4.5,77
-168,4.5,77
-167,4.5,77
-166,4.5,77
-165,4.5,77
-164,4.5,77
-163,4.5,77
-162,4.5,77
-161,4.5,77
-160,4.5,77
-159,4.5,77
-158,4.5,77
-157,4.5,77
-156,4.5,77
-155,4.5,77
-154,4.5,77
-153,4.5,77
-152,4.5,77
-151,4.5,77
-150,4.5,77
-149,4.5,77
-148,4.5,77
-147,4.5,77
-146,4.5,77
-145,4.5,77
-144,4.5,77
-143,4.5,77
-142,4.5,77
-141,4.5,77
-140,4.5,77
-139,4.5,77
-138,4.5,77
-137,4.5,77
-136,4.5,77
-135,4.5,77
-134,4.5,77
-133,4.5,77
-132,4.5,77
-131,4.5,77
-130,4.5,77
-129,4.5,77
-128,4.5,77
-127,4.5,77
-126,4.5,77
-125,4.5,77
-124,4.5,77
-123,4.5,77
-122,4.5,77
-121,4.5,77
-120,4.5,77
-119,4.5,87
-118,4.5,87
-117,4.5,87
-116,4.5,87
-115,4.5,87
-114,4.5,87
-113,4.5,87
-112,4.5,87
-111,4.5,87
-110,4.5,87
-109,4.5,87
-108,4.5,87
-107,4.5,87
-106,4.5,87
-105,4.5,87
-104,4.5,87
-103,4.5,87
-102,4.5,87
-101,4.5,87
-100,4.5,87
-99,4.5,87
-98,4.5,87
-97,4.5,87
-96,4.5,87
-95,4.5,87
-94,4.5,87
-93,4.5,87
-92,4.5,87
-91,4.5,87
-90,4.5,87
-89,4.5,87
-88,4.5,87
-87,4.5,87
-86,4.5,87
-85,4.5,87
-84,4.5,87
-83,4.5,128
-82,4.5,128
-81,4.5,128
-80,4.5,128
-79,4.5,128
-78,4.5,128
-51,4.5,131
-50,4.5,131
-49,4.5,131
-48,4.5,131
-47,4.5,41
-46,4.5,41
-45,4.5,41
-44,4.5,41
-43,4.5,41
-42,4.5,41
-41,4.5,41
-40,4.5,41
-39,4.5,41
-38,4.5,41
-37,4.5,41
-36,4.5,41
-35,4.5,41
-34,4.5,41
-33,4.5,41
-32,4.5,41
-31,4.5,41
-30,4.5,41
-29,4.5,34
-28,4.5,34
-27,4.5,34
-26,4.5,34
-25,4.5,34
-24,4.5,34
-23,4.5,34
-22,4.5,34
-21,4.5,34
-20,4.5,34
-19,4.5,34
-18,4.5,34
-17,4.5,34
-16,4.5,132
-15,4.5,132
-14,4.5,132
-13,4.5,132
-12,4.5,132
-11,4.5,132
-10,4.5,132
-9,4.5,132
-8,4.5,132
-7,4.5,132
-6,4.5,132
-5,4.5,132
-4,4.5,132
-3,4.5,132
-2,4.5,132
-1,4.5,132
0,4.5,132
1,4.5,132
2,4.5,132
3,4.5,132
4,4.5,132
5,4.5,132
7,4.5,132
8,4.5,132
48,4.5,133
49,4.5,133
50,4.5,133
51,4.5,51
52,4.5,51
53,4.5,51
54,4.5,51
55,4.5,51
56,4.5,51
57,4.5,51
58,4.5,51
59,4.5,51
60,4.5,51
61,4.5,51
62,4.5,51
63,4.5,51
64,4.5,51
65,4.5,51
66,4.5,51
67,4.5,51
68,4.5,51
69,4.5,51
70,4.5,51
71,4.5,51
72,4.5,51
73,4.5,51
74,4.5,51
75,4.5,51
76,4.5,51
77,4.5,51
78,4.5,57
79,4.5,57
80,4.5,57
81,4.5,57
82,4.5,127
83,4.5,127
84,4.5,127
85,4.5,127
86,4.5,127
87,4.5,127
88,4.5,127
89,4.5,127
90,4.5,127
91,4.5,127
92,4.5,127
93,4.5,127
94,4.5,127
95,4.5,127
99,4.5,127
100,4.5,127
104,4.5,130
105,4.5,126
106,4.5,126
107,4.5,126
108,4.5,126
109,4.5,126
110,4.5,126
111,4.5,126
112,4.5,126
113,4.5,126
119,4.5,129
120,4.5,129
121,4.5,129
122,4.5,129
123,4.5,129
124,4.5,129
125,4.5,129
126,4.5,129
127,4.5,129
128,4.5,71
129,4.5,71
130,4.5,71
131,4.5,71
132,4.5,71
133,4.5,71
134,4.5,71
135,4.5,71
136,4.5,71
137,4.5,71
138,4.5,71
139,4.5,71
140,4.5,71
141,4.5,71
142,4.5,71
143,4.5,71
144,4.5,71
145,4.5,71
146,4.5,71
147,4.5,71
148,4.5,71
149,4.5,71
150,4.5,71
151,4.5,71
152,4.5,71
153,4.5,71
154,4.5,71
155,4.5,71
156,4.5,71
157,4.5,71
158,4.5,71
159,4.5,71
160,4.5,71
161,4.5,71
162,4.5,71
163,4.5,71
164,4.5,71
165,4.5,71
166,4.5,71
167,4.5,71
168,4.5,71
169,4.5,71
170,4.5,71
171,4.5,71
172,4.5,71
173,4.5,71
174,4.5,71
175,4.5,71
176,4.5,71
177,4.5,71
178,4.5,71
179,4.5,71
-179,3.5,71
-178,3.5,71
-177,3.5,71
-176,3.5,71
-175,3.5,71
-174,3.5,77
-173,3.5,77
-172,3.5,77
-171,3.5,77
-170,3.5,77
-169,3.5,77
-168,3.5,77
-167,3.5,77
-166,3.5,77
-165,3.5,77
-164,3.5,77
-163,3.5,77
-162,3.5,77
-161,3.5,77
-160,3.5,77
-159,3.5,77
-158,3.5,77
-157,3.5,77
-156,3.5,77
-155,3.5,77
-154,3.5,77
-153,3.5,77
-152,3.5,77
-151,3.5,77
-150,3.5,77
-149,3.5,77
-148,3.5,77
-147,3.5,77
-146,3.5,77
-145,3.5,77
-144,3.5,77
-143,3.5,77
-142,3.5,77
-141,3.5,77
-140,3.5,77
-139,3.5,77
-138,3.5,77
-137,3.5,77
-136,3.5,77
-135,3.5,77
-134,3.5,77
-133,3.5,77
-132,3.5,77
-131,3.5,77
-130,3.5,77
-129,3.5,77
-128,3.5,77
-127,3.5,77
-126,3.5,77
-125,3.5,77
-124,3.5,77
-123,3.5,77
-122,3.5,77
-121,3.5,77
-120,3.5,77
-119,3.5,87
-118,3.5,87
-117,3.5,87
-116,3.5,87
-115,3.5,87
-114,3.5,87
-113,3.5,87
-112,3.5,87
-111,3.5,87
-110,3.5,87
-109,3.5,87
-108,3.5,87
-107,3.5,87
-106,3.5,87
-105,3.5,87
-104,3.5,87
-103,3.5,87
-102,3.5,87
-101,3.5,87
-100,3.5,87
-99,3.5,87
-98,3.5,87
-97,3.5,87
-96,3.5,87
-95,3.5,87
-94,3.5,87
-93,3.5,87
-92,3.5,87
-91,3.5,87
-90,3.5,87
-89,3.5,87
-88,3.5,87
-87,3.5,87
-86,3.5,87
-85,3.5,87
-84,3.5,87
-83,3.5,128
-82,3.5,128
-81,3.5,128
-80,3.5,128
-79,3.5,128
-78,3.5,128
-51,3.5,131
-50,3.5,131
-49,3.5,131
-48,3.5,131
-47,3.5,41
-46,3.5,41
-45,3.5,41
-44,3.5,41
-43,3.5,41
-42,3.5,41
-41,3.5,41
-40,3.5,41
-39,3.5,41
-38,3.5,41
-37,3.5,41
-36,3.5,41
-35,3.5,41
-34,3.5,41
-33,3.5,41
-32,3.5,41
-31,3.5,41
-30,3.5,41
-29,3.5,34
-28,3.5,34
-27,3.5,34
-26,3.5,34
-25,3.5,34
-24,3.5,34
-23,3.5,34
-22,3.5,34
-21,3.5,34
-20,3.5,34
-19,3.5,34
-18,3.5,34
-17,3.5,34
-16,3.5,34
-15,3.5,132
-14,3.5,132
-13,3.5,132
-12,3.5,132
-11,3.5,132
-10,3.5,132
-9,3.5,132
-8,3.5,132
-7,3.5,132
-6,3.5,132
-5,3.5,132
-4,3.5,132
-3,3.5,132
-2,3.5,132
-1,3.5,132
0,3.5,132
1,3.5,132
2,3.5,132
3,3.5,132
4,3.5,132
5,3.5,132
6,3.5,132
7,3.5,132
8,3.5,132
9,3.5,132
48,3.5,133
49,3.5,133
50,3.5,133
51,3.5,51
52,3.5,51
53,3.5,51
54,3.5,51
55,3.5,51
56,3.5,51
57,3.5,51
58,3.5,51
59,3.5,51
60,3.5,51
61,3.5,51
62,3.5,51
63,3.5,51
64,3.5,51
65,3.5,51
66,3.5,51
67,3.5,51
68,3.5,51
69,3.5,51
70,3.5,51
71,3.5,51
72,3.5,51
73,3.5,51
74,3.5,51
75,3.5,51
76,3.5,51
77,3.5,51
78,3.5,57
79,3.5,57
80,3.5,57
81,3.5,57
82,3.5,57
83,3.5,57
84,3.5,127
85,3.5,127
86,3.5,127
87,3.5,127
88,3.5,127
89,3.5,127
90,3.5,127
91,3.5,127
92,3.5,127
93,3.5,127
94,3.5,127
95,3.5,127
96,3.5,127
97,3.5,127
100,3.5,127
101,3.5,127
104,3.5,130
105,3.5,126
106,3.5,126
107,3.5,126
108,3.5,126
109,3.5,126
110,3.5,126
111,3.5,126
112,3.5,126
113,3.5,126
118,3.5,129
119,3.5,129
120,3.5,129
121,3.5,129
122,3.5,129
123,3.5,129
124,3.5,129
125,3.5,129
126,3.5,129
127,3.5,129
128,3.5,71
129,3.5,71
130,3.5,71
131,3.5,71
132,3.5,71
133,3.5,71
134,3.5,71
135,3.5,71
136,3.5,71
137,3.5,71
138,3.5,71
139,3.5,71
140,3.5,71
141,3.5,71
142,3.5,71
143,3.5,71
144,3.5,71
145,3.5,71
146,3.5,71
147,3.5,71
148,3.5,71
149,3.5,71
150,3.5,71
151,3.5,71
152,3.5,71
153,3.5,71
154,3.5,71
155,3.5,71
156,3.5,71
157,3.5,71
158,3.5,71
159,3.5,71
160,3.5,71
161,3.5,71
162,3.5,71
163,3.5,71
164,3.5,71
165,3.5,71
166,3.5,71
167,3.5,71
168,3.5,71
169,3.5,71
170,3.5,71
171,3.5,71
172,3.5,71
173,3.5,71
174,3.5,71
175,3.5,71
176,3.5,71
177,3.5,71
178,3.5,71
179,3.5,71
-179,2.5,71
-178,2.5,71
-177,2.5,71
-176,2.5,71
-175,2.5,71
-174,2.5,77
-173,2.5,77
-172,2.5,77
-171,2.5,77
-170,2.5,77
-169,2.5,77
-168,2.5,77
-167,2.5,77
-166,2.5,77
-165,2.5,77
-164,2.5,77
-163,2.5,77
-162,2.5,77
-161,2.5,77
-160,2.5,77
-159,2.5,77
-158,2.5,77
-157,2.5,77
-156,2.5,77
-155,2.5,77
-154,2.5,77
-153,2.5,77
-152,2.5,77
-151,2.5,77
-150,2.5,77
-149,2.5,77
-148,2.5,77
-147,2.5,77
-146,2.5,77
-145,2.5,77
-144,2.5,77
-143,2.5,77
-142,2.5,77
-141,2.5,77
-140,2.5,77
-139,2.5,77
-138,2.5,77
-137,2.5,77
-136,2.5,77
-135,2.5,77
-134,2.5,77
-133,2.5,77
-132,2.5,77
-131,2.5,77
-130,2.5,77
-129,2.5,77
-128,2.5,77
-127,2.5,77
-126,2.5,77
-125,2.5,77
-124,2.5,77
-123,2.5,77
-122,2.5,77
-121,2.5,77
-120,2.5,77
-119,2.5,87
-118,2.5,87
-117,2.5,87
-116,2.5,87
-115,2.5,87
-114,2.5,87
-113,2.5,87
-112,2.5,87
-111,2.5,87
-110,2.5,87
-109,2.5,87
-108,2.5,87
-107,2.5,87
-106,2.5,87
-105,2.5,87
-104,2.5,87
-103,2.5,87
-102,2.5,87
-101,2.5,87
-100,2.5,87
-99,2.5,87
-98,2.5,87
-97,2.5,87
-96,2.5,87
-95,2.5,87
-94,2.5,87
-93,2.5,87
-92,2.5,87
-91,2.5,87
-90,2.5,87
-89,2.5,87
-88,2.5,87
-87,2.5,87
-86,2.5,87
-85,2.5,87
-84,2.5,87
-83,2.5,87
-82,2.5,128
-81,2.5,128
-80,2.5,128
-79,2.5,128
-50,2.5,131
-49,2.5,131
-48,2.5,131
-47,2.5,131
-46,2.5,41
-45,2.5,41
-44,2.5,41
-43,2.5,41
-42,2.5,41
-41,2.5,41
-40,2.5,41
-39,2.5,41
-38,2.5,41
-37,2.5,41
-36,2.5,41
-35,2.5,41
-34,2.5,41
-33,2.5,41
-32,2.5,41
-31,2.5,41
-30,2.5,41
-29,2.5,34
-28,2.5,34
-27,2.5,34
-26,2.5,34
-25,2.5,34
-24,2.5,34
-23,2.5,34
-22,2.5,34
-21,2.5,34
-20,2.5,34
-19,2.5,34
-18,2.5,34
-17,2.5,34
-16,2.5,34
-15,2.5,34
-14,2.5,34
-13,2.5,132
-12,2.5,132
-11,2.5,132
-10,2.5,132
-9,2.5,132
-8,2.5,132
-7,2.5,132
-6,2.5,132
-5,2.5,132
-4,2.5,132
-3,2.5,132
-2,2.5,132
-1,2.5,132
0,2.5,132
1,2.5,34
2,2.5,34
3,2.5,132
4,2.5,132
5,2.5,132
6,2.5,132
7,2.5,132
8,2.5,132
9,2.5,132
47,2.5,133
48,2.5,133
49,2.5,133
50,2.5,51
51,2.5,51
52,2.5,51
53,2.5,51
54,2.5,51
55,2.5,51
56,2.5,51
57,2.5,51
58,2.5,51
59,2.5,51
60,2.5,51
61,2.5,51
62,2.5,51
63,2.5,51
64,2.5,51
65,2.5,51
66,2.5,51
67,2.5,51
68,2.5,51
69,2.5,51
70,2.5,51
71,2.5,51
72,2.5,51
73,2.5,51
74,2.5,51
75,2.5,51
76,2.5,51
77,2.5,51
78,2.5,57
79,2.5,57
80,2.5,57
81,2.5,57
82,2.5,57
83,2.5,57
84,2.5,57
85,2.5,57
86,2.5,57
87,2.5,57
88,2.5,127
89,2.5,127
90,2.5,127
91,2.5,57
92,2.5,57
93,2.5,127
94,2.5,127
95,2.5,127
96,2.5,127
97,2.5,127
101,2.5,127
104,2.5,130
105,2.5,126
106,2.5,126
107,2.5,126
108,2.5,126
109,2.5,126
110,2.5,126
111,2.5,126
118,2.5,129
119,2.5,129
120,2.5,129
121,2.5,129
122,2.5,129
123,2.5,129
124,2.5,129
125,2.5,129
126,2.5,129
127,2.5,129
128,2.5,134
129,2.5,134
130,2.5,71
131,2.5,71
132,2.5,71
133,2.5,71
134,2.5,71
135,2.5,71
136,2.5,71
137,2.5,71
138,2.5,71
139,2.5,71
140,2.5,71
141,2.5,71
142,2.5,71
143,2.5,71
144,2.5,71
145,2.5,71
146,2.5,71
147,2.5,71
148,2.5,71
149,2.5,71
150,2.5,71
151,2.5,71
152,2.5,71
153,2.5,71
154,2.5,71
155,2.5,71
156,2.5,71
157,2.5,71
158,2.5,71
159,2.5,71
160,2.5,71
161,2.5,71
162,2.5,71
163,2.5,71
164,2.5,71
165,2.5,71
166,2.5,71
167,2.5,71
168,2.5,71
169,2.5,71
170,2.5,71
171,2.5,71
172,2.5,71
173,2.5,71
174,2.5,71
175,2.5,71
176,2.5,71
177,2.5,71
178,2.5,71
179,2.5,71
-179,1.5,71
-178,1.5,71
-177,1.5,71
-176,1.5,71
-175,1.5,71
-174,1.5,77
-173,1.5,77
-172,1.5,77
-171,1.5,77
-170,1.5,77
-169,1.5,77
-168,1.5,77
-167,1.5,77
-166,1.5,77
-165,1.5,77
-164,1.5,77
-163,1.5,77
-162,1.5,77
-161,1.5,77
-160,1.5,77
-159,1.5,77
-158,1.5,77
-157,1.5,77
-156,1.5,77
-155,1.5,77
-154,1.5,77
-153,1.5,77
-152,1.5,77
-151,1.5,77
-150,1.5,77
-149,1.5,77
-148,1.5,77
-147,1.5,77
-146,1.5,77
-145,1.5,77
-144,1.5,77
-143,1.5,77
-142,1.5,77
-141,1.5,77
-140,1.5,77
-139,1.5,77
-138,1.5,77
-137,1.5,77
-136,1.5,77
-135,1.5,77
-134,1.5,77
-133,1.5,77
-132,1.5,77
-131,1.5,77
-130,1.5,77
-129,1.5,77
-128,1.5,77
-127,1.5,77
-126,1.5,77
-125,1.5,77
-124,1.5,77
-123,1.5,77
-122,1.5,77
-121,1.5,77
-120,1.5,77
-119,1.5,87
-118,1.5,87
-117,1.5,87
-116,1.5,87
-115,1.5,87
-114,1.5,87
-113,1.5,87
-112,1.5,87
-111,1.5,87
-110,1.5,87
-109,1.5,87
-108,1.5,87
-107,1.5,87
-106,1.5,87
-105,1.5,87
-104,1.5,87
-103,1.5,87
-102,1.5,87
-101,1.5,87
-100,1.5,87
-99,1.5,87
-98,1.5,87
-97,1.5,87
-96,1.5,87
-95,1.5,87
-94,1.5,87
-93,1.5,87
-92,1.5,87
-91,1.5,87
-90,1.5,87
-89,1.5,87
-88,1.5,87
-87,1.5,87
-86,1.5,87
-85,1.5,87
-84,1.5,87
-83,1.5,87
-82,1.5,128
-81,1.5,128
-80,1.5,128
-79,1.5,128
-49,1.5,131
-48,1.5,131
-47,1.5,131
-46,1.5,131
-45,1.5,41
-44,1.5,41
-43,1.5,41
-42,1.5,41
-41,1.5,41
-40,1.5,41
-39,1.5,41
-38,1.5,41
-37,1.5,41
-36,1.5,41
-35,1.5,41
-34,1.5,41
-33,1.5,41
-32,1.5,41
-31,1.5,41
-30,1.5,41
-29,1.5,34
-28,1.5,34
-27,1.5,34
-26,1.5,34
-25,1.5,34
-24,1.5,34
-23,1.5,34
-22,1.5,34
-21,1.5,34
-20,1.5,34
-19,1.5,34
-18,1.5,34
-17,1.5,34
-16,1.5,34
-15,1.5,34
-14,1.5,34
-13,1.5,34
-12,1.5,34
-11,1.5,34
-10,1.5,34
-9,1.5,132
-8,1.5,132
-7,1.5,132
-6,1.5,132
-5,1.5,132
-4,1.5,132
-3,1.5,132
-2,1.5,34
-1,1.5,34
0,1.5,34
1,1.5,34
2,1.5,34
3,1.5,34
4,1.5,34
5,1.5,132
6,1.5,132
7,1.5,132
8,1.5,132
9,1.5,132
45,1.5,133
46,1.5,133
47,1.5,133
48,1.5,133
49,1.5,51
50,1.5,51
51,1.5,51
52,1.5,51
53,1.5,51
54,1.5,51
55,1.5,51
56,1.5,51
57,1.5,51
58,1.5,51
59,1.5,51
60,1.5,51
61,1.5,51
62,1.5,51
63,1.5,51
64,1.5,51
65,1.5,51
66,1.5,51
67,1.5,51
68,1.5,51
69,1.5,51
70,1.5,51
71,1.5,51
72,1.5,51
73,1.5,51
74,1.5,51
75,1.5,51
76,1.5,51
77,1.5,51
78,1.5,57
79,1.5,57
80,1.5,57
81,1.5,57
82,1.5,57
83,1.5,57
84,1.5,57
85,1.5,57
86,1.5,57
87,1.5,57
88,1.5,57
89,1.5,57
90,1.5,57
91,1.5,57
92,1.5,57
93,1.5,57
94,1.5,57
95,1.5,57
96,1.5,57
97,1.5,57
98,1.5,57
102,1.5,127
103,1.5,127
105,1.5,126
106,1.5,126
107,1.5,126
108,1.5,126
109,1.5,126
111,1.5,126
119,1.5,129
120,1.5,129
121,1.5,129
122,1.5,129
123,1.5,129
124,1.5,129
126,1.5,134
127,1.5,134
129,1.5,134
130,1.5,71
131,1.5,71
132,1.5,71
133,1.5,71
134,1.5,71
135,1.5,71
136,1.5,71
137,1.5,71
138,1.5,71
139,1.5,71
140,1.5,71
141,1.5,71
142,1.5,71
143,1.5,71
144,1.5,71
145,1.5,71
146,1.5,71
147,1.5,71
148,1.5,71
149,1.5,71
150,1.5,71
151,1.5,71
152,1.5,71
153,1.5,71
154,1.5,71
155,1.5,71
156,1.5,71
157,1.5,71
158,1.5,71
159,1.5,71
160,1.5,71
161,1.5,71
162,1.5,71
163,1.5,71
164,1.5,71
165,1.5,71
166,1.5,71
167,1.5,71
168,1.5,71
169,1.5,71
170,1.5,71
171,1.5,71
172,1.5,71
173,1.5,71
174,1.5,71
175,1.5,71
176,1.5,71
177,1.5,71
178,1.5,71
179,1.5,71
-179,0.5,71
-178,0.5,71
-177,0.5,71
-176,0.5,71
-175,0.5,71
-174,0.5,77
-173,0.5,77
-172,0.5,77
-171,0.5,77
-170,0.5,77
-169,0.5,77
-168,0.5,77
-167,0.5,77
-166,0.5,77
-165,0.5,77
-164,0.5,77
-163,0.5,77
-162,0.5,77
-161,0.5,77
-160,0.5,77
-159,0.5,77
-158,0.5,77
-157,0.5,77
-156,0.5,77
-155,0.5,77
-154,0.5,77
-153,0.5,77
-152,0.5,77
-151,0.5,77
-150,0.5,77
-149,0.5,77
-148,0.5,77
-147,0.5,77
-146,0.5,77
-145,0.5,77
-144,0.5,77
-143,0.5,77
-142,0.5,77
-141,0.5,77
-140,0.5,77
-139,0.5,77
-138,0.5,77
-137,0.5,77
-136,0.5,77
-135,0.5,77
-134,0.5,77
-133,0.5,77
-132,0.5,77
-131,0.5,77
-130,0.5,77
-129,0.5,77
-128,0.5,77
-127,0.5,77
-126,0.5,77
-125,0.5,77
-124,0.5,77
-123,0.5,77
-122,0.5,77
-121,0.5,77
-120,0.5,77
-119,0.5,87
-118,0.5,87
-117,0.5,87
-116,0.5,87
-115,0.5,87
-114,0.5,87
-113,0.5,87
-112,0.5,87
-111,0.5,87
-110,0.5,87
-109,0.5,87
-108,0.5,87
-107,0.5,87
-106,0.5,87
-105,0.5,87
-104,0.5,87
-103,0.5,87
-102,0.5,87
-101,0.5,87
-100,0.5,87
-99,0.5,87
-98,0.5,87
-97,0.5,87
-96,0.5,87
-95,0.5,87
-94,0.5,87
-93,0.5,87
-92,0.5,87
-91,0.5,87
-90,0.5,87
-89,0.5,87
-88,0.5,87
-87,0.5,87
-86,0.5,87
-85,0.5,87
-84,0.5,87
-83,0.5,87
-82,0.5,128
-81,0.5,128
-50,0.5,131
-49,0.5,131
-48,0.5,131
-47,0.5,131
-46,0.5,131
-45,0.5,131
-44,0.5,131
-43,0.5,131
-42,0.5,41
-41,0.5,131
-40,0.5,41
-39,0.5,41
-38,0.5,41
-37,0.5,41
-36,0.5,41
-35,0.5,41
-34,0.5,41
-33,0.5,41
-32,0.5,41
-31,0.5,41
-30,0.5,41
-29,0.5,34
-28,0.5,34
-27,0.5,34
-26,0.5,34
-25,0.5,34
-24,0.5,34
-23,0.5,34
-22,0.5,34
-21,0.5,34
-20,0.5,34
-19,0.5,34
-18,0.5,34
-17,0.5,34
-16,0.5,34
-15,0.5,34
-14,0.5,34
-13,0.5,34
-12,0.5,34
-11,0.5,34
-10,0.5,34
-9,0.5,34
-8,0.5,34
-7,0.5,34
-6,0.5,34
-5,0.5,34
-4,0.5,34
-3,0.5,34
-2,0.5,34
-1,0.5,34
0,0.5,34
1,0.5,34
2,0.5,34
3,0.5,34
4,0.5,34
5,0.5,34
6,0.5,132
7,0.5,132
8,0.5,132
9,0.5,132
44,0.5,133
45,0.5,133
46,0.5,133
47,0.5,133
48,0.5,51
49,0.5,51
50,0.5,51
51,0.5,51
52,0.5,51
53,0.5,51
54,0.5,51
55,0.5,51
56,0.5,51
57,0.5,51
58,0.5,51
59,0.5,51
60,0.5,51
61,0.5,51
62,0.5,51
63,0.5,51
64,0.5,51
65,0.5,51
66,0.5,51
67,0.5,51
68,0.5,51
69,0.5,51
70,0.5,51
71,0.5,51
72,0.5,51
73,0.5,51
74,0.5,51
75,0.5,51
76,0.5,51
77,0.5,51
78,0.5,57
79,0.5,57
80,0.5,57
81,0.5,57
82,0.5,57
83,0.5,57
84,0.5,57
85,0.5,57
86,0.5,57
87,0.5,57
88,0.5,57
89,0.5,57
90,0.5,57
91,0.5,57
92,0.5,57
93,0.5,57
94,0.5,57
95,0.5,57
96,0.5,57
97,0.5,57
98,0.5,57
99,0.5,57
104,0.5,126
105,0.5,126
106,0.5,126
107,0.5,126
108,0.5,126
118,0.5,134
119,0.5,134
120,0.5,134
125,0.5,134
126,0.5,134
127,0.5,134
129,0.5,134
130,0.5,134
131,0.5,71
132,0.5,71
133,0.5,71
134,0.5,71
135,0.5,71
136,0.5,71
137,0.5,71
138,0.5,71
139,0.5,71
140,0.5,71
141,0.5,71
142,0.5,71
143,0.5,71
144,0.5,71
145,0.5,71
146,0.5,71
147,0.5,71
148,0.5,71
149,0.5,71
150,0.5,71
151,0.5,71
152,0.5,71
153,0.5,71
154,0.5,71
155,0.5,71
156,0.5,71
157,0.5,71
158,0.5,71
159,0.5,71
160,0.5,71
161,0.5,71
162,0.5,71
163,0.5,71
164,0.5,71
165,0.5,71
166,0.5,71
167,0.5,71
168,0.5,71
169,0.5,71
170,0.5,71
171,0.5,71
172,0.5,71
173,0.5,71
174,0.5,71
175,0.5,71
176,0.5,71
177,0.5,71
178,0.5,71
179,0.5,71
-179,-0.5,71
-178,-0.5,71
-177,-0.5,71
-176,-0.5,71
-175,-0.5,71
-174,-0.5,77
-173,-0.5,77
-172,-0.5,77
-171,-0.5,77
-170,-0.5,77
-169,-0.5,77
-168,-0.5,77
-167,-0.5,77
-166,-0.5,77
-165,-0.5,77
-164,-0.5,77
-163,-0.5,77
-162,-0.5,77
-161,-0.5,77
-160,-0.5,77
-159,-0.5,77
-158,-0.5,77
-157,-0.5,77
-156,-0.5,77
-155,-0.5,77
-154,-0.5,77
-153,-0.5,77
-152,-0.5,77
-151,-0.5,77
-150,-0.5,77
-149,-0.5,77
-148,-0.5,77
-147,-0.5,77
-146,-0.5,77
-145,-0.5,77
-144,-0.5,77
-143,-0.5,77
-142,-0.5,77
-141,-0.5,77
-140,-0.5,77
-139,-0.5,77
-138,-0.5,77
-137,-0.5,77
-136,-0.5,77
-135,-0.5,77
-134,-0.5,77
-133,-0.5,77
-132,-0.5,77
-131,-0.5,77
-130,-0.5,77
-129,-0.5,77
-128,-0.5,77
-127,-0.5,77
-126,-0.5,77
-125,-0.5,77
-124,-0.5,77
-123,-0.5,77
-122,-0.5,77
-121,-0.5,77
-120,-0.5,77
-119,-0.5,87
-118,-0.5,87
-117,-0.5,87
-116,-0.5,87
-115,-0.5,87
-114,-0.5,87
-113,-0.5,87
-112,-0.5,87
-111,-0.5,87
-110,-0.5,87
-109,-0.5,87
-108,-0.5,87
-107,-0.5,87
-106,-0.5,87
-105,-0.5,87
-104,-0.5,87
-103,-0.5,87
-102,-0.5,87
-101,-0.5,87
-100,-0.5,87
-99,-0.5,87
-98,-0.5,87
-97,-0.5,87
-96,-0.5,87
-95,-0.5,87
-94,-0.5,87
-93,-0.5,87
-92,-0.5,87
-90,-0.5,87
-89,-0.5,87
-88,-0.5,87
-87,-0.5,87
-86,-0.5,87
-85,-0.5,87
-84,-0.5,87
-83,-0.5,87
-82,-0.5,128
-81,-0.5,128
-48,-0.5,131
-47,-0.5,131
-46,-0.5,131
-45,-0.5,131
-44,-0.5,131
-43,-0.5,131
-42,-0.5,131
-41,-0.5,131
-40,-0.5,135
-39,-0.5,135
-38,-0.5,135
-37,-0.5,41
-36,-0.5,41
-35,-0.5,41
-34,-0.5,41
-33,-0.5,41
-32,-0.5,41
-31,-0.5,41
-30,-0.5,41
-29,-0.5,41
-28,-0.5,41
-27,-0.5,41
-26,-0.5,41
-25,-0.5,41
-24,-0.5,41
-23,-0.5,41
-22,-0.5,41
-21,-0.5,41
-20,-0.5,41
-19,-0.5,34
-18,-0.5,34
-17,-0.5,34
-16,-0.5,34
-15,-0.5,34
-14,-0.5,34
-13,-0.5,34
-12,-0.5,34
-11,-0.5,34
-10,-0.5,34
-9,-0.5,34
-8,-0.5,34
-7,-0.5,34
-6,-0.5,34
-5,-0.5,34
-4,-0.5,34
-3,-0.5,34
-2,-0.5,34
-1,-0.5,34
0,-0.5,34
1,-0.5,34
2,-0.5,34
3,-0.5,34
4,-0.5,34
5,-0.5,34
6,-0.5,132
7,-0.5,132
8,-0.5,132
9,-0.5,132
43,-0.5,133
44,-0.5,133
45,-0.5,133
46,-0.5,133
47,-0.5,51
48,-0.5,51
49,-0.5,51
50,-0.5,51
51,-0.5,51
52,-0.5,51
53,-0.5,51
54,-0.5,51
55,-0.5,51
56,-0.5,51
57,-0.5,51
58,-0.5,51
59,-0.5,51
60,-0.5,51
61,-0.5,51
62,-0.5,51
63,-0.5,51
64,-0.5,51
65,-0.5,51
66,-0.5,51
67,-0.5,51
68,-0.5,51
69,-0.5,51
70,-0.5,51
71,-0.5,51
72,-0.5,51
73,-0.5,51
74,-0.5,51
75,-0.5,51
76,-0.5,51
77,-0.5,51
78,-0.5,51
79,-0.5,51
80,-0.5,51
81,-0.5,57
82,-0.5,57
83,-0.5,57
84,-0.5,57
85,-0.5,57
86,-0.5,57
87,-0.5,57
88,-0.5,57
89,-0.5,57
90,-0.5,57
91,-0.5,57
92,-0.5,57
93,-0.5,57
94,-0.5,57
95,-0.5,57
96,-0.5,57
97,-0.5,57
98,-0.5,57
99,-0.5,57
100,-0.5,57
104,-0.5,126
105,-0.5,126
106,-0.5,126
107,-0.5,126
108,-0.5,126
109,-0.5,126
118,-0.5,134
119,-0.5,134
121,-0.5,134
122,-0.5,134
123,-0.5,134
124,-0.5,134
125,-0.5,134
126,-0.5,134
127,-0.5,134
129,-0.5,134
130,-0.5,134
131,-0.5,134
132,-0.5,71
134,-0.5,71
135,-0.5,71
136,-0.5,71
137,-0.5,71
138,-0.5,71
139,-0.5,71
140,-0.5,71
141,-0.5,71
142,-0.5,71
143,-0.5,71
144,-0.5,71
145,-0.5,71
146,-0.5,71
147,-0.5,71
148,-0.5,71
149,-0.5,71
150,-0.5,71
151,-0.5,71
152,-0.5,71
153,-0.5,71
154,-0.5,71
155,-0.5,71
156,-0.5,71
157,-0.5,71
158,-0.5,71
159,-0.5,71
160,-0.5,71
161,-0.5,71
162,-0.5,71
163,-0.5,71
164,-0.5,71
165,-0.5,71
166,-0.5,71
167,-0.5,71
168,-0.5,71
169,-0.5,71
170,-0.5,71
171,-0.5,71
172,-0.5,71
173,-0.5,71
174,-0.5,71
175,-0.5,71
176,-0.5,71
177,-0.5,71
178,-0.5,71
179,-0.5,71
-179,-1.5,71
-178,-1.5,71
-177,-1.5,71
-176,-1.5,71
-175,-1.5,71
-174,-1.5,77
-173,-1.5,77
-172,-1.5,77
-171,-1.5,77
-170,-1.5,77
-169,-1.5,77
-168,-1.5,77
-167,-1.5,77
-166,-1.5,77
-165,-1.5,77
-164,-1.5,77
-163,-1.5,77
-162,-1.5,77
-161,-1.5,77
-160,-1.5,77
-159,-1.5,77
-158,-1.5,77
-157,-1.5,77
-156,-1.5,77
-155,-1.5,77
-154,-1.5,77
-153,-1.5,77
-152,-1.5,77
-151,-1.5,77
-150,-1.5,77
-149,-1.5,77
-148,-1.5,77
-147,-1.5,77
-146,-1.5,77
-145,-1.5,77
-144,-1.5,77
-143,-1.5,77
-142,-1.5,77
-141,-1.5,77
-140,-1.5,77
-139,-1.5,77
-138,-1.5,77
-137,-1.5,77
-136,-1.5,77
-135,-1.5,77
-134,-1.5,77
-133,-1.5,77
-132,-1.5,77
-131,-1.5,77
-130,-1.5,77
-129,-1.5,77
-128,-1.5,77
-127,-1.5,77
-126,-1.5,77
-125,-1.5,77
-124,-1.5,77
-123,-1.5,77
-122,-1.5,77
-121,-1.5,77
-120,-1.5,77
-119,-1.5,87
-118,-1.5,87
-117,-1.5,87
-116,-1.5,87
-115,-1.5,87
-114,-1.5,87
-113,-1.5,87
-112,-1.5,87
-111,-1.5,87
-110,-1.5,87
-109,-1.5,87
-108,-1.5,87
-107,-1.5,87
-106,-1.5,87
-105,-1.5,87
-104,-1.5,87
-103,-1.5,87
-102,-1.5,87
-101,-1.5,87
-100,-1.5,87
-99,-1.5,87
-98,-1.5,87
-97,-1.5,87
-96,-1.5,87
-95,-1.5,87
-94,-1.5,87
-93,-1.5,87
-92,-1.5,87
-91,-1.5,87
-90,-1.5,87
-89,-1.5,87
-88,-1.5,87
-87,-1.5,87
-86,-1.5,87
-85,-1.5,87
-84,-1.5,87
-83,-1.5,87
-82,-1.5,128
-81,-1.5,128
-44,-1.5,131
-43,-1.5,131
-42,-1.5,131
-41,-1.5,135
-40,-1.5,135
-39,-1.5,135
-38,-1.5,135
-37,-1.5,135
-36,-1.5,135
-35,-1.5,135
-34,-1.5,41
-33,-1.5,41
-32,-1.5,41
-31,-1.5,41
-30,-1.5,41
-29,-1.5,41
-28,-1.5,41
-27,-1.5,41
-26,-1.5,41
-25,-1.5,41
-24,-1.5,41
-23,-1.5,41
-22,-1.5,41
-21,-1.5,41
-20,-1.5,41
-19,-1.5,34
-18,-1.5,34
-17,-1.5,34
-16,-1.5,34
-15,-1.5,34
-14,-1.5,34
-13,-1.5,34
-12,-1.5,34
-11,-1.5,34
-10,-1.5,34
-9,-1.5,34
-8,-1.5,34
-7,-1.5,34
-6,-1.5,34
-5,-1.5,34
-4,-1.5,34
-3,-1.5,34
-2,-1.5,34
-1,-1.5,34
0,-1.5,34
1,-1.5,34
2,-1.5,34
3,-1.5,34
4,-1.5,34
5,-1.5,34
6,-1.5,34
7,-1.5,132
8,-1.5,132
9,-1.5,132
42,-1.5,133
43,-1.5,133
44,-1.5,133
45,-1.5,133
46,-1.5,51
47,-1.5,51
48,-1.5,51
49,-1.5,51
50,-1.5,51
51,-1.5,51
52,-1.5,51
53,-1.5,51
54,-1.5,51
55,-1.5,51
56,-1.5,51
57,-1.5,51
58,-1.5,51
59,-1.5,51
60,-1.5,51
61,-1.5,51
62,-1.5,51
63,-1.5,51
64,-1.5,51
65,-1.5,51
66,-1.5,51
67,-1.5,51
68,-1.5,51
69,-1.5,51
70,-1.5,51
71,-1.5,51
72,-1.5,51
73,-1.5,51
74,-1.5,51
75,-1.5,51
76,-1.5,51
77,-1.5,51
78,-1.5,51
79,-1.5,51
80,-1.5,51
81,-1.5,57
82,-1.5,57
83,-1.5,57
84,-1.5,57
85,-1.5,57
86,-1.5,57
87,-1.5,57
88,-1.5,57
89,-1.5,57
90,-1.5,57
91,-1.5,57
92,-1.5,57
93,-1.5,57
94,-1.5,57
95,-1.5,57
96,-1.5,57
97,-1.5,57
98,-1.5,57
100,-1.5,57
105,-1.5,126
106,-1.5,126
107,-1.5,126
108,-1.5,126
109,-1.5,126
110,-1.5,126
117,-1.5,134
118,-1.5,134
119,-1.5,134
124,-1.5,134
125,-1.5,134
126,-1.5,134
127,-1.5,134
128,-1.5,134
129,-1.5,134
130,-1.5,134
131,-1.5,134
135,-1.5,71
136,-1.5,71
137,-1.5,71
138,-1.5,71
139,-1.5,71
140,-1.5,71
141,-1.5,71
142,-1.5,71
143,-1.5,71
144,-1.5,71
145,-1.5,71
146,-1.5,71
147,-1.5,71
148,-1.5,71
149,-1.5,71
150,-1.5,71
151,-1.5,71
152,-1.5,71
153,-1.5,71
154,-1.5,71
155,-1.5,71
156,-1.5,71
157,-1.5,71
158,-1.5,71
159,-1.5,71
160,-1.5,71
161,-1.5,71
162,-1.5,71
163,-1.5,71
164,-1.5,71
165,-1.5,71
166,-1.5,71
167,-1.5,71
168,-1.5,71
169,-1.5,71
170,-1.5,71
171,-1.5,71
172,-1.5,71
173,-1.5,71
174,-1.5,71
175,-1.5,71
176,-1.5,71
177,-1.5,71
178,-1.5,71
179,-1.5,71
-179,-2.5,71
-178,-2.5,71
-177,-2.5,71
-176,-2.5,71
-175,-2.5,71
-174,-2.5,77
-173,-2.5,77
-172,-2.5,77
-171,-2.5,77
-170,-2.5,77
-169,-2.5,77
-168,-2.5,77
-167,-2.5,77
-166,-2.5,77
-165,-2.5,77
-164,-2.5,77
-163,-2.5,77
-162,-2.5,77
-161,-2.5,77
-160,-2.5,77
-159,-2.5,77
-158,-2.5,77
-157,-2.5,77
-156,-2.5,77
-155,-2.5,77
-154,-2.5,77
-153,-2.5,77
-152,-2.5,77
-151,-2.5,77
-150,-2.5,77
-149,-2.5,77
-148,-2.5,77
-147,-2.5,77
-146,-2.5,77
-145,-2.5,77
-144,-2.5,77
-143,-2.5,77
-142,-2.5,77
-141,-2.5,77
-140,-2.5,77
-139,-2.5,77
-138,-2.5,77
-137,-2.5,77
-136,-2.5,77
-135,-2.5,77
-134,-2.5,77
-133,-2.5,77
-132,-2.5,77
-131,-2.5,77
-130,-2.5,77
-129,-2.5,77
-128,-2.5,77
-127,-2.5,77
-126,-2.5,77
-125,-2.5,77
-124,-2.5,77
-123,-2.5,77
-122,-2.5,77
-121,-2.5,77
-120,-2.5,77
-119,-2.5,87
-118,-2.5,87
-117,-2.5,87
-116,-2.5,87
-115,-2.5,87
-114,-2.5,87
-113,-2.5,87
-112,-2.5,87
-111,-2.5,87
-110,-2.5,87
-109,-2.5,87
-108,-2.5,87
-107,-2.5,87
-106,-2.5,87
-105,-2.5,87
-104,-2.5,87
-103,-2.5,87
-102,-2.5,87
-101,-2.5,87
-100,-2.5,87
-99,-2.5,87
-98,-2.5,87
-97,-2.5,87
-96,-2.5,87
-95,-2.5,87
-94,-2.5,87
-93,-2.5,87
-92,-2.5,87
-91,-2.5,87
-90,-2.5,87
-89,-2.5,87
-88,-2.5,87
-87,-2.5,87
-86,-2.5,87
-85,-2.5,87
-84,-2.5,87
-83,-2.5,87
-82,-2.5,128
-81,-2.5,128
-44,-2.5,131
-42,-2.5,131
-41,-2.5,135
-40,-2.5,135
-39,-2.5,135
-38,-2.5,135
-37,-2.5,135
-36,-2.5,135
-35,-2.5,135
-34,-2.5,135
-33,-2.5,41
-32,-2.5,41
-31,-2.5,41
-30,-2.5,41
-29,-2.5,41
-28,-2.5,41
-27,-2.5,41
-26,-2.5,41
-25,-2.5,41
-24,-2.5,41
-23,-2.5,41
-22,-2.5,41
-21,-2.5,41
-20,-2.5,41
-19,-2.5,34
-18,-2.5,34
-17,-2.5,34
-16,-2.5,34
-15,-2.5,34
-14,-2.5,34
-13,-2.5,34
-12,-2.5,34
-11,-2.5,34
-10,-2.5,34
-9,-2.5,34
-8,-2.5,34
-7,-2.5,34
-6,-2.5,34
-5,-2.5,34
-4,-2.5,34
-3,-2.5,34
-2,-2.5,34
-1,-2.5,34
0,-2.5,34
1,-2.5,34
2,-2.5,34
3,-2.5,34
4,-2.5,34
5,-2.5,34
6,-2.5,34
7,-2.5,132
8,-2.5,132
9,-2.5,132
41,-2.5,133
42,-2.5,133
43,-2.5,133
44,-2.5,133
45,-2.5,51
46,-2.5,51
47,-2.5,51
48,-2.5,51
49,-2.5,51
50,-2.5,51
51,-2.5,51
52,-2.5,51
53,-2.5,51
54,-2.5,51
55,-2.5,51
56,-2.5,51
57,-2.5,51
58,-2.5,51
59,-2.5,51
60,-2.5,51
61,-2.5,51
62,-2.5,51
63,-2.5,51
64,-2.5,51
65,-2.5,51
66,-2.5,51
67,-2.5,51
68,-2.5,51
69,-2.5,51
70,-2.5,51
71,-2.5,51
72,-2.5,51
73,-2.5,51
74,-2.5,51
75,-2.5,51
76,-2.5,51
77,-2.5,51
78,-2.5,51
79,-2.5,51
80,-2.5,51
81,-2.5,57
82,-2.5,57
83,-2.5,57
84,-2.5,57
85,-2.5,57
86,-2.5,57
87,-2.5,57
88,-2.5,57
89,-2.5,57
90,-2.5,57
91,-2.5,57
92,-2.5,57
93,-2.5,57
94,-2.5,57
95,-2.5,57
96,-2.5,57
97,-2.5,57
98,-2.5,57
99,-2.5,57
100,-2.5,57
101,-2.5,57
107,-2.5,134
108,-2.5,134
109,-2.5,134
110,-2.5,134
117,-2.5,134
118,-2.5,134
119,-2.5,134
122,-2.5,134
123,-2.5,134
124,-2.5,134
125,-2.5,134
126,-2.5,134
127,-2.5,134
128,-2.5,134
129,-2.5,134
130,-2.5,134
131,-2.5,134
132,-2.5,134
133,-2.5,134
135,-2.5,71
136,-2.5,71
141,-2.5,71
142,-2.5,71
143,-2.5,71
144,-2.5,71
145,-2.5,71
146,-2.5,71
147,-2.5,71
148,-2.5,71
149,-2.5,71
151,-2.5,71
152,-2.5,71
153,-2.5,71
154,-2.5,71
155,-2.5,71
156,-2.5,71
157,-2.5,71
158,-2.5,71
159,-2.5,71
160,-2.5,71
161,-2.5,71
162,-2.5,71
163,-2.5,71
164,-2.5,71
165,-2.5,71
166,-2.5,71
167,-2.5,71
168,-2.5,71
169,-2.5,71
170,-2.5,71
171,-2.5,71
172,-2.5,71
173,-2.5,71
174,-2.5,71
175,-2.5,71
176,-2.5,71
177,-2.5,71
178,-2.5,71
179,-2.5,71
-179,-3.5,71
-178,-3.5,71
-177,-3.5,71
-176,-3.5,71
-175,-3.5,71
-174,-3.5,77
-173,-3.5,77
-172,-3.5,77
-171,-3.5,77
-170,-3.5,77
-169,-3.5,77
-168,-3.5,77
-167,-3.5,77
-166,-3.5,77
-165,-3.5,77
-164,-3.5,77
-163,-3.5,77
-162,-3.5,77
-161,-3.5,77
-160,-3.5,77
-159,-3.5,77
-158,-3.5,77
-157,-3.5,77
-156,-3.5,77
-155,-3.5,77
-154,-3.5,77
-153,-3.5,77
-152,-3.5,77
-151,-3.5,77
-150,-3.5,77
-149,-3.5,77
-148,-3.5,77
-147,-3.5,77
-146,-3.5,77
-145,-3.5,77
-144,-3.5,77
-143,-3.5,77
-142,-3.5,77
-141,-3.5,77
-140,-3.5,77
-139,-3.5,77
-138,-3.5,77
-137,-3.5,77
-136,-3.5,77
-135,-3.5,77
-134,-3.5,77
-133,-3.5,77
-132,-3.5,77
-131,-3.5,77
-130,-3.5,77
-129,-3.5,77
-128,-3.5,77
-127,-3.5,77
-126,-3.5,77
-125,-3.5,77
-124,-3.5,77
-123,-3.5,77
-122,-3.5,77
-121,-3.5,77
-120,-3.5,77
-119,-3.5,87
-118,-3.5,87
-117,-3.5,87
-116,-3.5,87
-115,-3.5,87
-114,-3.5,87
-113,-3.5,87
-112,-3.5,87
-111,-3.5,87
-110,-3.5,87
-109,-3.5,87
-108,-3.5,87
-107,-3.5,87
-106,-3.5,87
-105,-3.5,87
-104,-3.5,87
-103,-3.5,87
-102,-3.5,87
-101,-3.5,87
-100,-3.5,87
-99,-3.5,87
-98,-3.5,87
-97,-3.5,87
-96,-3.5,87
-95,-3.5,87
-94,-3.5,87
-93,-3.5,87
-92,-3.5,87
-91,-3.5,87
-90,-3.5,87
-89,-3.5,87
-88,-3.5,87
-87,-3.5,87
-86,-3.5,87
-85,-3.5,87
-84,-3.5,87
-83,-3.5,87
-82,-3.5,87
-81,-3.5,128
-38,-3.5,135
-37,-3.5,135
-36,-3.5,135
-35,-3.5,135
-34,-3.5,135
-33,-3.5,135
-32,-3.5,41
-31,-3.5,41
-30,-3.5,41
-29,-3.5,41
-28,-3.5,41
-27,-3.5,41
-26,-3.5,41
-25,-3.5,41
-24,-3.5,41
-23,-3.5,41
-22,-3.5,41
-21,-3.5,41
-20,-3.5,41
-19,-3.5,34
-18,-3.5,34
-17,-3.5,34
-16,-3.5,34
-15,-3.5,34
-14,-3.5,34
-13,-3.5,34
-12,-3.5,34
-11,-3.5,34
-10,-3.5,34
-9,-3.5,34
-8,-3.5,34
-7,-3.5,34
-6,-3.5,34
-5,-3.5,34
-4,-3.5,34
-3,-3.5,34
-2,-3.5,34
-1,-3.5,34
0,-3.5,34
1,-3.5,34
2,-3.5,34
3,-3.5,34
4,-3.5,34
5,-3.5,34
6,-3.5,34
7,-3.5,132
8,-3.5,132
9,-3.5,132
10,-3.5,132
40,-3.5,133
41,-3.5,133
42,-3.5,133
43,-3.5,133
44,-3.5,51
45,-3.5,51
46,-3.5,51
47,-3.5,51
48,-3.5,51
49,-3.5,51
50,-3.5,51
51,-3.5,51
52,-3.5,51
53,-3.5,51
54,-3.5,51
55,-3.5,51
56,-3.5,51
57,-3.5,51
58,-3.5,51
59,-3.5,51
60,-3.5,51
61,-3.5,51
62,-3.5,51
63,-3.5,51
64,-3.5,51
65,-3.5,51
66,-3.5,51
67,-3.5,51
68,-3.5,51
69,-3.5,51
70,-3.5,51
71,-3.5,51
72,-3.5,51
73,-3.5,51
74,-3.5,51
75,-3.5,51
76,-3.5,51
77,-3.5,51
78,-3.5,51
79,-3.5,51
80,-3.5,51
81,-3.5,57
82,-3.5,57
83,-3.5,57
84,-3.5,57
85,-3.5,57
86,-3.5,57
87,-3.5,57
88,-3.5,57
89,-3.5,57
90,-3.5,57
91,-3.5,57
92,-3.5,57
93,-3.5,57
94,-3.5,57
95,-3.5,57
96,-3.5,57
97,-3.5,57
98,-3.5,57
99,-3.5,57
100,-3.5,57
101,-3.5,57
106,-3.5,134
107,-3.5,134
108,-3.5,134
109,-3.5,134
110,-3.5,134
111,-3.5,134
112,-3.5,134
113,-3.5,134
114,-3.5,134
117,-3.5,134
118,-3.5,134
123,-3.5,134
124,-3.5,134
125,-3.5,134
126,-3.5,134
128,-3.5,134
129,-3.5,134
130,-3.5,134
131,-3.5,134
132,-3.5,134
144,-3.5,71
145,-3.5,71
146,-3.5,71
147,-3.5,71
148,-3.5,71
149,-3.5,71
150,-3.5,71
151,-3.5,71
152,-3.5,71
153,-3.5,71
154,-3.5,71
155,-3.5,71
156,-3.5,71
157,-3.5,71
158,-3.5,71
159,-3.5,71
160,-3.5,71
161,-3.5,71
162,-3.5,71
163,-3.5,71
164,-3.5,71
165,-3.5,71
166,-3.5,71
167,-3.5,71
168,-3.5,71
169,-3.5,71
170,-3.5,71
171,-3.5,71
172,-3.5,71
173,-3.5,71
174,-3.5,71
175,-3.5,71
176,-3.5,71
177,-3.5,71
178,-3.5,71
179,-3.5,71
-179,-4.5,71
-178,-4.5,71
-177,-4.5,71
-176,-4.5,71
-175,-4.5,71
-174,-4.5,77
-173,-4.5,77
-172,-4.5,77
-171,-4.5,77
-170,-4.5,77
-169,-4.5,77
-168,-4.5,77
-167,-4.5,77
-166,-4.5,77
-165,-4.5,77
-164,-4.5,77
-163,-4.5,77
-162,-4.5,77
-161,-4.5,77
-160,-4.5,77
-159,-4.5,77
-158,-4.5,77
-157,-4.5,77
-156,-4.5,77
-155,-4.5,77
-154,-4.5,77
-153,-4.5,77
-152,-4.5,77
-151,-4.5,77
-150,-4.5,77
-149,-4.5,77
-148,-4.5,77
-147,-4.5,77
-146,-4.5,77
-145,-4.5,77
-144,-4.5,77
-143,-4.5,77
-142,-4.5,77
-141,-4.5,77
-140,-4.5,77
-139,-4.5,77
-138,-4.5,77
-137,-4.5,77
-136,-4.5,77
-135,-4.5,77
-134,-4.5,77
-133,-4.5,77
-132,-4.5,77
-131,-4.5,77
-130,-4.5,77
-129,-4.5,77
-128,-4.5,77
-127,-4.5,77
-126,-4.5,77
-125,-4.5,77
-124,-4.5,77
-123,-4.5,77
-122,-4.5,77
-121,-4.5,77
-120,-4.5,77
-119,-4.5,87
-118,-4.5,87
-117,-4.5,87
-116,-4.5,87
-115,-4.5,87
-114,-4.5,87
-113,-4.5,87
-112,-4.5,87
-111,-4.5,87
-110,-4.5,87
-109,-4.5,87
-108,-4.5,87
-107,-4.5,87
-106,-4.5,87
-105,-4.5,87
-104,-4.5,87
-103,-4.5,87
-102,-4.5,87
-101,-4.5,87
-100,-4.5,87
-99,-4.5,87
-98,-4.5,87
-97,-4.5,87
-96,-4.5,87
-95,-4.5,87
-94,-4.5,87
-93,-4.5,87
-92,-4.5,87
-91,-4.5,87
-90,-4.5,87
-89,-4.5,87
-88,-4.5,87
-87,-4.5,87
-86,-4.5,87
-85,-4.5,87
-84,-4.5,87
-83,-4.5,87
-82,-4.5,87
-37,-4.5,135
-36,-4.5,135
-35,-4.5,135
-34,-4.5,135
-33,-4.5,135
-32,-4.5,135
-31,-4.5,41
-30,-4.5,41
-29,-4.5,41
-28,-4.5,41
-27,-4.5,41
-26,-4.5,41
-25,-4.5,41
-24,-4.5,41
-23,-4.5,41
-22,-4.5,41
-21,-4.5,41
-20,-4.5,41
-19,-4.5,34
-18,-4.5,34
-17,-4.5,34
-16,-4.5,34
-15,-4.5,34
-14,-4.5,34
-13,-4.5,34
-12,-4.5,34
-11,-4.5,34
-10,-4.5,34
-9,-4.5,34
-8,-4.5,34
-7,-4.5,34
-6,-4.5,34
-5,-4.5,34
-4,-4.5,34
-3,-4.5,34
-2,-4.5,34
-1,-4.5,34
0,-4.5,34
1,-4.5,34
2,-4.5,34
3,-4.5,34
4,-4.5,34
5,-4.5,34
6,-4.5,34
7,-4.5,34
8,-4.5,132
9,-4.5,132
10,-4.5,132
11,-4.5,132
40,-4.5,133
41,-4.5,133
42,-4.5,133
43,-4.5,133
44,-4.5,51
45,-4.5,51
46,-4.5,51
47,-4.5,51
48,-4.5,51
49,-4.5,51
50,-4.5,51
51,-4.5,51
52,-4.5,51
53,-4.5,51
54,-4.5,51
55,-4.5,51
56,-4.5,51
57,-4.5,51
58,-4.5,51
59,-4.5,51
60,-4.5,51
61,-4.5,51
62,-4.5,51
63,-4.5,51
64,-4.5,51
65,-4.5,51
66,-4.5,51
67,-4.5,51
68,-4.5,51
69,-4.5,51
70,-4.5,51
71,-4.5,51
72,-4.5,51
73,-4.5,51
74,-4.5,51
75,-4.5,51
76,-4.5,51
77,-4.5,51
78,-4.5,51
79,-4.5,51
80,-4.5,51
81,-4.5,57
82,-4.5,57
83,-4.5,57
84,-4.5,57
85,-4.5,57
86,-4.5,57
87,-4.5,57
88,-4.5,57
89,-4.5,57
90,-4.5,57
91,-4.5,57
92,-4.5,57
93,-4.5,57
94,-4.5,57
95,-4.5,57
96,-4.5,57
97,-4.5,57
98,-4.5,57
99,-4.5,57
100,-4.5,57
101,-4.5,57
102,-4.5,57
106,-4.5,134
107,-4.5,134
108,-4.5,134
109,-4.5,134
110,-4.5,134
111,-4.5,134
112,-4.5,134
113,-4.5,134
114,-4.5,134
115,-4.5,134
116,-4.5,134
117,-4.5,134
118,-4.5,134
119,-4.5,134
121,-4.5,134
124,-4.5,134
125,-4.5,134
126,-4.5,134
127,-4.5,134
128,-4.5,134
129,-4.5,134
130,-4.5,134
131,-4.5,134
132,-4.5,134
133,-4.5,134
134,-4.5,134
135,-4.5,134
146,-4.5,71
147,-4.5,71
148,-4.5,71
149,-4.5,71
150,-4.5,71
151,-4.5,71
154,-4.5,71
155,-4.5,71
156,-4.5,71
157,-4.5,71
158,-4.5,71
159,-4.5,71
160,-4.5,71
161,-4.5,71
162,-4.5,71
163,-4.5,71
164,-4.5,71
165,-4.5,71
166,-4.5,71
167,-4.5,71
168,-4.5,71
169,-4.5,71
170,-4.5,71
171,-4.5,71
172,-4.5,71
173,-4.5,71
174,-4.5,71
175,-4.5,71
176,-4.5,71
177,-4.5,71
178,-4.5,71
179,-4.5,71
-179,-5.5,71
-178,-5.5,71
-177,-5.5,71
-176,-5.5,71
-175,-5.5,71
-174,-5.5,77
-173,-5.5,77
-172,-5.5,77
-171,-5.5,77
-170,-5.5,77
-169,-5.5,77
-168,-5.5,77
-167,-5.5,77
-166,-5.5,77
-165,-5.5,77
-164,-5.5,77
-163,-5.5,77
-162,-5.5,77
-161,-5.5,77
-160,-5.5,77
-159,-5.5,77
-158,-5.5,77
-157,-5.5,77
-156,-5.5,77
-155,-5.5,77
-154,-5.5,77
-153,-5.5,77
-152,-5.5,77
-151,-5.5,77
-150,-5.5,77
-149,-5.5,77
-148,-5.5,77
-147,-5.5,77
-146,-5.5,77
-145,-5.5,77
-144,-5.5,77
-143,-5.5,77
-142,-5.5,77
-141,-5.5,77
-140,-5.5,77
-139,-5.5,77
-138,-5.5,77
-137,-5.5,77
-136,-5.5,77
-135,-5.5,77
-134,-5.5,77
-133,-5.5,77
-132,-5.5,77
-131,-5.5,77
-130,-5.5,77
-129,-5.5,77
-128,-5.5,77
-127,-5.5,77
-126,-5.5,77
-125,-5.5,77
-124,-5.5,77
-123,-5.5,77
-122,-5.5,77
-121,-5.5,77
-120,-5.5,77
-119,-5.5,87
-118,-5.5,87
-117,-5.5,87
-116,-5.5,87
-115,-5.5,87
-114,-5.5,87
-113,-5.5,87
-112,-5.5,87
-111,-5.5,87
-110,-5.5,87
-109,-5.5,87
-108,-5.5,87
-107,-5.5,87
-106,-5.5,87
-105,-5.5,87
-104,-5.5,87
-103,-5.5,87
-102,-5.5,87
-101,-5.5,87
-100,-5.5,87
-99,-5.5,87
-98,-5.5,87
-97,-5.5,87
-96,-5.5,87
-95,-5.5,87
-94,-5.5,87
-93,-5.5,87
-92,-5.5,87
-91,-5.5,87
-90,-5.5,87
-89,-5.5,87
-88,-5.5,87
-87,-5.5,87
-86,-5.5,87
-85,-5.5,87
-84,-5.5,87
-83,-5.5,87
-82,-5.5,136
-81,-5.5,136
-35,-5.5,135
-34,-5.5,135
-33,-5.5,135
-32,-5.5,135
-31,-5.5,41
-30,-5.5,41
-29,-5.5,41
-28,-5.5,41
-27,-5.5,41
-26,-5.5,41
-25,-5.5,41
-24,-5.5,41
-23,-5.5,41
-22,-5.5,41
-21,-5.5,41
-20,-5.5,41
-19,-5.5,34
-18,-5.5,34
-17,-5.5,34
-16,-5.5,34
-15,-5.5,34
-14,-5.5,34
-13,-5.5,34
-12,-5.5,34
-11,-5.5,34
-10,-5.5,34
-9,-5.5,34
-8,-5.5,34
-7,-5.5,34
-6,-5.5,34
-5,-5.5,34
-4,-5.5,34
-3,-5.5,34
-2,-5.5,34
-1,-5.5,34
0,-5.5,34
1,-5.5,34
2,-5.5,34
3,-5.5,34
4,-5.5,34
5,-5.5,34
6,-5.5,34
7,-5.5,34
8,-5.5,132
9,-5.5,132
10,-5.5,132
11,-5.5,132
12,-5.5,132
39,-5.5,133
40,-5.5,133
41,-5.5,133
42,-5.5,133
43,-5.5,133
44,-5.5,51
45,-5.5,51
46,-5.5,51
47,-5.5,51
48,-5.5,51
49,-5.5,51
50,-5.5,51
51,-5.5,51
52,-5.5,51
53,-5.5,51
54,-5.5,51
55,-5.5,51
56,-5.5,51
57,-5.5,51
58,-5.5,51
59,-5.5,51
60,-5.5,51
61,-5.5,51
62,-5.5,51
63,-5.5,51
64,-5.5,51
65,-5.5,51
66,-5.5,51
67,-5.5,51
68,-5.5,51
69,-5.5,51
70,-5.5,51
71,-5.5,51
72,-5.5,51
73,-5.5,51
74,-5.5,51
75,-5.5,51
76,-5.5,51
77,-5.5,51
78,-5.5,51
79,-5.5,51
80,-5.5,51
81,-5.5,57
82,-5.5,57
83,-5.5,57
84,-5.5,57
85,-5.5,57
86,-5.5,57
87,-5.5,57
88,-5.5,57
89,-5.5,57
90,-5.5,57
91,-5.5,57
92,-5.5,57
93,-5.5,57
94,-5.5,57
95,-5.5,57
96,-5.5,57
97,-5.5,57
98,-5.5,57
99,-5.5,57
100,-5.5,57
101,-5.5,57
102,-5.5,57
103,-5.5,57
104,-5.5,57
106,-5.5,134
107,-5.5,134
108,-5.5,134
109,-5.5,134
110,-5.5,134
111,-5.5,134
112,-5.5,134
113,-5.5,134
114,-5.5,134
115,-5.5,134
116,-5.5,134
117,-5.5,134
118,-5.5,134
119,-5.5,134
121,-5.5,134
122,-5.5,134
123,-5.5,134
124,-5.5,134
125,-5.5,134
126,-5.5,134
127,-5.5,134
128,-5.5,134
129,-5.5,134
130,-5.5,134
131,-5.5,134
132,-5.5,134
133,-5.5,134
134,-5.5,134
135,-5.5,71
136,-5.5,71
137,-5.5,71
138,-5.5,71
147,-5.5,71
148,-5.5,71
152,-5.5,71
153,-5.5,71
154,-5.5,71
155,-5.5,71
156,-5.5,71
157,-5.5,71
158,-5.5,71
159,-5.5,71
160,-5.5,71
161,-5.5,71
162,-5.5,71
163,-5.5,71
164,-5.5,71
165,-5.5,71
166,-5.5,71
167,-5.5,71
168,-5.5,71
169,-5.5,71
170,-5.5,71
171,-5.5,71
172,-5.5,71
173,-5.5,71
174,-5.5,71
175,-5.5,71
176,-5.5,71
177,-5.5,71
178,-5.5,71
179,-5.5,71
-179,-6.5,71
-178,-6.5,71
-177,-6.5,71
-176,-6.5,71
-175,-6.5,71
-174,-6.5,77
-173,-6.5,77
-172,-6.5,77
-171,-6.5,77
-170,-6.5,77
-169,-6.5,77
-168,-6.5,77
-167,-6.5,77
-166,-6.5,77
-165,-6.5,77
-164,-6.5,77
-163,-6.5,77
-162,-6.5,77
-161,-6.5,77
-160,-6.5,77
-159,-6.5,77
-158,-6.5,77
-157,-6.5,77
-156,-6.5,77
-155,-6.5,77
-154,-6.5,77
-153,-6.5,77
-152,-6.5,77
-151,-6.5,77
-150,-6.5,77
-149,-6.5,77
-148,-6.5,77
-147,-6.5,77
-146,-6.5,77
-145,-6.5,77
-144,-6.5,77
-143,-6.5,77
-142,-6.5,77
-141,-6.5,77
-140,-6.5,77
-139,-6.5,77
-138,-6.5,77
-137,-6.5,77
-136,-6.5,77
-135,-6.5,77
-134,-6.5,77
-133,-6.5,77
-132,-6.5,77
-131,-6.5,77
-130,-6.5,77
-129,-6.5,77
-128,-6.5,77
-127,-6.5,77
-126,-6.5,77
-125,-6.5,77
-124,-6.5,77
-123,-6.5,77
-122,-6.5,77
-121,-6.5,77
-120,-6.5,77
-119,-6.5,87
-118,-6.5,87
-117,-6.5,87
-116,-6.5,87
-115,-6.5,87
-114,-6.5,87
-113,-6.5,87
-112,-6.5,87
-111,-6.5,87
-110,-6.5,87
-109,-6.5,87
-108,-6.5,87
-107,-6.5,87
-106,-6.5,87
-105,-6.5,87
-104,-6.5,87
-103,-6.5,87
-102,-6.5,87
-101,-6.5,87
-100,-6.5,87
-99,-6.5,87
-98,-6.5,87
-97,-6.5,87
-96,-6.5,87
-95,-6.5,87
-94,-6.5,87
-93,-6.5,87
-92,-6.5,87
-91,-6.5,87
-90,-6.5,87
-89,-6.5,87
-88,-6.5,87
-87,-6.5,87
-86,-6.5,87
-85,-6.5,87
-84,-6.5,87
-83,-6.5,87
-82,-6.5,136
-81,-6.5,136
-34,-6.5,135
-33,-6.5,135
-32,-6.5,135
-31,-6.5,41
-30,-6.5,41
-29,-6.5,41
-28,-6.5,41
-27,-6.5,41
-26,-6.5,41
-25,-6.5,41
-24,-6.5,41
-23,-6.5,41
-22,-6.5,41
-21,-6.5,41
-20,-6.5,41
-19,-6.5,47
-18,-6.5,47
-17,-6.5,47
-16,-6.5,47
-15,-6.5,47
-14,-6.5,47
-13,-6.5,47
-12,-6.5,47
-11,-6.5,47
-10,-6.5,47
-9,-6.5,47
-8,-6.5,47
-7,-6.5,47
-6,-6.5,47
-5,-6.5,47
-4,-6.5,47
-3,-6.5,47
-2,-6.5,47
-1,-6.5,47
0,-6.5,47
1,-6.5,47
2,-6.5,47
3,-6.5,47
4,-6.5,47
5,-6.5,47
6,-6.5,47
7,-6.5,47
8,-6.5,47
9,-6.5,132
10,-6.5,132
11,-6.5,137
12,-6.5,137
40,-6.5,133
41,-6.5,133
42,-6.5,133
43,-6.5,133
44,-6.5,51
45,-6.5,51
46,-6.5,51
47,-6.5,51
48,-6.5,51
49,-6.5,51
50,-6.5,51
51,-6.5,51
52,-6.5,51
53,-6.5,51
54,-6.5,51
55,-6.5,51
56,-6.5,51
57,-6.5,51
58,-6.5,51
59,-6.5,51
60,-6.5,51
61,-6.5,51
62,-6.5,51
63,-6.5,51
64,-6.5,51
65,-6.5,51
66,-6.5,51
67,-6.5,51
68,-6.5,51
69,-6.5,51
70,-6.5,51
71,-6.5,51
72,-6.5,51
73,-6.5,51
74,-6.5,51
75,-6.5,51
76,-6.5,51
77,-6.5,51
78,-6.5,51
79,-6.5,51
80,-6.5,51
81,-6.5,57
82,-6.5,57
83,-6.5,57
84,-6.5,57
85,-6.5,57
86,-6.5,57
87,-6.5,57
88,-6.5,57
89,-6.5,57
90,-6.5,57
91,-6.5,57
92,-6.5,57
93,-6.5,57
94,-6.5,57
95,-6.5,57
96,-6.5,57
97,-6.5,57
98,-6.5,57
99,-6.5,57
100,-6.5,57
101,-6.5,57
102,-6.5,57
103,-6.5,57
104,-6.5,57
105,-6.5,57
109,-6.5,134
110,-6.5,134
112,-6.5,134
113,-6.5,134
114,-6.5,134
115,-6.5,134
116,-6.5,134
117,-6.5,134
118,-6.5,134
119,-6.5,134
120,-6.5,134
121,-6.5,134
122,-6.5,134
123,-6.5,134
124,-6.5,134
125,-6.5,134
126,-6.5,134
127,-6.5,134
128,-6.5,134
129,-6.5,134
130,-6.5,134
131,-6.5,134
132,-6.5,134
133,-6.5,134
134,-6.5,71
135,-6.5,71
136,-6.5,71
137,-6.5,71
138,-6.5,71
148,-6.5,71
149,-6.5,71
150,-6.5,71
151,-6.5,71
152,-6.5,71
153,-6.5,71
154,-6.5,71
155,-6.5,71
156,-6.5,71
157,-6.5,71
158,-6.5,71
159,-6.5,71
160,-6.5,71
161,-6.5,71
162,-6.5,71
163,-6.5,71
164,-6.5,71
165,-6.5,71
166,-6.5,71
167,-6.5,71
168,-6.5,71
169,-6.5,71
170,-6.5,71
171,-6.5,71
172,-6.5,71
173,-6.5,71
174,-6.5,71
175,-6.5,71
176,-6.5,71
177,-6.5,71
178,-6.5,71
179,-6.5,71
-179,-7.5,71
-178,-7.5,71
-177,-7.5,71
-176,-7.5,71
-175,-7.5,71
-174,-7.5,77
-173,-7.5,77
-172,-7.5,77
-171,-7.5,77
-170,-7.5,77
-169,-7.5,77
-168,-7.5,77
-167,-7.5,77
-166,-7.5,77
-165,-7.5,77
-164,-7.5,77
-163,-7.5,77
-162,-7.5,77
-161,-7.5,77
-160,-7.5,77
-159,-7.5,77
-158,-7.5,77
-157,-7.5,77
-156,-7.5,77
-155,-7.5,77
-154,-7.5,77
-153,-7.5,77
-152,-7.5,77
-151,-7.5,77
-150,-7.5,77
-149,-7.5,77
-148,-7.5,77
-147,-7.5,77
-146,-7.5,77
-145,-7.5,77
-144,-7.5,77
-143,-7.5,77
-142,-7.5,77
-141,-7.5,77
-140,-7.5,77
-139,-7.5,77
-138,-7.5,77
-137,-7.5,77
-136,-7.5,77
-135,-7.5,77
-134,-7.5,77
-133,-7.5,77
-132,-7.5,77
-131,-7.5,77
-130,-7.5,77
-129,-7.5,77
-128,-7.5,77
-127,-7.5,77
-126,-7.5,77
-125,-7.5,77
-124,-7.5,77
-123,-7.5,77
-122,-7.5,77
-121,-7.5,77
-120,-7.5,77
-119,-7.5,87
-118,-7.5,87
-117,-7.5,87
-116,-7.5,87
-115,-7.5,87
-114,-7.5,87
-113,-7.5,87
-112,-7.5,87
-111,-7.5,87
-110,-7.5,87
-109,-7.5,87
-108,-7.5,87
-107,-7.5,87
-106,-7.5,87
-105,-7.5,87
-104,-7.5,87
-103,-7.5,87
-102,-7.5,87
-101,-7.5,87
-100,-7.5,87
-99,-7.5,87
-98,-7.5,87
-97,-7.5,87
-96,-7.5,87
-95,-7.5,87
-94,-7.5,87
-93,-7.5,87
-92,-7.5,87
-91,-7.5,87
-90,-7.5,87
-89,-7.5,87
-88,-7.5,87
-87,-7.5,87
-86,-7.5,87
-85,-7.5,87
-84,-7.5,87
-83,-7.5,87
-82,-7.5,136
-81,-7.5,136
-80,-7.5,136
-34,-7.5,135
-33,-7.5,135
-32,-7.5,135
-31,-7.5,41
-30,-7.5,41
-29,-7.5,41
-28,-7.5,41
-27,-7.5,41
-26,-7.5,41
-25,-7.5,41
-24,-7.5,41
-23,-7.5,41
-22,-7.5,41
-21,-7.5,41
-20,-7.5,41
-19,-7.5,47
-18,-7.5,47
-17,-7.5,47
-16,-7.5,47
-15,-7.5,47
-14,-7.5,47
-13,-7.5,47
-12,-7.5,47
-11,-7.5,47
-10,-7.5,47
-9,-7.5,47
-8,-7.5,47
-7,-7.5,47
-6,-7.5,47
-5,-7.5,47
-4,-7.5,47
-3,-7.5,47
-2,-7.5,47
-1,-7.5,47
0,-7.5,47
1,-7.5,47
2,-7.5,47
3,-7.5,47
4,-7.5,47
5,-7.5,47
6,-7.5,47
7,-7.5,47
8,-7.5,47
9,-7.5,137
10,-7.5,137
11,-7.5,137
12,-7.5,137
40,-7.5,133
41,-7.5,133
42,-7.5,133
43,-7.5,133
44,-7.5,51
45,-7.5,51
46,-7.5,51
47,-7.5,51
48,-7.5,51
49,-7.5,51
50,-7.5,51
51,-7.5,51
52,-7.5,51
53,-7.5,51
54,-7.5,51
55,-7.5,51
56,-7.5,51
57,-7.5,51
58,-7.5,51
59,-7.5,51
60,-7.5,51
61,-7.5,51
62,-7.5,51
63,-7.5,51
64,-7.5,51
65,-7.5,51
66,-7.5,51
67,-7.5,51
68,-7.5,51
69,-7.5,51
70,-7.5,51
71,-7.5,51
72,-7.5,51
73,-7.5,51
74,-7.5,51
75,-7.5,51
76,-7.5,51
77,-7.5,51
78,-7.5,51
79,-7.5,51
80,-7.5,51
81,-7.5,57
82,-7.5,57
83,-7.5,57
84,-7.5,57
85,-7.5,57
86,-7.5,57
87,-7.5,57
88,-7.5,57
89,-7.5,57
90,-7.5,57
91,-7.5,57
92,-7.5,57
93,-7.5,57
94,-7.5,57
95,-7.5,57
96,-7.5,57
97,-7.5,57
98,-7.5,57
99,-7.5,57
100,-7.5,57
101,-7.5,57
102,-7.5,57
103,-7.5,57
104,-7.5,57
105,-7.5,57
106,-7.5,57
107,-7.5,57
113,-7.5,134
114,-7.5,134
115,-7.5,134
116,-7.5,134
117,-7.5,134
118,-7.5,134
119,-7.5,134
120,-7.5,134
121,-7.5,134
122,-7.5,134
123,-7.5,134
124,-7.5,134
125,-7.5,134
126,-7.5,134
127,-7.5,134
128,-7.5,134
129,-7.5,134
130,-7.5,134
131,-7.5,134
132,-7.5,71
133,-7.5,71
134,-7.5,71
135,-7.5,71
136,-7.5,71
137,-7.5,71
138,-7.5,71
148,-7.5,71
149,-7.5,71
150,-7.5,71
151,-7.5,71
152,-7.5,71
153,-7.5,71
154,-7.5,71
155,-7.5,71
156,-7.5,71
157,-7.5,71
158,-7.5,71
159,-7.5,71
160,-7.5,71
161,-7.5,71
162,-7.5,71
163,-7.5,71
164,-7.5,71
165,-7.5,71
166,-7.5,71
167,-7.5,71
168,-7.5,71
169,-7.5,71
170,-7.5,71
171,-7.5,71
172,-7.5,71
173,-7.5,71
174,-7.5,71
175,-7.5,71
176,-7.5,71
177,-7.5,71
178,-7.5,71
179,-7.5,71
-179,-8.5,71
-178,-8.5,71
-177,-8.5,71
-176,-8.5,71
-175,-8.5,71
-174,-8.5,77
-173,-8.5,77
-172,-8.5,77
-171,-8.5,77
-170,-8.5,77
-169,-8.5,77
-168,-8.5,77
-167,-8.5,77
-166,-8.5,77
-165,-8.5,77
-164,-8.5,77
-163,-8.5,77
-162,-8.5,77
-161,-8.5,77
-160,-8.5,77
-159,-8.5,77
-158,-8.5,77
-157,-8.5,77
-156,-8.5,77
-155,-8.5,77
-154,-8.5,77
-153,-8.5,77
-152,-8.5,77
-151,-8.5,77
-150,-8.5,77
-149,-8.5,77
-148,-8.5,77
-147,-8.5,77
-146,-8.5,77
-145,-8.5,77
-144,-8.5,77
-143,-8.5,77
-142,-8.5,77
-141,-8.5,77
-140,-8.5,77
-139,-8.5,77
-138,-8.5,77
-137,-8.5,77
-136,-8.5,77
-135,-8.5,77
-134,-8.5,77
-133,-8.5,77
-132,-8.5,77
-131,-8.5,77
-130,-8.5,77
-129,-8.5,77
-128,-8.5,77
-127,-8.5,77
-126,-8.5,77
-125,-8.5,77
-124,-8.5,77
-123,-8.5,77
-122,-8.5,77
-121,-8.5,77
-120,-8.5,77
-119,-8.5,87
-118,-8.5,87
-117,-8.5,87
-116,-8.5,87
-115,-8.5,87
-114,-8.5,87
-113,-8.5,87
-112,-8.5,87
-111,-8.5,87
-110,-8.5,87
-109,-8.5,87
-108,-8.5,87
-107,-8.5,87
-106,-8.5,87
-105,-8.5,87
-104,-8.5,87
-103,-8.5,87
-102,-8.5,87
-101,-8.5,87
-100,-8.5,87
-99,-8.5,87
-98,-8.5,87
-97,-8.5,87
-96,-8.5,87
-95,-8.5,87
-94,-8.5,87
-93,-8.5,87
-92,-8.5,87
-91,-8.5,87
-90,-8.5,87
-89,-8.5,87
-88,-8.5,87
-87,-8.5,87
-86,-8.5,87
-85,-8.5,87
-84,-8.5,87
-83,-8.5,87
-82,-8.5,136
-81,-8.5,136
-80,-8.5,136
-79,-8.5,136
-35,-8.5,135
-34,-8.5,135
-33,-8.5,135
-32,-8.5,41
-31,-8.5,41
-30,-8.5,41
-29,-8.5,41
-28,-8.5,41
-27,-8.5,41
-26,-8.5,41
-25,-8.5,41
-24,-8.5,41
-23,-8.5,41
-22,-8.5,41
-21,-8.5,41
-20,-8.5,41
-19,-8.5,47
-18,-8.5,47
-17,-8.5,47
-16,-8.5,47
-15,-8.5,47
-14,-8.5,47
-13,-8.5,47
-12,-8.5,47
-11,-8.5,47
-10,-8.5,47
-9,-8.5,47
-8,-8.5,47
-7,-8.5,47
-6,-8.5,47
-5,-8.5,47
-4,-8.5,47
-3,-8.5,47
-2,-8.5,47
-1,-8.5,47
0,-8.5,47
1,-8.5,47
2,-8.5,47
3,-8.5,47
4,-8.5,47
5,-8.5,47
6,-8.5,47
7,-8.5,47
8,-8.5,47
9,-8.5,137
10,-8.5,137
11,-8.5,137
12,-8.5,137
13,-8.5,137
40,-8.5,133
41,-8.5,133
42,-8.5,133
43,-8.5,133
44,-8.5,133
45,-8.5,51
46,-8.5,51
47,-8.5,51
48,-8.5,51
49,-8.5,51
50,-8.5,51
51,-8.5,51
52,-8.5,51
53,-8.5,51
54,-8.5,51
55,-8.5,51
56,-8.5,51
57,-8.5,51
58,-8.5,51
59,-8.5,51
60,-8.5,51
61,-8.5,51
62,-8.5,51
63,-8.5,51
64,-8.5,51
65,-8.5,51
66,-8.5,51
67,-8.5,51
68,-8.5,51
69,-8.5,51
70,-8.5,51
71,-8.5,51
72,-8.5,51
73,-8.5,51
74,-8.5,51
75,-8.5,51
76,-8.5,51
77,-8.5,51
78,-8.5,51
79,-8.5,51
80,-8.5,51
81,-8.5,57
82,-8.5,57
83,-8.5,57
84,-8.5,57
85,-8.5,57
86,-8.5,57
87,-8.5,57
88,-8.5,57
89,-8.5,57
90,-8.5,57
91,-8.5,57
92,-8.5,57
93,-8.5,57
94,-8.5,57
95,-8.5,57
96,-8.5,57
97,-8.5,57
98,-8.5,57
99,-8.5,57
100,-8.5,57
101,-8.5,57
102,-8.5,57
103,-8.5,57
104,-8.5,57
105,-8.5,57
106,-8.5,57
107,-8.5,57
108,-8.5,57
109,-8.5,57
110,-8.5,57
111,-8.5,57
112,-8.5,57
113,-8.5,57
116,-8.5,134
118,-8.5,134
124,-8.5,134
125,-8.5,134
126,-8.5,134
128,-8.5,57
129,-8.5,57
130,-8.5,71
131,-8.5,71
132,-8.5,71
133,-8.5,71
134,-8.5,71
135,-8.5,71
136,-8.5,71
137,-8.5,71
138,-8.5,71
139,-8.5,71
140,-8.5,71
144,-8.5,71
145,-8.5,71
146,-8.5,71
149,-8.5,71
150,-8.5,71
152,-8.5,71
153,-8.5,71
154,-8.5,71
155,-8.5,71
156,-8.5,71
157,-8.5,71
158,-8.5,71
159,-8.5,71
160,-8.5,71
161,-8.5,71
162,-8.5,71
163,-8.5,71
164,-8.5,71
165,-8.5,71
166,-8.5,71
167,-8.5,71
168,-8.5,71
169,-8.5,71
170,-8.5,71
171,-8.5,71
172,-8.5,71
173,-8.5,71
174,-8.5,71
175,-8.5,71
176,-8.5,71
177,-8.5,71
178,-8.5,71
179,-8.5,71
-179,-9.5,71
-178,-9.5,71
-177,-9.5,71
-176,-9.5,71
-175,-9.5,71
-174,-9.5,77
-173,-9.5,77
-172,-9.5,77
-171,-9.5,77
-170,-9.5,77
-169,-9.5,77
-168,-9.5,77
-167,-9.5,77
-166,-9.5,77
-165,-9.5,77
-164,-9.5,77
-163,-9.5,77
-162,-9.5,77
-161,-9.5,77
-160,-9.5,77
-159,-9.5,77
-158,-9.5,77
-157,-9.5,77
-156,-9.5,77
-155,-9.5,77
-154,-9.5,77
-153,-9.5,77
-152,-9.5,77
-151,-9.5,77
-150,-9.5,77
-149,-9.5,77
-148,-9.5,77
-147,-9.5,77
-146,-9.5,77
-145,-9.5,77
-144,-9.5,77
-143,-9.5,77
-142,-9.5,77
-141,-9.5,77
-140,-9.5,77
-139,-9.5,77
-138,-9.5,77
-137,-9.5,77
-136,-9.5,77
-135,-9.5,77
-134,-9.5,77
-133,-9.5,77
-132,-9.5,77
-131,-9.5,77
-130,-9.5,77
-129,-9.5,77
-128,-9.5,77
-127,-9.5,77
-126,-9.5,77
-125,-9.5,77
-124,-9.5,77
-123,-9.5,77
-122,-9.5,77
-121,-9.5,77
-120,-9.5,77
-119,-9.5,87
-118,-9.5,87
-117,-9.5,87
-116,-9.5,87
-115,-9.5,87
-114,-9.5,87
-113,-9.5,87
-112,-9.5,87
-111,-9.5,87
-110,-9.5,87
-109,-9.5,87
-108,-9.5,87
-107,-9.5,87
-106,-9.5,87
-105,-9.5,87
-104,-9.5,87
-103,-9.5,87
-102,-9.5,87
-101,-9.5,87
-100,-9.5,87
-99,-9.5,87
-98,-9.5,87
-97,-9.5,87
-96,-9.5,87
-95,-9.5,87
-94,-9.5,87
-93,-9.5,87
-92,-9.5,87
-91,-9.5,87
-90,-9.5,87
-89,-9.5,87
-88,-9.5,87
-87,-9.5,87
-86,-9.5,87
-85,-9.5,87
-84,-9.5,87
-83,-9.5,136
-82,-9.5,136
-81,-9.5,136
-80,-9.5,136
-79,-9.5,136
-35,-9.5,135
-34,-9.5,135
-33,-9.5,135
-32,-9.5,41
-31,-9.5,41
-30,-9.5,41
-29,-9.5,41
-28,-9.5,41
-27,-9.5,41
-26,-9.5,41
-25,-9.5,41
-24,-9.5,41
-23,-9.5,41
-22,-9.5,41
-21,-9.5,41
-20,-9.5,41
-19,-9.5,47
-18,-9.5,47
-17,-9.5,47
-16,-9.5,47
-15,-9.5,47
-14,-9.5,47
-13,-9.5,47
-12,-9.5,47
-11,-9.5,47
-10,-9.5,47
-9,-9.5,47
-8,-9.5,47
-7,-9.5,47
-6,-9.5,47
-5,-9.5,47
-4,-9.5,47
-3,-9.5,47
-2,-9.5,47
-1,-9.5,47
0,-9.5,47
1,-9.5,47
2,-9.5,47
3,-9.5,47
4,-9.5,47
5,-9.5,47
6,-9.5,47
7,-9.5,47
8,-9.5,47
9,-9.5,137
10,-9.5,137
11,-9.5,137
12,-9.5,137
13,-9.5,137
40,-9.5,133
41,-9.5,133
42,-9.5,133
43,-9.5,133
44,-9.5,133
45,-9.5,140
46,-9.5,51
47,-9.5,51
48,-9.5,51
49,-9.5,51
50,-9.5,51
51,-9.5,51
52,-9.5,51
53,-9.5,51
54,-9.5,51
55,-9.5,51
56,-9.5,51
57,-9.5,51
58,-9.5,51
59,-9.5,51
60,-9.5,51
61,-9.5,51
62,-9.5,51
63,-9.5,51
64,-9.5,51
65,-9.5,51
66,-9.5,51
67,-9.5,51
68,-9.5,51
69,-9.5,51
70,-9.5,51
71,-9.5,51
72,-9.5,51
73,-9.5,51
74,-9.5,51
75,-9.5,51
76,-9.5,51
77,-9.5,51
78,-9.5,51
79,-9.5,51
80,-9.5,51
81,-9.5,57
82,-9.5,57
83,-9.5,57
84,-9.5,57
85,-9.5,57
86,-9.5,57
87,-9.5,57
88,-9.5,57
89,-9.5,57
90,-9.5,57
91,-9.5,57
92,-9.5,57
93,-9.5,57
94,-9.5,57
95,-9.5,57
96,-9.5,57
97,-9.5,57
98,-9.5,57
99,-9.5,57
100,-9.5,57
101,-9.5,57
102,-9.5,57
103,-9.5,57
104,-9.5,57
105,-9.5,57
106,-9.5,57
107,-9.5,57
108,-9.5,57
109,-9.5,57
110,-9.5,57
111,-9.5,57
112,-9.5,57
113,-9.5,57
114,-9.5,57
115,-9.5,57
116,-9.5,57
117,-9.5,57
118,-9.5,57
121,-9.5,134
122,-9.5,134
123,-9.5,134
126,-9.5,57
127,-9.5,57
128,-9.5,57
129,-9.5,57
130,-9.5,71
131,-9.5,71
132,-9.5,138
133,-9.5,138
134,-9.5,138
135,-9.5,138
136,-9.5,138
137,-9.5,71
138,-9.5,71
139,-9.5,71
140,-9.5,71
141,-9.5,71
142,-9.5,71
143,-9.5,71
144,-9.5,139
145,-9.5,71
146,-9.5,71
147,-9.5,71
150,-9.5,71
151,-9.5,71
152,-9.5,71
153,-9.5,71
154,-9.5,71
155,-9.5,71
156,-9.5,71
157,-9.5,71
158,-9.5,71
159,-9.5,71
161,-9.5,71
162,-9.5,71
163,-9.5,71
164,-9.5,71
165,-9.5,71
166,-9.5,71
167,-9.5,71
168,-9.5,71
169,-9.5,71
170,-9.5,71
171,-9.5,71
172,-9.5,71
173,-9.5,71
174,-9.5,71
175,-9.5,71
176,-9.5,71
177,-9.5,71
178,-9.5,71
179,-9.5,71
-179,-10.5,71
-178,-10.5,71
-177,-10.5,71
-176,-10.5,71
-175,-10.5,71
-174,-10.5,77
-173,-10.5,77
-172,-10.5,77
-171,-10.5,77
-170,-10.5,77
-169,-10.5,77
-168,-10.5,77
-167,-10.5,77
-166,-10.5,77
-165,-10.5,77
-164,-10.5,77
-163,-10.5,77
-162,-10.5,77
-161,-10.5,77
-160,-10.5,77
-159,-10.5,77
-158,-10.5,77
-157,-10.5,77
-156,-10.5,77
-155,-10.5,77
-154,-10.5,77
-153,-10.5,77
-152,-10.5,77
-151,-10.5,77
-150,-10.5,77
-149,-10.5,77
-148,-10.5,77
-147,-10.5,77
-146,-10.5,77
-145,-10.5,77
-144,-10.5,77
-143,-10.5,77
-142,-10.5,77
-141,-10.5,77
-140,-10.5,77
-139,-10.5,77
-138,-10.5,77
-137,-10.5,77
-136,-10.5,77
-135,-10.5,77
-134,-10.5,77
-133,-10.5,77
-132,-10.5,77
-131,-10.5,77
-130,-10.5,77
-129,-10.5,77
-128,-10.5,77
-127,-10.5,77
-126,-10.5,77
-125,-10.5,77
-124,-10.5,77
-123,-10.5,77
-122,-10.5,77
-121,-10.5,77
-120,-10.5,77
-119,-10.5,87
-118,-10.5,87
-117,-10.5,87
-116,-10.5,87
-115,-10.5,87
-114,-10.5,87
-113,-10.5,87
-112,-10.5,87
-111,-10.5,87
-110,-10.5,87
-109,-10.5,87
-108,-10.5,87
-107,-10.5,87
-106,-10.5,87
-105,-10.5,87
-104,-10.5,87
-103,-10.5,87
-102,-10.5,87
-101,-10.5,87
-100,-10.5,87
-99,-10.5,87
-98,-10.5,87
-97,-10.5,87
-96,-10.5,87
-95,-10.5,87
-94,-10.5,87
-93,-10.5,87
-92,-10.5,87
-91,-10.5,87
-90,-10.5,87
-89,-10.5,87
-88,-10.5,87
-87,-10.5,87
-86,-10.5,87
-85,-10.5,87
-84,-10.5,87
-83,-10.5,87
-82,-10.5,136
-81,-10.5,136
-80,-10.5,136
-79,-10.5,136
-78,-10.5,136
-36,-10.5,135
-35,-10.5,135
-34,-10.5,135
-33,-10.5,135
-32,-10.5,41
-31,-10.5,41
-30,-10.5,41
-29,-10.5,41
-28,-10.5,41
-27,-10.5,41
-26,-10.5,41
-25,-10.5,41
-24,-10.5,41
-23,-10.5,41
-22,-10.5,41
-21,-10.5,41
-20,-10.5,41
-19,-10.5,47
-18,-10.5,47
-17,-10.5,47
-16,-10.5,47
-15,-10.5,47
-14,-10.5,47
-13,-10.5,47
-12,-10.5,47
-11,-10.5,47
-10,-10.5,47
-9,-10.5,47
-8,-10.5,47
-7,-10.5,47
-6,-10.5,47
-5,-10.5,47
-4,-10.5,47
-3,-10.5,47
-2,-10.5,47
-1,-10.5,47
0,-10.5,47
1,-10.5,47
2,-10.5,47
3,-10.5,47
4,-10.5,47
5,-10.5,47
6,-10.5,47
7,-10.5,47
8,-10.5,47
9,-10.5,137
10,-10.5,137
11,-10.5,137
12,-10.5,137
13,-10.5,137
41,-10.5,140
42,-10.5,140
43,-10.5,140
44,-10.5,140
45,-10.5,140
46,-10.5,140
47,-10.5,140
48,-10.5,51
49,-10.5,51
50,-10.5,51
51,-10.5,51
52,-10.5,51
53,-10.5,51
54,-10.5,51
55,-10.5,51
56,-10.5,51
57,-10.5,51
58,-10.5,51
59,-10.5,51
60,-10.5,51
61,-10.5,51
62,-10.5,51
63,-10.5,51
64,-10.5,51
65,-10.5,51
66,-10.5,51
67,-10.5,51
68,-10.5,51
69,-10.5,51
70,-10.5,51
71,-10.5,51
72,-10.5,51
73,-10.5,51
74,-10.5,51
75,-10.5,51
76,-10.5,51
77,-10.5,51
78,-10.5,51
79,-10.5,51
80,-10.5,51
81,-10.5,57
82,-10.5,57
83,-10.5,57
84,-10.5,57
85,-10.5,57
86,-10.5,57
87,-10.5,57
88,-10.5,57
89,-10.5,57
90,-10.5,57
91,-10.5,57
92,-10.5,57
93,-10.5,57
94,-10.5,57
95,-10.5,57
96,-10.5,57
97,-10.5,57
98,-10.5,57
99,-10.5,57
100,-10.5,57
101,-10.5,57
102,-10.5,57
103,-10.5,57
104,-10.5,57
105,-10.5,57
106,-10.5,57
107,-10.5,57
108,-10.5,57
109,-10.5,57
110,-10.5,57
111,-10.5,57
112,-10.5,57
113,-10.5,57
114,-10.5,57
115,-10.5,57
116,-10.5,57
117,-10.5,57
118,-10.5,57
119,-10.5,57
120,-10.5,57
121,-10.5,57
122,-10.5,57
123,-10.5,57
124,-10.5,57
125,-10.5,57
126,-10.5,57
127,-10.5,57
128,-10.5,57
129,-10.5,138
130,-10.5,138
131,-10.5,138
132,-10.5,138
133,-10.5,138
134,-10.5,138
135,-10.5,138
136,-10.5,138
137,-10.5,138
138,-10.5,138
139,-10.5,71
140,-10.5,71
141,-10.5,139
142,-10.5,139
143,-10.5,139
144,-10.5,139
145,-10.5,139
146,-10.5,71
147,-10.5,71
148,-10.5,71
149,-10.5,71
150,-10.5,71
151,-10.5,71
152,-10.5,71
153,-10.5,71
154,-10.5,71
155,-10.5,71
156,-10.5,71
157,-10.5,71
158,-10.5,71
159,-10.5,71
160,-10.5,71
161,-10.5,71
163,-10.5,71
164,-10.5,71
165,-10.5,71
166,-10.5,71
167,-10.5,71
168,-10.5,71
169,-10.5,71
170,-10.5,71
171,-10.5,71
172,-10.5,71
173,-10.5,71
174,-10.5,71
175,-10.5,71
176,-10.5,71
177,-10.5,71
178,-10.5,71
179,-10.5,71
-179,-11.5,71
-178,-11.5,71
-177,-11.5,71
-176,-11.5,71
-175,-11.5,71
-174,-11.5,77
-173,-11.5,77
-172,-11.5,77
-171,-11.5,77
-170,-11.5,77
-169,-11.5,77
-168,-11.5,77
-167,-11.5,77
-166,-11.5,77
-165,-11.5,77
-164,-11.5,77
-163,-11.5,77
-162,-11.5,77
-161,-11.5,77
-160,-11.5,77
-159,-11.5,77
-158,-11.5,77
-157,-11.5,77
-156,-11.5,77
-155,-11.5,77
-154,-11.5,77
-153,-11.5,77
-152,-11.5,77
-151,-11.5,77
-150,-11.5,77
-149,-11.5,77
-148,-11.5,77
-147,-11.5,77
-146,-11.5,77
-145,-11.5,77
-144,-11.5,77
-143,-11.5,77
-142,-11.5,77
-141,-11.5,77
-140,-11.5,77
-139,-11.5,77
-138,-11.5,77
-137,-11.5,77
-136,-11.5,77
-135,-11.5,77
-134,-11.5,77
-133,-11.5,77
-132,-11.5,77
-131,-11.5,77
-130,-11.5,77
-129,-11.5,77
-128,-11.5,77
-127,-11.5,77
-126,-11.5,77
-125,-11.5,77
-124,-11.5,77
-123,-11.5,77
-122,-11.5,77
-121,-11.5,77
-120,-11.5,77
-119,-11.5,87
-118,-11.5,87
-117,-11.5,87
-116,-11.5,87
-115,-11.5,87
-114,-11.5,87
-113,-11.5,87
-112,-11.5,87
-111,-11.5,87
-110,-11.5,87
-109,-11.5,87
-108,-11.5,87
-107,-11.5,87
-106,-11.5,87
-105,-11.5,87
-104,-11.5,87
-103,-11.5,87
-102,-11.5,87
-101,-11.5,87
-100,-11.5,87
-99,-11.5,87
-98,-11.5,87
-97,-11.5,87
-96,-11.5,87
-95,-11.5,87
-94,-11.5,87
-93,-11.5,87
-92,-11.5,87
-91,-11.5,87
-90,-11.5,87
-89,-11.5,87
-88,-11.5,87
-87,-11.5,87
-86,-11.5,87
-85,-11.5,87
-84,-11.5,87
-83,-11.5,87
-82,-11.5,136
-81,-11.5,136
-80,-11.5,136
-79,-11.5,136
-78,-11.5,136
-37,-11.5,135
-36,-11.5,135
-35,-11.5,135
-34,-11.5,135
-33,-11.5,41
-32,-11.5,41
-31,-11.5,41
-30,-11.5,41
-29,-11.5,41
-28,-11.5,41
-27,-11.5,41
-26,-11.5,41
-25,-11.5,41
-24,-11.5,41
-23,-11.5,41
-22,-11.5,41
-21,-11.5,41
-20,-11.5,41
-19,-11.5,47
-18,-11.5,47
-17,-11.5,47
-16,-11.5,47
-15,-11.5,47
-14,-11.5,47
-13,-11.5,47
-12,-11.5,47
-11,-11.5,47
-10,-11.5,47
-9,-11.5,47
-8,-11.5,47
-7,-11.5,47
-6,-11.5,47
-5,-11.5,47
-4,-11.5,47
-3,-11.5,47
-2,-11.5,47
-1,-11.5,47
0,-11.5,47
1,-11.5,47
2,-11.5,47
3,-11.5,47
4,-11.5,47
5,-11.5,47
6,-11.5,47
7,-11.5,47
8,-11.5,47
9,-11.5,137
10,-11.5,137
11,-11.5,137
12,-11.5,137
13,-11.5,137
41,-11.5,140
42,-11.5,140
43,-11.5,140
44,-11.5,140
45,-11.5,140
46,-11.5,140
47,-11.5,140
48,-11.5,140
49,-11.5,140
50,-11.5,140
51,-11.5,51
52,-11.5,51
53,-11.5,51
54,-11.5,51
55,-11.5,51
56,-11.5,51
57,-11.5,51
58,-11.5,51
59,-11.5,51
60,-11.5,51
61,-11.5,51
62,-11.5,51
63,-11.5,51
64,-11.5,51
65,-11.5,51
66,-11.5,51
67,-11.5,51
68,-11.5,51
69,-11.5,51
70,-11.5,51
71,-11.5,51
72,-11.5,51
73,-11.5,51
74,-11.5,51
75,-11.5,51
76,-11.5,51
77,-11.5,51
78,-11.5,51
79,-11.5,51
80,-11.5,51
81,-11.5,57
82,-11.5,57
83,-11.5,57
84,-11.5,57
85,-11.5,57
86,-11.5,57
87,-11.5,57
88,-11.5,57
89,-11.5,57
90,-11.5,57
91,-11.5,57
92,-11.5,57
93,-11.5,57
94,-11.5,57
95,-11.5,57
96,-11.5,57
97,-11.5,57
98,-11.5,57
99,-11.5,57
100,-11.5,57
101,-11.5,57
102,-11.5,57
103,-11.5,57
104,-11.5,57
105,-11.5,57
106,-11.5,57
107,-11.5,57
108,-11.5,57
109,-11.5,57
110,-11.5,57
111,-11.5,57
112,-11.5,57
113,-11.5,57
114,-11.5,57
115,-11.5,57
116,-11.5,57
117,-11.5,57
118,-11.5,57
119,-11.5,57
120,-11.5,57
121,-11.5,57
122,-11.5,57
123,-11.5,57
124,-11.5,57
125,-11.5,57
126,-11.5,57
127,-11.5,138
128,-11.5,138
129,-11.5,138
130,-11.5,138
132,-11.5,138
134,-11.5,138
135,-11.5,138
136,-11.5,138
137,-11.5,138
138,-11.5,138
139,-11.5,138
140,-11.5,138
141,-11.5,138
142,-11.5,138
143,-11.5,139
144,-11.5,139
145,-11.5,139
146,-11.5,71
147,-11.5,71
148,-11.5,71
149,-11.5,71
150,-11.5,71
151,-11.5,71
152,-11.5,71
153,-11.5,71
154,-11.5,71
155,-11.5,71
156,-11.5,71
157,-11.5,71
158,-11.5,71
159,-11.5,71
161,-11.5,71
162,-11.5,71
163,-11.5,71
164,-11.5,71
165,-11.5,71
166,-11.5,71
167,-11.5,71
168,-11.5,71
169,-11.5,71
170,-11.5,71
171,-11.5,71
172,-11.5,71
173,-11.5,71
174,-11.5,71
175,-11.5,71
176,-11.5,71
177,-11.5,71
178,-11.5,71
179,-11.5,71
-179,-12.5,71
-178,-12.5,71
-177,-12.5,71
-176,-12.5,71
-175,-12.5,71
-174,-12.5,77
-173,-12.5,77
-172,-12.5,77
-171,-12.5,77
-170,-12.5,77
-169,-12.5,77
-168,-12.5,77
-167,-12.5,77
-166,-12.5,77
-165,-12.5,77
-164,-12.5,77
-163,-12.5,77
-162,-12.5,77
-161,-12.5,77
-160,-12.5,77
-159,-12.5,77
-158,-12.5,77
-157,-12.5,77
-156,-12.5,77
-155,-12.5,77
-154,-12.5,77
-153,-12.5,77
-152,-12.5,77
-151,-12.5,77
-150,-12.5,77
-149,-12.5,77
-148,-12.5,77
-147,-12.5,77
-146,-12.5,77
-145,-12.5,77
-144,-12.5,77
-143,-12.5,77
-142,-12.5,77
-141,-12.5,77
-140,-12.5,77
-139,-12.5,77
-138,-12.5,77
-137,-12.5,77
-136,-12.5,77
-135,-12.5,77
-134,-12.5,77
-133,-12.5,77
-132,-12.5,77
-131,-12.5,77
-130,-12.5,77
-129,-12.5,77
-128,-12.5,77
-127,-12.5,77
-126,-12.5,77
-125,-12.5,77
-124,-12.5,77
-123,-12.5,77
-122,-12.5,77
-121,-12.5,77
-120,-12.5,77
-119,-12.5,87
-118,-12.5,87
-117,-12.5,87
-116,-12.5,87
-115,-12.5,87
-114,-12.5,87
-113,-12.5,87
-112,-12.5,87
-111,-12.5,87
-110,-12.5,87
-109,-12.5,87
-108,-12.5,87
-107,-12.5,87
-106,-12.5,87
-105,-12.5,87
-104,-12.5,87
-103,-12.5,87
-102,-12.5,87
-101,-12.5,87
-100,-12.5,87
-99,-12.5,87
-98,-12.5,87
-97,-12.5,87
-96,-12.5,87
-95,-12.5,87
-94,-12.5,87
-93,-12.5,87
-92,-12.5,87
-91,-12.5,87
-90,-12.5,87
-89,-12.5,87
-88,-12.5,87
-87,-12.5,87
-86,-12.5,87
-85,-12.5,87
-84,-12.5,87
-83,-12.5,87
-82,-12.5,136
-81,-12.5,136
-80,-12.5,136
-79,-12.5,136
-78,-12.5,136
-77,-12.5,136
-37,-12.5,135
-36,-12.5,135
-35,-12.5,135
-34,-12.5,41
-33,-12.5,41
-32,-12.5,41
-31,-12.5,41
-30,-12.5,41
-29,-12.5,41
-28,-12.5,41
-27,-12.5,41
-26,-12.5,41
-25,-12.5,41
-24,-12.5,41
-23,-12.5,41
-22,-12.5,41
-21,-12.5,41
-20,-12.5,41
-19,-12.5,47
-18,-12.5,47
-17,-12.5,47
-16,-12.5,47
-15,-12.5,47
-14,-12.5,47
-13,-12.5,47
-12,-12.5,47
-11,-12.5,47
-10,-12.5,47
-9,-12.5,47
-8,-12.5,47
-7,-12.5,47
-6,-12.5,47
-5,-12.5,47
-4,-12.5,47
-3,-12.5,47
-2,-12.5,47
-1,-12.5,47
0,-12.5,47
1,-12.5,47
2,-12.5,47
3,-12.5,47
4,-12.5,47
5,-12.5,47
6,-12.5,47
7,-12.5,47
8,-12.5,47
9,-12.5,137
10,-12.5,137
11,-12.5,137
12,-12.5,137
13,-12.5,137
41,-12.5,140
42,-12.5,140
43,-12.5,140
44,-12.5,140
45,-12.5,140
46,-12.5,140
47,-12.5,140
48,-12.5,140
50,-12.5,140
51,-12.5,51
52,-12.5,51
53,-12.5,51
54,-12.5,51
55,-12.5,51
56,-12.5,51
57,-12.5,51
58,-12.5,51
59,-12.5,51
60,-12.5,51
61,-12.5,51
62,-12.5,51
63,-12.5,51
64,-12.5,51
65,-12.5,51
66,-12.5,51
67,-12.5,51
68,-12.5,51
69,-12.5,51
70,-12.5,51
71,-12.5,51
72,-12.5,51
73,-12.5,51
74,-12.5,51
75,-12.5,51
76,-12.5,51
77,-12.5,51
78,-12.5,51
79,-12.5,51
80,-12.5,51
81,-12.5,57
82,-12.5,57
83,-12.5,57
84,-12.5,57
85,-12.5,57
86,-12.5,57
87,-12.5,57
88,-12.5,57
89,-12.5,57
90,-12.5,57
91,-12.5,57
92,-12.5,57
93,-12.5,57
94,-12.5,57
95,-12.5,57
96,-12.5,57
97,-12.5,57
98,-12.5,57
99,-12.5,57
100,-12.5,57
101,-12.5,57
102,-12.5,57
103,-12.5,57
104,-12.5,57
105,-12.5,57
106,-12.5,57
107,-12.5,57
108,-12.5,57
109,-12.5,57
110,-12.5,57
111,-12.5,57
112,-12.5,57
113,-12.5,57
114,-12.5,57
115,-12.5,57
116,-12.5,57
117,-12.5,57
118,-12.5,57
119,-12.5,57
120,-12.5,57
121,-12.5,141
122,-12.5,141
123,-12.5,141
124,-12.5,141
125,-12.5,141
126,-12.5,141
127,-12.5,138
128,-12.5,138
129,-12.5,138
130,-12.5,138
137,-12.5,138
138,-12.5,138
139,-12.5,138
140,-12.5,138
141,-12.5,138
144,-12.5,139
145,-12.5,139
146,-12.5,139
147,-12.5,71
148,-12.5,71
149,-12.5,71
150,-12.5,71
151,-12.5,71
152,-12.5,71
153,-12.5,71
154,-12.5,71
155,-12.5,71
156,-12.5,71
157,-12.5,71
158,-12.5,71
159,-12.5,71
160,-12.5,71
161,-12.5,71
162,-12.5,71
163,-12.5,71
164,-12.5,71
165,-12.5,71
166,-12.5,71
167,-12.5,71
168,-12.5,71
169,-12.5,71
170,-12.5,71
171,-12.5,71
172,-12.5,71
173,-12.5,71
174,-12.5,71
175,-12.5,71
176,-12.5,71
177,-12.5,71
178,-12.5,71
179,-12.5,71
-179,-13.5,71
-178,-13.5,71
-177,-13.5,71
-176,-13.5,71
-175,-13.5,71
-174,-13.5,77
-173,-13.5,77
-172,-13.5,77
-171,-13.5,77
-170,-13.5,77
-169,-13.5,77
-168,-13.5,77
-167,-13.5,77
-166,-13.5,77
-165,-13.5,77
-164,-13.5,77
-163,-13.5,77
-162,-13.5,77
-161,-13.5,77
-160,-13.5,77
-159,-13.5,77
-158,-13.5,77
-157,-13.5,77
-156,-13.5,77
-155,-13.5,77
-154,-13.5,77
-153,-13.5,77
-152,-13.5,77
-151,-13.5,77
-150,-13.5,77
-149,-13.5,77
-148,-13.5,77
-147,-13.5,77
-146,-13.5,77
-145,-13.5,77
-144,-13.5,77
-143,-13.5,77
-142,-13.5,77
-141,-13.5,77
-140,-13.5,77
-139,-13.5,77
-138,-13.5,77
-137,-13.5,77
-136,-13.5,77
-135,-13.5,77
-134,-13.5,77
-133,-13.5,77
-132,-13.5,77
-131,-13.5,77
-130,-13.5,77
-129,-13.5,77
-128,-13.5,77
-127,-13.5,77
-126,-13.5,77
-125,-13.5,77
-124,-13.5,77
-123,-13.5,77
-122,-13.5,77
-121,-13.5,77
-120,-13.5,77
-119,-13.5,87
-118,-13.5,87
-117,-13.5,87
-116,-13.5,87
-115,-13.5,87
-114,-13.5,87
-113,-13.5,87
-112,-13.5,87
-111,-13.5,87
-110,-13.5,87
-109,-13.5,87
-108,-13.5,87
-107,-13.5,87
-106,-13.5,87
-105,-13.5,87
-104,-13.5,87
-103,-13.5,87
-102,-13.5,87
-101,-13.5,87
-100,-13.5,87
-99,-13.5,87
-98,-13.5,87
-97,-13.5,87
-96,-13.5,87
-95,-13.5,87
-94,-13.5,87
-93,-13.5,87
-92,-13.5,87
-91,-13.5,87
-90,-13.5,87
-89,-13.5,87
-88,-13.5,87
-87,-13.5,87
-86,-13.5,87
-85,-13.5,87
-84,-13.5,87
-83,-13.5,87
-82,-13.5,87
-81,-13.5,136
-80,-13.5,136
-79,-13.5,136
-78,-13.5,136
-77,-13.5,136
-39,-13.5,135
-38,-13.5,135
-37,-13.5,135
-36,-13.5,135
-35,-13.5,135
-34,-13.5,41
-33,-13.5,41
-32,-13.5,41
-31,-13.5,41
-30,-13.5,41
-29,-13.5,41
-28,-13.5,41
-27,-13.5,41
-26,-13.5,41
-25,-13.5,41
-24,-13.5,41
-23,-13.5,41
-22,-13.5,41
-21,-13.5,41
-20,-13.5,41
-19,-13.5,47
-18,-13.5,47
-17,-13.5,47
-16,-13.5,47
-15,-13.5,47
-14,-13.5,47
-13,-13.5,47
-12,-13.5,47
-11,-13.5,47
-10,-13.5,47
-9,-13.5,47
-8,-13.5,47
-7,-13.5,47
-6,-13.5,47
-5,-13.5,47
-4,-13.5,47
-3,-13.5,47
-2,-13.5,47
-1,-13.5,47
0,-13.5,47
1,-13.5,47
2,-13.5,47
3,-13.5,47
4,-13.5,47
5,-13.5,47
6,-13.5,47
7,-13.5,47
8,-13.5,47
9,-13.5,137
10,-13.5,137
11,-13.5,137
12,-13.5,137
41,-13.5,140
42,-13.5,140
43,-13.5,140
44,-13.5,140
45,-13.5,140
46,-13.5,140
47,-13.5,140
48,-13.5,140
51,-13.5,140
52,-13.5,51
53,-13.5,51
54,-13.5,51
55,-13.5,51
56,-13.5,51
57,-13.5,51
58,-13.5,51
59,-13.5,51
60,-13.5,51
61,-13.5,51
62,-13.5,51
63,-13.5,51
64,-13.5,51
65,-13.5,51
66,-13.5,51
67,-13.5,51
68,-13.5,51
69,-13.5,51
70,-13.5,51
71,-13.5,51
72,-13.5,51
73,-13.5,51
74,-13.5,51
75,-13.5,51
76,-13.5,51
77,-13.5,51
78,-13.5,51
79,-13.5,51
80,-13.5,51
81,-13.5,57
82,-13.5,57
83,-13.5,57
84,-13.5,57
85,-13.5,57
86,-13.5,57
87,-13.5,57
88,-13.5,57
89,-13.5,57
90,-13.5,57
91,-13.5,57
92,-13.5,57
93,-13.5,57
94,-13.5,57
95,-13.5,57
96,-13.5,57
97,-13.5,57
98,-13.5,57
99,-13.5,57
100,-13.5,57
101,-13.5,57
102,-13.5,57
103,-13.5,57
104,-13.5,57
105,-13.5,57
106,-13.5,57
107,-13.5,57
108,-13.5,57
109,-13.5,57
110,-13.5,57
111,-13.5,57
112,-13.5,57
113,-13.5,57
114,-13.5,57
115,-13.5,57
116,-13.5,57
117,-13.5,57
118,-13.5,57
119,-13.5,141
120,-13.5,141
121,-13.5,141
122,-13.5,141
123,-13.5,141
124,-13.5,141
125,-13.5,141
126,-13.5,141
127,-13.5,138
128,-13.5,138
129,-13.5,138
130,-13.5,138
136,-13.5,138
137,-13.5,138
138,-13.5,138
139,-13.5,138
140,-13.5,138
141,-13.5,138
144,-13.5,139
145,-13.5,139
146,-13.5,139
147,-13.5,139
148,-13.5,139
149,-13.5,71
150,-13.5,71
151,-13.5,71
152,-13.5,71
153,-13.5,71
154,-13.5,71
155,-13.5,71
156,-13.5,71
157,-13.5,71
158,-13.5,71
159,-13.5,71
160,-13.5,71
161,-13.5,71
162,-13.5,71
163,-13.5,71
164,-13.5,71
165,-13.5,71
166,-13.5,71
167,-13.5,71
168,-13.5,71
169,-13.5,71
170,-13.5,71
171,-13.5,71
172,-13.5,71
173,-13.5,71
174,-13.5,71
175,-13.5,71
176,-13.5,71
177,-13.5,71
178,-13.5,71
179,-13.5,71
-179,-14.5,71
-178,-14.5,71
-177,-14.5,71
-176,-14.5,71
-175,-14.5,71
-174,-14.5,77
-173,-14.5,77
-172,-14.5,77
-171,-14.5,77
-170,-14.5,77
-169,-14.5,77
-168,-14.5,77
-167,-14.5,77
-166,-14.5,77
-165,-14.5,77
-164,-14.5,77
-163,-14.5,77
-162,-14.5,77
-161,-14.5,77
-160,-14.5,77
-159,-14.5,77
-158,-14.5,77
-157,-14.5,77
-156,-14.5,77
-155,-14.5,77
-154,-14.5,77
-153,-14.5,77
-152,-14.5,77
-151,-14.5,77
-150,-14.5,77
-149,-14.5,77
-148,-14.5,77
-147,-14.5,77
-146,-14.5,77
-145,-14.5,77
-144,-14.5,77
-143,-14.5,77
-142,-14.5,77
-141,-14.5,77
-140,-14.5,77
-139,-14.5,77
-138,-14.5,77
-137,-14.5,77
-136,-14.5,77
-135,-14.5,77
-134,-14.5,77
-133,-14.5,77
-132,-14.5,77
-131,-14.5,77
-130,-14.5,77
-129,-14.5,77
-128,-14.5,77
-127,-14.5,77
-126,-14.5,77
-125,-14.5,77
-124,-14.5,77
-123,-14.5,77
-122,-14.5,77
-121,-14.5,77
-120,-14.5,77
-119,-14.5,87
-118,-14.5,87
-117,-14.5,87
-116,-14.5,87
-115,-14.5,87
-114,-14.5,87
-113,-14.5,87
-112,-14.5,87
-111,-14.5,87
-110,-14.5,87
-109,-14.5,87
-108,-14.5,87
-107,-14.5,87
-106,-14.5,87
-105,-14.5,87
-104,-14.5,87
-103,-14.5,87
-102,-14.5,87
-101,-14.5,87
-100,-14.5,87
-99,-14.5,87
-98,-14.5,87
-97,-14.5,87
-96,-14.5,87
-95,-14.5,87
-94,-14.5,87
-93,-14.5,87
-92,-14.5,87
-91,-14.5,87
-90,-14.5,87
-89,-14.5,87
-88,-14.5,87
-87,-14.5,87
-86,-14.5,87
-85,-14.5,87
-84,-14.5,87
-83,-14.5,87
-82,-14.5,87
-81,-14.5,136
-80,-14.5,136
-79,-14.5,136
-78,-14.5,136
-77,-14.5,136
-76,-14.5,136
-39,-14.5,135
-38,-14.5,135
-37,-14.5,135
-36,-14.5,135
-35,-14.5,41
-34,-14.5,41
-33,-14.5,41
-32,-14.5,41
-31,-14.5,41
-30,-14.5,41
-29,-14.5,41
-28,-14.5,41
-27,-14.5,41
-26,-14.5,41
-25,-14.5,41
-24,-14.5,41
-23,-14.5,41
-22,-14.5,41
-21,-14.5,41
-20,-14.5,41
-19,-14.5,47
-18,-14.5,47
-17,-14.5,47
-16,-14.5,47
-15,-14.5,47
-14,-14.5,47
-13,-14.5,47
-12,-14.5,47
-11,-14.5,47
-10,-14.5,47
-9,-14.5,47
-8,-14.5,47
-7,-14.5,47
-6,-14.5,47
-5,-14.5,47
-4,-14.5,47
-3,-14.5,47
-2,-14.5,47
-1,-14.5,47
0,-14.5,47
1,-14.5,47
2,-14.5,47
3,-14.5,47
4,-14.5,47
5,-14.5,47
6,-14.5,47
7,-14.5,47
8,-14.5,137
9,-14.5,137
10,-14.5,137
11,-14.5,137
12,-14.5,137
41,-14.5,140
42,-14.5,140
43,-14.5,140
44,-14.5,140
45,-14.5,140
46,-14.5,140
47,-14.5,140
51,-14.5,140
52,-14.5,51
53,-14.5,51
54,-14.5,51
55,-14.5,51
56,-14.5,51
57,-14.5,51
58,-14.5,51
59,-14.5,51
60,-14.5,51
61,-14.5,51
62,-14.5,51
63,-14.5,51
64,-14.5,51
65,-14.5,51
66,-14.5,51
67,-14.5,51
68,-14.5,51
69,-14.5,51
70,-14.5,51
71,-14.5,51
72,-14.5,51
73,-14.5,51
74,-14.5,51
75,-14.5,51
76,-14.5,51
77,-14.5,51
78,-14.5,51
79,-14.5,51
80,-14.5,51
81,-14.5,57
82,-14.5,57
83,-14.5,57
84,-14.5,57
85,-14.5,57
86,-14.5,57
87,-14.5,57
88,-14.5,57
89,-14.5,57
90,-14.5,57
91,-14.5,57
92,-14.5,57
93,-14.5,57
94,-14.5,57
95,-14.5,57
96,-14.5,57
97,-14.5,57
98,-14.5,57
99,-14.5,57
100,-14.5,57
101,-14.5,57
102,-14.5,57
103,-14.5,57
104,-14.5,57
105,-14.5,57
106,-14.5,57
107,-14.5,57
108,-14.5,57
109,-14.5,57
110,-14.5,57
111,-14.5,57
112,-14.5,57
113,-14.5,57
114,-14.5,57
115,-14.5,57
116,-14.5,57
117,-14.5,57
118,-14.5,141
119,-14.5,141
120,-14.5,141
121,-14.5,141
122,-14.5,141
123,-14.5,141
124,-14.5,141
125,-14.5,141
126,-14.5,141
128,-14.5,138
129,-14.5,138
136,-14.5,138
137,-14.5,138
138,-14.5,138
139,-14.5,138
140,-14.5,138
141,-14.5,138
145,-14.5,139
146,-14.5,139
147,-14.5,139
148,-14.5,139
149,-14.5,139
150,-14.5,139
151,-14.5,139
152,-14.5,71
153,-14.5,71
154,-14.5,71
155,-14.5,71
156,-14.5,139
157,-14.5,139
158,-14.5,71
159,-14.5,71
160,-14.5,71
161,-14.5,71
162,-14.5,71
163,-14.5,71
164,-14.5,71
165,-14.5,71
166,-14.5,71
167,-14.5,71
168,-14.5,71
169,-14.5,71
170,-14.5,71
171,-14.5,71
172,-14.5,71
173,-14.5,71
174,-14.5,71
175,-14.5,71
176,-14.5,71
177,-14.5,71
178,-14.5,71
179,-14.5,71
-179,-15.5,71
-178,-15.5,71
-177,-15.5,71
-176,-15.5,71
-175,-15.5,71
-174,-15.5,77
-173,-15.5,77
-172,-15.5,77
-171,-15.5,77
-170,-15.5,77
-169,-15.5,77
-168,-15.5,77
-167,-15.5,77
-166,-15.5,77
-165,-15.5,77
-164,-15.5,77
-163,-15.5,77
-162,-15.5,77
-161,-15.5,77
-160,-15.5,77
-159,-15.5,77
-158,-15.5,77
-157,-15.5,77
-156,-15.5,77
-155,-15.5,77
-154,-15.5,77
-153,-15.5,77
-152,-15.5,77
-151,-15.5,77
-150,-15.5,77
-149,-15.5,77
-148,-15.5,77
-147,-15.5,77
-146,-15.5,77
-145,-15.5,77
-144,-15.5,77
-143,-15.5,77
-142,-15.5,77
-141,-15.5,77
-140,-15.5,77
-139,-15.5,77
-138,-15.5,77
-137,-15.5,77
-136,-15.5,77
-135,-15.5,77
-134,-15.5,77
-133,-15.5,77
-132,-15.5,77
-131,-15.5,77
-130,-15.5,77
-129,-15.5,77
-128,-15.5,77
-127,-15.5,77
-126,-15.5,77
-125,-15.5,77
-124,-15.5,77
-123,-15.5,77
-122,-15.5,77
-121,-15.5,77
-120,-15.5,77
-119,-15.5,87
-118,-15.5,87
-117,-15.5,87
-116,-15.5,87
-115,-15.5,87
-114,-15.5,87
-113,-15.5,87
-112,-15.5,87
-111,-15.5,87
-110,-15.5,87
-109,-15.5,87
-108,-15.5,87
-107,-15.5,87
-106,-15.5,87
-105,-15.5,87
-104,-15.5,87
-103,-15.5,87
-102,-15.5,87
-101,-15.5,87
-100,-15.5,87
-99,-15.5,87
-98,-15.5,87
-97,-15.5,87
-96,-15.5,87
-95,-15.5,87
-94,-15.5,87
-93,-15.5,87
-92,-15.5,87
-91,-15.5,87
-90,-15.5,87
-89,-15.5,87
-88,-15.5,87
-87,-15.5,87
-86,-15.5,87
-85,-15.5,87
-84,-15.5,87
-83,-15.5,87
-82,-15.5,87
-81,-15.5,87
-80,-15.5,136
-79,-15.5,136
-78,-15.5,136
-77,-15.5,136
-76,-15.5,136
-75,-15.5,136
-38,-15.5,135
-37,-15.5,135
-36,-15.5,135
-35,-15.5,41
-34,-15.5,41
-33,-15.5,41
-32,-15.5,41
-31,-15.5,41
-30,-15.5,41
-29,-15.5,41
-28,-15.5,41
-27,-15.5,41
-26,-15.5,41
-25,-15.5,41
-24,-15.5,41
-23,-15.5,41
-22,-15.5,41
-21,-15.5,41
-20,-15.5,41
-19,-15.5,47
-18,-15.5,47
-17,-15.5,47
-16,-15.5,47
-15,-15.5,47
-14,-15.5,47
-13,-15.5,47
-12,-15.5,47
-11,-15.5,47
-10,-15.5,47
-9,-15.5,47
-8,-15.5,47
-7,-15.5,47
-6,-15.5,47
-5,-15.5,47
-4,-15.5,47
-3,-15.5,47
-2,-15.5,47
-1,-15.5,47
0,-15.5,47
1,-15.5,47
2,-15.5,47
3,-15.5,47
4,-15.5,47
5,-15.5,47
6,-15.5,47
7,-15.5,47
8,-15.5,137
9,-15.5,137
10,-15.5,137
11,-15.5,137
12,-15.5,137
41,-15.5,140
42,-15.5,140
43,-15.5,140
44,-15.5,140
45,-15.5,140
46,-15.5,140
51,-15.5,140
52,-15.5,51
53,-15.5,51
54,-15.5,51
55,-15.5,51
56,-15.5,51
57,-15.5,51
58,-15.5,51
59,-15.5,51
60,-15.5,51
61,-15.5,51
62,-15.5,51
63,-15.5,51
64,-15.5,51
65,-15.5,51
66,-15.5,51
67,-15.5,51
68,-15.5,51
69,-15.5,51
70,-15.5,51
71,-15.5,51
72,-15.5,51
73,-15.5,51
74,-15.5,51
75,-15.5,51
76,-15.5,51
77,-15.5,51
78,-15.5,51
79,-15.5,51
80,-15.5,51
81,-15.5,57
82,-15.5,57
83,-15.5,57
84,-15.5,57
85,-15.5,57
86,-15.5,57
87,-15.5,57
88,-15.5,57
89,-15.5,57
90,-15.5,57
91,-15.5,57
92,-15.5,57
93,-15.5,57
94,-15.5,57
95,-15.5,57
96,-15.5,57
97,-15.5,57
98,-15.5,57
99,-15.5,57
100,-15.5,57
101,-15.5,57
102,-15.5,57
103,-15.5,57
104,-15.5,57
105,-15.5,57
106,-15.5,57
107,-15.5,57
108,-15.5,57
109,-15.5,57
110,-15.5,57
111,-15.5,57
112,-15.5,57
113,-15.5,57
114,-15.5,57
115,-15.5,57
116,-15.5,57
117,-15.5,141
118,-15.5,141
119,-15.5,141
120,-15.5,141
121,-15.5,141
122,-15.5,141
123,-15.5,141
124,-15.5,141
137,-15.5,138
138,-15.5,138
139,-15.5,138
140,-15.5,138
141,-15.5,138
146,-15.5,139
147,-15.5,139
148,-15.5,139
149,-15.5,139
150,-15.5,139
151,-15.5,139
152,-15.5,139
153,-15.5,139
154,-15.5,139
155,-15.5,139
156,-15.5,139
157,-15.5,139
158,-15.5,139
159,-15.5,71
160,-15.5,71
161,-15.5,71
162,-15.5,71
163,-15.5,71
164,-15.5,71
165,-15.5,71
166,-15.5,71
168,-15.5,71
169,-15.5,71
170,-15.5,71
171,-15.5,71
172,-15.5,71
173,-15.5,71
174,-15.5,71
175,-15.5,71
176,-15.5,71
177,-15.5,71
178,-15.5,71
179,-15.5,71
-179,-16.5,71
-178,-16.5,71
-177,-16.5,71
-176,-16.5,71
-175,-16.5,71
-174,-16.5,77
-173,-16.5,77
-172,-16.5,77
-171,-16.5,77
-170,-16.5,77
-169,-16.5,77
-168,-16.5,77
-167,-16.5,77
-166,-16.5,77
-165,-16.5,77
-164,-16.5,77
-163,-16.5,77
-162,-16.5,77
-161,-16.5,77
-160,-16.5,77
-159,-16.5,77
-158,-16.5,77
-157,-16.5,77
-156,-16.5,77
-155,-16.5,77
-154,-16.5,77
-153,-16.5,77
-152,-16.5,77
-151,-16.5,77
-150,-16.5,77
-149,-16.5,77
-148,-16.5,77
-147,-16.5,77
-146,-16.5,77
-145,-16.5,77
-144,-16.5,77
-143,-16.5,77
-142,-16.5,77
-141,-16.5,77
-140,-16.5,77
-139,-16.5,77
-138,-16.5,77
-137,-16.5,77
-136,-16.5,77
-135,-16.5,77
-134,-16.5,77
-133,-16.5,77
-132,-16.5,77
-131,-16.5,77
-130,-16.5,77
-129,-16.5,77
-128,-16.5,77
-127,-16.5,77
-126,-16.5,77
-125,-16.5,77
-124,-16.5,77
-123,-16.5,77
-122,-16.5,77
-121,-16.5,77
-120,-16.5,77
-119,-16.5,87
-118,-16.5,87
-117,-16.5,87
-116,-16.5,87
-115,-16.5,87
-114,-16.5,87
-113,-16.5,87
-112,-16.5,87
-111,-16.5,87
-110,-16.5,87
-109,-16.5,87
-108,-16.5,87
-107,-16.5,87
-106,-16.5,87
-105,-16.5,87
-104,-16.5,87
-103,-16.5,87
-102,-16.5,87
-101,-16.5,87
-100,-16.5,87
-99,-16.5,87
-98,-16.5,87
-97,-16.5,87
-96,-16.5,87
-95,-16.5,87
-94,-16.5,87
-93,-16.5,87
-92,-16.5,87
-91,-16.5,87
-90,-16.5,87
-89,-16.5,87
-88,-16.5,87
-87,-16.5,87
-86,-16.5,87
-85,-16.5,87
-84,-16.5,87
-83,-16.5,87
-82,-16.5,87
-81,-16.5,87
-80,-16.5,136
-79,-16.5,136
-78,-16.5,136
-77,-16.5,136
-76,-16.5,136
-75,-16.5,136
-74,-16.5,136
-39,-16.5,135
-38,-16.5,135
-37,-16.5,135
-36,-16.5,41
-35,-16.5,41
-34,-16.5,41
-33,-16.5,41
-32,-16.5,41
-31,-16.5,41
-30,-16.5,41
-29,-16.5,41
-28,-16.5,41
-27,-16.5,41
-26,-16.5,41
-25,-16.5,41
-24,-16.5,41
-23,-16.5,41
-22,-16.5,41
-21,-16.5,41
-20,-16.5,41
-19,-16.5,47
-18,-16.5,47
-17,-16.5,47
-16,-16.5,47
-15,-16.5,47
-14,-16.5,47
-13,-16.5,47
-12,-16.5,47
-11,-16.5,47
-10,-16.5,47
-9,-16.5,47
-8,-16.5,47
-7,-16.5,47
-6,-16.5,47
-5,-16.5,47
-4,-16.5,47
-3,-16.5,47
-2,-16.5,47
-1,-16.5,47
0,-16.5,47
1,-16.5,47
2,-16.5,47
3,-16.5,47
4,-16.5,47
5,-16.5,47
6,-16.5,47
7,-16.5,47
8,-16.5,137
9,-16.5,137
10,-16.5,137
11,-16.5,137
40,-16.5,140
41,-16.5,140
42,-16.5,140
43,-16.5,140
44,-16.5,140
50,-16.5,140
51,-16.5,140
52,-16.5,51
53,-16.5,51
54,-16.5,51
55,-16.5,51
56,-16.5,51
57,-16.5,51
58,-16.5,51
59,-16.5,51
60,-16.5,51
61,-16.5,51
62,-16.5,51
63,-16.5,51
64,-16.5,51
65,-16.5,51
66,-16.5,51
67,-16.5,51
68,-16.5,51
69,-16.5,51
70,-16.5,51
71,-16.5,51
72,-16.5,51
73,-16.5,51
74,-16.5,51
75,-16.5,51
76,-16.5,51
77,-16.5,51
78,-16.5,51
79,-16.5,51
80,-16.5,51
81,-16.5,57
82,-16.5,57
83,-16.5,57
84,-16.5,57
85,-16.5,57
86,-16.5,57
87,-16.5,57
88,-16.5,57
89,-16.5,57
90,-16.5,57
91,-16.5,57
92,-16.5,57
93,-16.5,57
94,-16.5,57
95,-16.5,57
96,-16.5,57
97,-16.5,57
98,-16.5,57
99,-16.5,57
100,-16.5,57
101,-16.5,57
102,-16.5,57
103,-16.5,57
104,-16.5,57
105,-16.5,57
106,-16.5,57
107,-16.5,57
108,-16.5,57
109,-16.5,57
110,-16.5,57
111,-16.5,57
112,-16.5,57
113,-16.5,57
114,-16.5,57
115,-16.5,57
116,-16.5,141
117,-16.5,141
118,-16.5,141
119,-16.5,141
120,-16.5,141
121,-16.5,141
122,-16.5,141
123,-16.5,141
138,-16.5,138
139,-16.5,138
140,-16.5,138
141,-16.5,138
146,-16.5,139
147,-16.5,139
148,-16.5,139
149,-16.5,139
150,-16.5,139
151,-16.5,139
152,-16.5,139
153,-16.5,139
154,-16.5,139
155,-16.5,139
156,-16.5,139
157,-16.5,139
158,-16.5,139
159,-16.5,71
160,-16.5,71
161,-16.5,71
162,-16.5,71
163,-16.5,71
164,-16.5,71
165,-16.5,71
166,-16.5,71
167,-16.5,71
168,-16.5,71
169,-16.5,71
170,-16.5,71
171,-16.5,71
172,-16.5,71
173,-16.5,71
174,-16.5,71
175,-16.5,71
176,-16.5,71
177,-16.5,71
178,-16.5,71
-179,-17.5,71
-178,-17.5,71
-177,-17.5,71
-176,-17.5,71
-175,-17.5,71
-174,-17.5,77
-173,-17.5,77
-172,-17.5,77
-171,-17.5,77
-170,-17.5,77
-169,-17.5,77
-168,-17.5,77
-167,-17.5,77
-166,-17.5,77
-165,-17.5,77
-164,-17.5,77
-163,-17.5,77
-162,-17.5,77
-161,-17.5,77
-160,-17.5,77
-159,-17.5,77
-158,-17.5,77
-157,-17.5,77
-156,-17.5,77
-155,-17.5,77
-154,-17.5,77
-153,-17.5,77
-152,-17.5,77
-151,-17.5,77
-150,-17.5,77
-149,-17.5,77
-148,-17.5,77
-147,-17.5,77
-146,-17.5,77
-145,-17.5,77
-144,-17.5,77
-143,-17.5,77
-142,-17.5,77
-141,-17.5,77
-140,-17.5,77
-139,-17.5,77
-138,-17.5,77
-137,-17.5,77
-136,-17.5,77
-135,-17.5,77
-134,-17.5,77
-133,-17.5,77
-132,-17.5,77
-131,-17.5,77
-130,-17.5,77
-129,-17.5,77
-128,-17.5,77
-127,-17.5,77
-126,-17.5,77
-125,-17.5,77
-124,-17.5,77
-123,-17.5,77
-122,-17.5,77
-121,-17.5,77
-120,-17.5,77
-119,-17.5,87
-118,-17.5,87
-117,-17.5,87
-116,-17.5,87
-115,-17.5,87
-114,-17.5,87
-113,-17.5,87
-112,-17.5,87
-111,-17.5,87
-110,-17.5,87
-109,-17.5,87
-108,-17.5,87
-107,-17.5,87
-106,-17.5,87
-105,-17.5,87
-104,-17.5,87
-103,-17.5,87
-102,-17.5,87
-101,-17.5,87
-100,-17.5,87
-99,-17.5,87
-98,-17.5,87
-97,-17.5,87
-96,-17.5,87
-95,-17.5,87
-94,-17.5,87
-93,-17.5,87
-92,-17.5,87
-91,-17.5,87
-90,-17.5,87
-89,-17.5,87
-88,-17.5,87
-87,-17.5,87
-86,-17.5,87
-85,-17.5,87
-84,-17.5,87
-83,-17.5,87
-82,-17.5,87
-81,-17.5,87
-80,-17.5,87
-79,-17.5,87
-78,-17.5,136
-77,-17.5,136
-76,-17.5,136
-75,-17.5,136
-74,-17.5,136
-73,-17.5,136
-72,-17.5,136
-39,-17.5,135
-38,-17.5,135
-37,-17.5,135
-36,-17.5,41
-35,-17.5,41
-34,-17.5,41
-33,-17.5,41
-32,-17.5,41
-31,-17.5,41
-30,-17.5,41
-29,-17.5,41
-28,-17.5,41
-27,-17.5,41
-26,-17.5,41
-25,-17.5,41
-24,-17.5,41
-23,-17.5,41
-22,-17.5,41
-21,-17.5,41
-20,-17.5,41
-19,-17.5,47
-18,-17.5,47
-17,-17.5,47
-16,-17.5,47
-15,-17.5,47
-14,-17.5,47
-13,-17.5,47
-12,-17.5,47
-11,-17.5,47
-10,-17.5,47
-9,-17.5,47
-8,-17.5,47
-7,-17.5,47
-6,-17.5,47
-5,-17.5,47
-4,-17.5,47
-3,-17.5,47
-2,-17.5,47
-1,-17.5,47
0,-17.5,47
1,-17.5,47
2,-17.5,47
3,-17.5,47
4,-17.5,47
5,-17.5,47
6,-17.5,47
7,-17.5,47
8,-17.5,137
9,-17.5,137
10,-17.5,137
11,-17.5,137
38,-17.5,140
39,-17.5,140
40,-17.5,140
41,-17.5,140
42,-17.5,140
43,-17.5,140
50,-17.5,140
51,-17.5,51
52,-17.5,51
53,-17.5,51
54,-17.5,51
55,-17.5,51
56,-17.5,51
57,-17.5,51
58,-17.5,51
59,-17.5,51
60,-17.5,51
61,-17.5,51
62,-17.5,51
63,-17.5,51
64,-17.5,51
65,-17.5,51
66,-17.5,51
67,-17.5,51
68,-17.5,51
69,-17.5,51
70,-17.5,51
71,-17.5,51
72,-17.5,51
73,-17.5,51
74,-17.5,51
75,-17.5,51
76,-17.5,51
77,-17.5,51
78,-17.5,51
79,-17.5,51
80,-17.5,51
81,-17.5,57
82,-17.5,57
83,-17.5,57
84,-17.5,57
85,-17.5,57
86,-17.5,57
87,-17.5,57
88,-17.5,57
89,-17.5,57
90,-17.5,57
91,-17.5,57
92,-17.5,57
93,-17.5,57
94,-17.5,57
95,-17.5,57
96,-17.5,57
97,-17.5,57
98,-17.5,57
99,-17.5,57
100,-17.5,57
101,-17.5,57
102,-17.5,57
103,-17.5,57
104,-17.5,57
105,-17.5,57
106,-17.5,57
107,-17.5,57
108,-17.5,57
109,-17.5,57
110,-17.5,57
111,-17.5,57
112,-17.5,57
113,-17.5,57
114,-17.5,141
115,-17.5,141
116,-17.5,141
117,-17.5,141
118,-17.5,141
119,-17.5,141
120,-17.5,141
121,-17.5,141
122,-17.5,141
140,-17.5,138
147,-17.5,139
148,-17.5,139
149,-17.5,139
150,-17.5,139
151,-17.5,139
152,-17.5,139
153,-17.5,139
154,-17.5,139
155,-17.5,139
156,-17.5,139
157,-17.5,139
158,-17.5,71
159,-17.5,71
160,-17.5,71
161,-17.5,71
162,-17.5,71
163,-17.5,71
164,-17.5,71
165,-17.5,71
166,-17.5,71
167,-17.5,71
168,-17.5,71
169,-17.5,71
170,-17.5,71
171,-17.5,71
172,-17.5,71
173,-17.5,71
174,-17.5,71
175,-17.5,71
176,-17.5,71
177,-17.5,71
179,-17.5,71
-179,-18.5,71
-178,-18.5,71
-177,-18.5,71
-176,-18.5,71
-175,-18.5,71
-174,-18.5,77
-173,-18.5,77
-172,-18.5,77
-171,-18.5,77
-170,-18.5,77
-169,-18.5,77
-168,-18.5,77
-167,-18.5,77
-166,-18.5,77
-165,-18.5,77
-164,-18.5,77
-163,-18.5,77
-162,-18.5,77
-161,-18.5,77
-160,-18.5,77
-159,-18.5,77
-158,-18.5,77
-157,-18.5,77
-156,-18.5,77
-155,-18.5,77
-154,-18.5,77
-153,-18.5,77
-152,-18.5,77
-151,-18.5,77
-150,-18.5,77
-149,-18.5,77
-148,-18.5,77
-147,-18.5,77
-146,-18.5,77
-145,-18.5,77
-144,-18.5,77
-143,-18.5,77
-142,-18.5,77
-141,-18.5,77
-140,-18.5,77
-139,-18.5,77
-138,-18.5,77
-137,-18.5,77
-136,-18.5,77
-135,-18.5,77
-134,-18.5,77
-133,-18.5,77
-132,-18.5,77
-131,-18.5,77
-130,-18.5,77
-129,-18.5,77
-128,-18.5,77
-127,-18.5,77
-126,-18.5,77
-125,-18.5,77
-124,-18.5,77
-123,-18.5,77
-122,-18.5,77
-121,-18.5,77
-120,-18.5,77
-119,-18.5,87
-118,-18.5,87
-117,-18.5,87
-116,-18.5,87
-115,-18.5,87
-114,-18.5,87
-113,-18.5,87
-112,-18.5,87
-111,-18.5,87
-110,-18.5,87
-109,-18.5,87
-108,-18.5,87
-107,-18.5,87
-106,-18.5,87
-105,-18.5,87
-104,-18.5,87
-103,-18.5,87
-102,-18.5,87
-101,-18.5,87
-100,-18.5,87
-99,-18.5,87
-98,-18.5,87
-97,-18.5,87
-96,-18.5,87
-95,-18.5,87
-94,-18.5,87
-93,-18.5,87
-92,-18.5,87
-91,-18.5,87
-90,-18.5,87
-89,-18.5,87
-88,-18.5,87
-87,-18.5,87
-86,-18.5,87
-85,-18.5,87
-84,-18.5,87
-83,-18.5,87
-82,-18.5,87
-81,-18.5,87
-80,-18.5,87
-79,-18.5,87
-78,-18.5,87
-77,-18.5,136
-76,-18.5,136
-75,-18.5,136
-74,-18.5,136
-73,-18.5,136
-72,-18.5,136
-71,-18.5,136
-39,-18.5,135
-38,-18.5,135
-37,-18.5,135
-36,-18.5,41
-35,-18.5,41
-34,-18.5,41
-33,-18.5,41
-32,-18.5,41
-31,-18.5,41
-30,-18.5,41
-29,-18.5,41
-28,-18.5,41
-27,-18.5,41
-26,-18.5,41
-25,-18.5,41
-24,-18.5,41
-23,-18.5,41
-22,-18.5,41
-21,-18.5,41
-20,-18.5,41
-19,-18.5,47
-18,-18.5,47
-17,-18.5,47
-16,-18.5,47
-15,-18.5,47
-14,-18.5,47
-13,-18.5,47
-12,-18.5,47
-11,-18.5,47
-10,-18.5,47
-9,-18.5,47
-8,-18.5,47
-7,-18.5,47
-6,-18.5,47
-5,-18.5,47
-4,-18.5,47
-3,-18.5,47
-2,-18.5,47
-1,-18.5,47
0,-18.5,47
1,-18.5,47
2,-18.5,47
3,-18.5,47
4,-18.5,47
5,-18.5,47
6,-18.5,47
7,-18.5,47
8,-18.5,47
9,-18.5,137
10,-18.5,137
11,-18.5,137
12,-18.5,137
37,-18.5,140
38,-18.5,140
39,-18.5,140
40,-18.5,140
41,-18.5,140
42,-18.5,140
43,-18.5,140
44,-18.5,140
50,-18.5,140
51,-18.5,51
52,-18.5,51
53,-18.5,51
54,-18.5,51
55,-18.5,51
56,-18.5,51
57,-18.5,51
58,-18.5,51
59,-18.5,51
60,-18.5,51
61,-18.5,51
62,-18.5,51
63,-18.5,51
64,-18.5,51
65,-18.5,51
66,-18.5,51
67,-18.5,51
68,-18.5,51
69,-18.5,51
70,-18.5,51
71,-18.5,51
72,-18.5,51
73,-18.5,51
74,-18.5,51
75,-18.5,51
76,-18.5,51
77,-18.5,51
78,-18.5,51
79,-18.5,51
80,-18.5,51
81,-18.5,57
82,-18.5,57
83,-18.5,57
84,-18.5,57
85,-18.5,57
86,-18.5,57
87,-18.5,57
88,-18.5,57
89,-18.5,57
90,-18.5,57
91,-18.5,57
92,-18.5,57
93,-18.5,57
94,-18.5,57
95,-18.5,57
96,-18.5,57
97,-18.5,57
98,-18.5,57
99,-18.5,57
100,-18.5,57
101,-18.5,57
102,-18.5,57
103,-18.5,57
104,-18.5,57
105,-18.5,57
106,-18.5,57
107,-18.5,57
108,-18.5,57
109,-18.5,57
110,-18.5,57
111,-18.5,57
112,-18.5,57
113,-18.5,141
114,-18.5,141
115,-18.5,141
116,-18.5,141
117,-18.5,141
118,-18.5,141
119,-18.5,141
120,-18.5,141
121,-18.5,141
147,-18.5,139
148,-18.5,139
149,-18.5,139
150,-18.5,139
151,-18.5,139
152,-18.5,139
153,-18.5,139
154,-18.5,139
155,-18.5,139
156,-18.5,139
157,-18.5,139
158,-18.5,71
159,-18.5,71
160,-18.5,71
161,-18.5,71
162,-18.5,71
163,-18.5,71
164,-18.5,71
165,-18.5,71
166,-18.5,71
167,-18.5,71
168,-18.5,71
169,-18.5,71
170,-18.5,71
171,-18.5,71
172,-18.5,71
173,-18.5,71
174,-18.5,71
175,-18.5,71
176,-18.5,71
177,-18.5,71
178,-18.5,71
179,-18.5,71
-179,-19.5,71
-178,-19.5,71
-177,-19.5,71
-176,-19.5,71
-175,-19.5,71
-174,-19.5,77
-173,-19.5,77
-172,-19.5,77
-171,-19.5,77
-170,-19.5,77
-169,-19.5,77
-168,-19.5,77
-167,-19.5,77
-166,-19.5,77
-165,-19.5,77
-164,-19.5,77
-163,-19.5,77
-162,-19.5,77
-161,-19.5,77
-160,-19.5,77
-159,-19.5,77
-158,-19.5,77
-157,-19.5,77
-156,-19.5,77
-155,-19.5,77
-154,-19.5,77
-153,-19.5,77
-152,-19.5,77
-151,-19.5,77
-150,-19.5,77
-149,-19.5,77
-148,-19.5,77
-147,-19.5,77
-146,-19.5,77
-145,-19.5,77
-144,-19.5,77
-143,-19.5,77
-142,-19.5,77
-141,-19.5,77
-140,-19.5,77
-139,-19.5,77
-138,-19.5,77
-137,-19.5,77
-136,-19.5,77
-135,-19.5,77
-134,-19.5,77
-133,-19.5,77
-132,-19.5,77
-131,-19.5,77
-130,-19.5,77
-129,-19.5,77
-128,-19.5,77
-127,-19.5,77
-126,-19.5,77
-125,-19.5,77
-124,-19.5,77
-123,-19.5,77
-122,-19.5,77
-121,-19.5,77
-120,-19.5,77
-119,-19.5,87
-118,-19.5,87
-117,-19.5,87
-116,-19.5,87
-115,-19.5,87
-114,-19.5,87
-113,-19.5,87
-112,-19.5,87
-111,-19.5,87
-110,-19.5,87
-109,-19.5,87
-108,-19.5,87
-107,-19.5,87
-106,-19.5,87
-105,-19.5,87
-104,-19.5,87
-103,-19.5,87
-102,-19.5,87
-101,-19.5,87
-100,-19.5,87
-99,-19.5,87
-98,-19.5,87
-97,-19.5,87
-96,-19.5,87
-95,-19.5,87
-94,-19.5,87
-93,-19.5,87
-92,-19.5,87
-91,-19.5,87
-90,-19.5,87
-89,-19.5,87
-88,-19.5,87
-87,-19.5,87
-86,-19.5,87
-85,-19.5,87
-84,-19.5,87
-83,-19.5,87
-82,-19.5,87
-81,-19.5,87
-80,-19.5,87
-79,-19.5,87
-78,-19.5,87
-77,-19.5,87
-76,-19.5,136
-75,-19.5,136
-74,-19.5,136
-73,-19.5,136
-72,-19.5,136
-71,-19.5,136
-39,-19.5,135
-38,-19.5,135
-37,-19.5,135
-36,-19.5,41
-35,-19.5,41
-34,-19.5,41
-33,-19.5,41
-32,-19.5,41
-31,-19.5,41
-30,-19.5,41
-29,-19.5,41
-28,-19.5,41
-27,-19.5,41
-26,-19.5,41
-25,-19.5,41
-24,-19.5,41
-23,-19.5,41
-22,-19.5,41
-21,-19.5,41
-20,-19.5,41
-19,-19.5,47
-18,-19.5,47
-17,-19.5,47
-16,-19.5,47
-15,-19.5,47
-14,-19.5,47
-13,-19.5,47
-12,-19.5,47
-11,-19.5,47
-10,-19.5,47
-9,-19.5,47
-8,-19.5,47
-7,-19.5,47
-6,-19.5,47
-5,-19.5,47
-4,-19.5,47
-3,-19.5,47
-2,-19.5,47
-1,-19.5,47
0,-19.5,47
1,-19.5,47
2,-19.5,47
3,-19.5,47
4,-19.5,47
5,-19.5,47
6,-19.5,47
7,-19.5,47
8,-19.5,47
9,-19.5,137
10,-19.5,137
11,-19.5,137
12,-19.5,137
36,-19.5,140
37,-19.5,140
38,-19.5,140
39,-19.5,140
40,-19.5,140
41,-19.5,140
42,-19.5,140
43,-19.5,140
44,-19.5,140
49,-19.5,140
50,-19.5,51
51,-19.5,51
52,-19.5,51
53,-19.5,51
54,-19.5,51
55,-19.5,51
56,-19.5,51
57,-19.5,51
58,-19.5,51
59,-19.5,51
60,-19.5,51
61,-19.5,51
62,-19.5,51
63,-19.5,51
64,-19.5,51
65,-19.5,51
66,-19.5,51
67,-19.5,51
68,-19.5,51
69,-19.5,51
70,-19.5,51
71,-19.5,51
72,-19.5,51
73,-19.5,51
74,-19.5,51
75,-19.5,51
76,-19.5,51
77,-19.5,51
78,-19.5,51
79,-19.5,51
80,-19.5,51
81,-19.5,57
82,-19.5,57
83,-19.5,57
84,-19.5,57
85,-19.5,57
86,-19.5,57
87,-19.5,57
88,-19.5,57
89,-19.5,57
90,-19.5,57
91,-19.5,57
92,-19.5,57
93,-19.5,57
94,-19.5,57
95,-19.5,57
96,-19.5,57
97,-19.5,57
98,-19.5,57
99,-19.5,57
100,-19.5,57
101,-19.5,57
102,-19.5,57
103,-19.5,57
104,-19.5,57
105,-19.5,57
106,-19.5,57
107,-19.5,57
108,-19.5,57
109,-19.5,57
110,-19.5,57
111,-19.5,57
112,-19.5,141
113,-19.5,141
114,-19.5,141
115,-19.5,141
116,-19.5,141
117,-19.5,141
118,-19.5,141
119,-19.5,141
120,-19.5,141
121,-19.5,141
148,-19.5,139
149,-19.5,139
150,-19.5,139
151,-19.5,139
152,-19.5,139
153,-19.5,139
154,-19.5,139
155,-19.5,139
156,-19.5,139
157,-19.5,71
158,-19.5,71
159,-19.5,71
160,-19.5,71
161,-19.5,71
162,-19.5,71
163,-19.5,71
164,-19.5,71
165,-19.5,71
166,-19.5,71
167,-19.5,71
168,-19.5,71
169,-19.5,71
170,-19.5,71
171,-19.5,71
172,-19.5,71
173,-19.5,71
174,-19.5,71
175,-19.5,71
176,-19.5,71
177,-19.5,71
178,-19.5,71
179,-19.5,71
-179,-20.5,71
-178,-20.5,71
-177,-20.5,71
-176,-20.5,71
-175,-20.5,71
-174,-20.5,77
-173,-20.5,77
-172,-20.5,77
-171,-20.5,77
-170,-20.5,77
-169,-20.5,77
-168,-20.5,77
-167,-20.5,77
-166,-20.5,77
-165,-20.5,77
-164,-20.5,77
-163,-20.5,77
-162,-20.5,77
-161,-20.5,77
-160,-20.5,77
-159,-20.5,77
-158,-20.5,77
-157,-20.5,77
-156,-20.5,77
-155,-20.5,77
-154,-20.5,77
-153,-20.5,77
-152,-20.5,77
-151,-20.5,77
-150,-20.5,77
-149,-20.5,77
-148,-20.5,77
-147,-20.5,77
-146,-20.5,77
-145,-20.5,77
-144,-20.5,77
-143,-20.5,77
-142,-20.5,77
-141,-20.5,77
-140,-20.5,77
-139,-20.5,77
-138,-20.5,77
-137,-20.5,77
-136,-20.5,77
-135,-20.5,77
-134,-20.5,77
-133,-20.5,77
-132,-20.5,77
-131,-20.5,77
-130,-20.5,77
-129,-20.5,77
-128,-20.5,77
-127,-20.5,77
-126,-20.5,77
-125,-20.5,77
-124,-20.5,77
-123,-20.5,77
-122,-20.5,77
-121,-20.5,77
-120,-20.5,77
-119,-20.5,87
-118,-20.5,87
-117,-20.5,87
-116,-20.5,87
-115,-20.5,87
-114,-20.5,87
-113,-20.5,87
-112,-20.5,87
-111,-20.5,87
-110,-20.5,87
-109,-20.5,87
-108,-20.5,87
-107,-20.5,87
-106,-20.5,87
-105,-20.5,87
-104,-20.5,87
-103,-20.5,87
-102,-20.5,87
-101,-20.5,87
-100,-20.5,87
-99,-20.5,87
-98,-20.5,87
-97,-20.5,87
-96,-20.5,87
-95,-20.5,87
-94,-20.5,87
-93,-20.5,87
-92,-20.5,87
-91,-20.5,87
-90,-20.5,87
-89,-20.5,87
-88,-20.5,87
-87,-20.5,87
-86,-20.5,87
-85,-20.5,87
-84,-20.5,87
-83,-20.5,87
-82,-20.5,87
-81,-20.5,87
-80,-20.5,87
-79,-20.5,87
-78,-20.5,87
-77,-20.5,87
-76,-20.5,87
-75,-20.5,136
-74,-20.5,136
-73,-20.5,136
-72,-20.5,136
-71,-20.5,136
-40,-20.5,135
-39,-20.5,135
-38,-20.5,135
-37,-20.5,135
-36,-20.5,41
-35,-20.5,41
-34,-20.5,41
-33,-20.5,41
-32,-20.5,41
-31,-20.5,41
-30,-20.5,41
-29,-20.5,41
-28,-20.5,41
-27,-20.5,41
-26,-20.5,41
-25,-20.5,41
-24,-20.5,41
-23,-20.5,41
-22,-20.5,41
-21,-20.5,41
-20,-20.5,41
-19,-20.5,47
-18,-20.5,47
-17,-20.5,47
-16,-20.5,47
-15,-20.5,47
-14,-20.5,47
-13,-20.5,47
-12,-20.5,47
-11,-20.5,47
-10,-20.5,47
-9,-20.5,47
-8,-20.5,47
-7,-20.5,47
-6,-20.5,47
-5,-20.5,47
-4,-20.5,47
-3,-20.5,47
-2,-20.5,47
-1,-20.5,47
0,-20.5,47
1,-20.5,47
2,-20.5,47
3,-20.5,47
4,-20.5,47
5,-20.5,47
6,-20.5,47
7,-20.5,47
8,-20.5,47
9,-20.5,137
10,-20.5,137
11,-20.5,137
12,-20.5,137
13,-20.5,137
35,-20.5,140
36,-20.5,140
37,-20.5,140
38,-20.5,140
39,-20.5,140
40,-20.5,140
41,-20.5,140
42,-20.5,140
43,-20.5,140
44,-20.5,140
49,-20.5,140
50,-20.5,51
51,-20.5,51
52,-20.5,51
53,-20.5,51
54,-20.5,51
55,-20.5,51
56,-20.5,51
57,-20.5,51
58,-20.5,51
59,-20.5,51
60,-20.5,51
61,-20.5,51
62,-20.5,51
63,-20.5,51
64,-20.5,51
65,-20.5,51
66,-20.5,51
67,-20.5,51
68,-20.5,51
69,-20.5,51
70,-20.5,51
71,-20.5,51
72,-20.5,51
73,-20.5,51
74,-20.5,51
75,-20.5,51
76,-20.5,51
77,-20.5,51
78,-20.5,51
79,-20.5,51
80,-20.5,51
81,-20.5,57
82,-20.5,57
83,-20.5,57
84,-20.5,57
85,-20.5,57
86,-20.5,57
87,-20.5,57
88,-20.5,57
89,-20.5,57
90,-20.5,57
91,-20.5,57
92,-20.5,57
93,-20.5,57
94,-20.5,57
95,-20.5,57
96,-20.5,57
97,-20.5,57
98,-20.5,57
99,-20.5,57
100,-20.5,57
101,-20.5,57
102,-20.5,57
103,-20.5,57
104,-20.5,57
105,-20.5,57
106,-20.5,57
107,-20.5,57
108,-20.5,57
109,-20.5,57
110,-20.5,57
111,-20.5,149
112,-20.5,141
113,-20.5,141
114,-20.5,141
115,-20.5,141
116,-20.5,141
117,-20.5,141
149,-20.5,139
150,-20.5,139
151,-20.5,139
152,-20.5,139
153,-20.5,139
154,-20.5,139
155,-20.5,139
156,-20.5,139
157,-20.5,139
158,-20.5,71
159,-20.5,71
160,-20.5,71
161,-20.5,71
162,-20.5,71
163,-20.5,71
164,-20.5,71
165,-20.5,71
166,-20.5,71
167,-20.5,71
168,-20.5,71
169,-20.5,71
170,-20.5,71
171,-20.5,71
172,-20.5,71
173,-20.5,71
174,-20.5,71
175,-20.5,71
176,-20.5,71
177,-20.5,71
178,-20.5,71
179,-20.5,71
-179,-21.5,71
-178,-21.5,71
-177,-21.5,71
-176,-21.5,71
-175,-21.5,71
-174,-21.5,77
-173,-21.5,77
-172,-21.5,77
-171,-21.5,77
-170,-21.5,77
-169,-21.5,77
-168,-21.5,77
-167,-21.5,77
-166,-21.5,77
-165,-21.5,77
-164,-21.5,77
-163,-21.5,77
-162,-21.5,77
-161,-21.5,77
-160,-21.5,77
-159,-21.5,77
-158,-21.5,77
-157,-21.5,77
-156,-21.5,77
-155,-21.5,77
-154,-21.5,77
-153,-21.5,77
-152,-21.5,77
-151,-21.5,77
-150,-21.5,77
-149,-21.5,77
-148,-21.5,77
-147,-21.5,77
-146,-21.5,77
-145,-21.5,77
-144,-21.5,77
-143,-21.5,77
-142,-21.5,77
-141,-21.5,77
-140,-21.5,77
-139,-21.5,77
-138,-21.5,77
-137,-21.5,77
-136,-21.5,77
-135,-21.5,77
-134,-21.5,77
-133,-21.5,77
-132,-21.5,77
-131,-21.5,77
-130,-21.5,77
-129,-21.5,77
-128,-21.5,77
-127,-21.5,77
-126,-21.5,77
-125,-21.5,77
-124,-21.5,77
-123,-21.5,77
-122,-21.5,77
-121,-21.5,77
-120,-21.5,77
-119,-21.5,87
-118,-21.5,87
-117,-21.5,87
-116,-21.5,87
-115,-21.5,87
-114,-21.5,87
-113,-21.5,87
-112,-21.5,87
-111,-21.5,87
-110,-21.5,87
-109,-21.5,87
-108,-21.5,87
-107,-21.5,87
-106,-21.5,87
-105,-21.5,87
-104,-21.5,87
-103,-21.5,87
-102,-21.5,87
-101,-21.5,87
-100,-21.5,87
-99,-21.5,87
-98,-21.5,87
-97,-21.5,87
-96,-21.5,87
-95,-21.5,87
-94,-21.5,87
-93,-21.5,87
-92,-21.5,87
-91,-21.5,87
-90,-21.5,87
-89,-21.5,87
-88,-21.5,87
-87,-21.5,87
-86,-21.5,87
-85,-21.5,87
-84,-21.5,87
-83,-21.5,87
-82,-21.5,87
-81,-21.5,87
-80,-21.5,87
-79,-21.5,87
-78,-21.5,87
-77,-21.5,87
-76,-21.5,87
-75,-21.5,136
-74,-21.5,136
-73,-21.5,136
-72,-21.5,136
-71,-21.5,136
-41,-21.5,135
-40,-21.5,135
-39,-21.5,135
-38,-21.5,135
-37,-21.5,41
-36,-21.5,41
-35,-21.5,41
-34,-21.5,41
-33,-21.5,41
-32,-21.5,41
-31,-21.5,41
-30,-21.5,41
-29,-21.5,41
-28,-21.5,41
-27,-21.5,41
-26,-21.5,41
-25,-21.5,41
-24,-21.5,41
-23,-21.5,41
-22,-21.5,41
-21,-21.5,41
-20,-21.5,41
-19,-21.5,47
-18,-21.5,47
-17,-21.5,47
-16,-21.5,47
-15,-21.5,47
-14,-21.5,47
-13,-21.5,47
-12,-21.5,47
-11,-21.5,47
-10,-21.5,47
-9,-21.5,47
-8,-21.5,47
-7,-21.5,47
-6,-21.5,47
-5,-21.5,47
-4,-21.5,47
-3,-21.5,47
-2,-21.5,47
-1,-21.5,47
0,-21.5,47
1,-21.5,47
2,-21.5,47
3,-21.5,47
4,-21.5,47
5,-21.5,47
6,-21.5,47
7,-21.5,47
8,-21.5,47
9,-21.5,47
10,-21.5,137
11,-21.5,137
12,-21.5,137
13,-21.5,137
36,-21.5,140
37,-21.5,140
38,-21.5,140
39,-21.5,140
40,-21.5,140
41,-21.5,140
42,-21.5,140
43,-21.5,140
49,-21.5,140
50,-21.5,51
51,-21.5,51
52,-21.5,51
53,-21.5,51
54,-21.5,51
55,-21.5,51
56,-21.5,51
57,-21.5,51
58,-21.5,51
59,-21.5,51
60,-21.5,51
61,-21.5,51
62,-21.5,51
63,-21.5,51
64,-21.5,51
65,-21.5,51
66,-21.5,51
67,-21.5,51
68,-21.5,51
69,-21.5,51
70,-21.5,51
71,-21.5,51
72,-21.5,51
73,-21.5,51
74,-21.5,51
75,-21.5,51
76,-21.5,51
77,-21.5,51
78,-21.5,51
79,-21.5,51
80,-21.5,51
81,-21.5,57
82,-21.5,57
83,-21.5,57
84,-21.5,57
85,-21.5,57
86,-21.5,57
87,-21.5,57
88,-21.5,57
89,-21.5,57
90,-21.5,57
91,-21.5,57
92,-21.5,57
93,-21.5,57
94,-21.5,57
95,-21.5,57
96,-21.5,57
97,-21.5,57
98,-21.5,57
99,-21.5,57
100,-21.5,57
101,-21.5,57
102,-21.5,57
103,-21.5,57
104,-21.5,57
105,-21.5,57
106,-21.5,57
107,-21.5,57
108,-21.5,57
109,-21.5,57
110,-21.5,57
111,-21.5,149
112,-21.5,149
113,-21.5,141
114,-21.5,141
115,-21.5,141
150,-21.5,139
151,-21.5,139
152,-21.5,139
153,-21.5,139
154,-21.5,139
155,-21.5,139
156,-21.5,139
157,-21.5,142
158,-21.5,71
159,-21.5,71
160,-21.5,71
161,-21.5,71
162,-21.5,71
163,-21.5,71
164,-21.5,71
165,-21.5,71
167,-21.5,71
169,-21.5,71
170,-21.5,71
171,-21.5,71
172,-21.5,71
173,-21.5,71
174,-21.5,71
175,-21.5,71
176,-21.5,71
177,-21.5,71
178,-21.5,71
179,-21.5,71
-179,-22.5,71
-178,-22.5,71
-177,-22.5,71
-176,-22.5,71
-175,-22.5,71
-174,-22.5,77
-173,-22.5,77
-172,-22.5,77
-171,-22.5,77
-170,-22.5,77
-169,-22.5,77
-168,-22.5,77
-167,-22.5,77
-166,-22.5,77
-165,-22.5,77
-164,-22.5,77
-163,-22.5,77
-162,-22.5,77
-161,-22.5,77
-160,-22.5,77
-159,-22.5,77
-158,-22.5,77
-157,-22.5,77
-156,-22.5,77
-155,-22.5,77
-154,-22.5,77
-153,-22.5,77
-152,-22.5,77
-151,-22.5,77
-150,-22.5,77
-149,-22.5,77
-148,-22.5,77
-147,-22.5,77
-146,-22.5,77
-145,-22.5,77
-144,-22.5,77
-143,-22.5,77
-142,-22.5,77
-141,-22.5,77
-140,-22.5,77
-139,-22.5,77
-138,-22.5,77
-137,-22.5,77
-136,-22.5,77
-135,-22.5,77
-134,-22.5,77
-133,-22.5,77
-132,-22.5,77
-131,-22.5,77
-130,-22.5,77
-129,-22.5,77
-128,-22.5,77
-127,-22.5,77
-126,-22.5,77
-125,-22.5,77
-124,-22.5,77
-123,-22.5,77
-122,-22.5,77
-121,-22.5,77
-120,-22.5,77
-119,-22.5,87
-118,-22.5,87
-117,-22.5,87
-116,-22.5,87
-115,-22.5,87
-114,-22.5,87
-113,-22.5,87
-112,-22.5,87
-111,-22.5,87
-110,-22.5,87
-109,-22.5,87
-108,-22.5,87
-107,-22.5,87
-106,-22.5,87
-105,-22.5,87
-104,-22.5,87
-103,-22.5,87
-102,-22.5,87
-101,-22.5,87
-100,-22.5,87
-99,-22.5,87
-98,-22.5,87
-97,-22.5,87
-96,-22.5,87
-95,-22.5,87
-94,-22.5,87
-93,-22.5,87
-92,-22.5,87
-91,-22.5,87
-90,-22.5,87
-89,-22.5,87
-88,-22.5,87
-87,-22.5,87
-86,-22.5,87
-85,-22.5,87
-84,-22.5,87
-83,-22.5,87
-82,-22.5,87
-81,-22.5,87
-80,-22.5,87
-79,-22.5,87
-78,-22.5,87
-77,-22.5,87
-76,-22.5,87
-75,-22.5,136
-74,-22.5,136
-73,-22.5,136
-72,-22.5,136
-71,-22.5,136
-41,-22.5,143
-40,-22.5,143
-39,-22.5,135
-38,-22.5,135
-37,-22.5,41
-36,-22.5,41
-35,-22.5,41
-34,-22.5,41
-33,-22.5,41
-32,-22.5,41
-31,-22.5,41
-30,-22.5,41
-29,-22.5,41
-28,-22.5,41
-27,-22.5,41
-26,-22.5,41
-25,-22.5,41
-24,-22.5,41
-23,-22.5,41
-22,-22.5,41
-21,-22.5,41
-20,-22.5,41
-19,-22.5,47
-18,-22.5,47
-17,-22.5,47
-16,-22.5,47
-15,-22.5,47
-14,-22.5,47
-13,-22.5,47
-12,-22.5,47
-11,-22.5,47
-10,-22.5,47
-9,-22.5,47
-8,-22.5,47
-7,-22.5,47
-6,-22.5,47
-5,-22.5,47
-4,-22.5,47
-3,-22.5,47
-2,-22.5,47
-1,-22.5,47
0,-22.5,47
1,-22.5,47
2,-22.5,47
3,-22.5,47
4,-22.5,47
5,-22.5,47
6,-22.5,47
7,-22.5,47
8,-22.5,47
9,-22.5,47
10,-22.5,137
11,-22.5,137
12,-22.5,137
13,-22.5,137
14,-22.5,137
36,-22.5,140
37,-22.5,140
38,-22.5,140
39,-22.5,140
40,-22.5,140
41,-22.5,140
42,-22.5,140
43,-22.5,140
48,-22.5,140
49,-22.5,140
50,-22.5,51
51,-22.5,51
52,-22.5,51
53,-22.5,51
54,-22.5,51
55,-22.5,51
56,-22.5,51
57,-22.5,51
58,-22.5,51
59,-22.5,51
60,-22.5,51
61,-22.5,51
62,-22.5,51
63,-22.5,51
64,-22.5,51
65,-22.5,51
66,-22.5,51
67,-22.5,51
68,-22.5,51
69,-22.5,51
70,-22.5,51
71,-22.5,51
72,-22.5,51
73,-22.5,51
74,-22.5,51
75,-22.5,51
76,-22.5,51
77,-22.5,51
78,-22.5,51
79,-22.5,51
80,-22.5,51
81,-22.5,57
82,-22.5,57
83,-22.5,57
84,-22.5,57
85,-22.5,57
86,-22.5,57
87,-22.5,57
88,-22.5,57
89,-22.5,57
90,-22.5,57
91,-22.5,57
92,-22.5,57
93,-22.5,57
94,-22.5,57
95,-22.5,57
96,-22.5,57
97,-22.5,57
98,-22.5,57
99,-22.5,57
100,-22.5,57
101,-22.5,57
102,-22.5,57
103,-22.5,57
104,-22.5,57
105,-22.5,57
106,-22.5,57
107,-22.5,57
108,-22.5,57
109,-22.5,57
110,-22.5,57
111,-22.5,149
112,-22.5,149
113,-22.5,149
150,-22.5,139
151,-22.5,139
152,-22.5,139
153,-22.5,139
154,-22.5,139
155,-22.5,139
156,-22.5,142
157,-22.5,142
158,-22.5,71
159,-22.5,71
160,-22.5,71
161,-22.5,71
162,-22.5,71
163,-22.5,71
164,-22.5,71
165,-22.5,71
166,-22.5,71
167,-22.5,71
168,-22.5,71
169,-22.5,71
170,-22.5,71
171,-22.5,71
172,-22.5,71
173,-22.5,71
174,-22.5,71
175,-22.5,71
176,-22.5,71
177,-22.5,71
178,-22.5,71
179,-22.5,71
-179,-23.5,71
-178,-23.5,71
-177,-23.5,71
-176,-23.5,71
-175,-23.5,71
-174,-23.5,77
-173,-23.5,77
-172,-23.5,77
-171,-23.5,77
-170,-23.5,77
-169,-23.5,77
-168,-23.5,77
-167,-23.5,77
-166,-23.5,77
-165,-23.5,77
-164,-23.5,77
-163,-23.5,77
-162,-23.5,77
-161,-23.5,77
-160,-23.5,77
-159,-23.5,77
-158,-23.5,77
-157,-23.5,77
-156,-23.5,77
-155,-23.5,77
-154,-23.5,77
-153,-23.5,77
-152,-23.5,77
-151,-23.5,77
-150,-23.5,77
-149,-23.5,77
-148,-23.5,77
-147,-23.5,77
-146,-23.5,77
-145,-23.5,77
-144,-23.5,77
-143,-23.5,77
-142,-23.5,77
-141,-23.5,77
-140,-23.5,77
-139,-23.5,77
-138,-23.5,77
-137,-23.5,77
-136,-23.5,77
-135,-23.5,77
-134,-23.5,77
-133,-23.5,77
-132,-23.5,77
-131,-23.5,77
-130,-23.5,77
-129,-23.5,77
-128,-23.5,77
-127,-23.5,77
-126,-23.5,77
-125,-23.5,77
-124,-23.5,77
-123,-23.5,77
-122,-23.5,77
-121,-23.5,77
-120,-23.5,77
-119,-23.5,87
-118,-23.5,87
-117,-23.5,87
-116,-23.5,87
-115,-23.5,87
-114,-23.5,87
-113,-23.5,87
-112,-23.5,87
-111,-23.5,87
-110,-23.5,87
-109,-23.5,87
-108,-23.5,87
-107,-23.5,87
-106,-23.5,87
-105,-23.5,87
-104,-23.5,87
-103,-23.5,87
-102,-23.5,87
-101,-23.5,87
-100,-23.5,87
-99,-23.5,87
-98,-23.5,87
-97,-23.5,87
-96,-23.5,87
-95,-23.5,87
-94,-23.5,87
-93,-23.5,87
-92,-23.5,87
-91,-23.5,87
-90,-23.5,87
-89,-23.5,87
-88,-23.5,87
-87,-23.5,87
-86,-23.5,87
-85,-23.5,87
-84,-23.5,87
-83,-23.5,87
-82,-23.5,87
-81,-23.5,87
-80,-23.5,87
-79,-23.5,87
-78,-23.5,87
-77,-23.5,87
-76,-23.5,87
-75,-23.5,136
-74,-23.5,136
-73,-23.5,136
-72,-23.5,136
-71,-23.5,136
-45,-23.5,143
-44,-23.5,143
-43,-23.5,143
-42,-23.5,143
-41,-23.5,143
-40,-23.5,143
-39,-23.5,143
-38,-23.5,41
-37,-23.5,41
-36,-23.5,41
-35,-23.5,41
-34,-23.5,41
-33,-23.5,41
-32,-23.5,41
-31,-23.5,41
-30,-23.5,41
-29,-23.5,41
-28,-23.5,41
-27,-23.5,41
-26,-23.5,41
-25,-23.5,41
-24,-23.5,41
-23,-23.5,41
-22,-23.5,41
-21,-23.5,41
-20,-23.5,41
-19,-23.5,47
-18,-23.5,47
-17,-23.5,47
-16,-23.5,47
-15,-23.5,47
-14,-23.5,47
-13,-23.5,47
-12,-23.5,47
-11,-23.5,47
-10,-23.5,47
-9,-23.5,47
-8,-23.5,47
-7,-23.5,47
-6,-23.5,47
-5,-23.5,47
-4,-23.5,47
-3,-23.5,47
-2,-23.5,47
-1,-23.5,47
0,-23.5,47
1,-23.5,47
2,-23.5,47
3,-23.5,47
4,-23.5,47
5,-23.5,47
6,-23.5,47
7,-23.5,47
8,-23.5,47
9,-23.5,47
10,-23.5,47
11,-23.5,137
12,-23.5,137
13,-23.5,137
14,-23.5,137
36,-23.5,140
37,-23.5,140
38,-23.5,140
39,-23.5,140
40,-23.5,140
41,-23.5,140
42,-23.5,140
43,-23.5,140
48,-23.5,140
49,-23.5,140
50,-23.5,51
51,-23.5,51
52,-23.5,51
53,-23.5,51
54,-23.5,51
55,-23.5,51
56,-23.5,51
57,-23.5,51
58,-23.5,51
59,-23.5,51
60,-23.5,51
61,-23.5,51
62,-23.5,51
63,-23.5,51
64,-23.5,51
65,-23.5,51
66,-23.5,51
67,-23.5,51
68,-23.5,51
69,-23.5,51
70,-23.5,51
71,-23.5,51
72,-23.5,51
73,-23.5,51
74,-23.5,51
75,-23.5,51
76,-23.5,51
77,-23.5,51
78,-23.5,51
79,-23.5,51
80,-23.5,51
81,-23.5,57
82,-23.5,57
83,-23.5,57
84,-23.5,57
85,-23.5,57
86,-23.5,57
87,-23.5,57
88,-23.5,57
89,-23.5,57
90,-23.5,57
91,-23.5,57
92,-23.5,57
93,-23.5,57
94,-23.5,57
95,-23.5,57
96,-23.5,57
97,-23.5,57
98,-23.5,57
99,-23.5,57
100,-23.5,57
101,-23.5,57
102,-23.5,57
103,-23.5,57
104,-23.5,57
105,-23.5,57
106,-23.5,57
107,-23.5,57
108,-23.5,57
109,-23.5,57
110,-23.5,149
111,-23.5,149
112,-23.5,149
113,-23.5,149
151,-23.5,139
152,-23.5,139
153,-23.5,139
154,-23.5,139
155,-23.5,142
156,-23.5,142
157,-23.5,142
158,-23.5,71
159,-23.5,71
160,-23.5,71
161,-23.5,71
162,-23.5,71
163,-23.5,71
164,-23.5,71
165,-23.5,71
166,-23.5,71
167,-23.5,71
168,-23.5,71
169,-23.5,71
170,-23.5,71
171,-23.5,71
172,-23.5,71
173,-23.5,71
174,-23.5,71
175,-23.5,71
176,-23.5,71
177,-23.5,71
178,-23.5,71
179,-23.5,71
-179,-24.5,71
-178,-24.5,71
-177,-24.5,71
-176,-24.5,71
-175,-24.5,71
-174,-24.5,77
-173,-24.5,77
-172,-24.5,77
-171,-24.5,77
-170,-24.5,77
-169,-24.5,77
-168,-24.5,77
-167,-24.5,77
-166,-24.5,77
-165,-24.5,77
-164,-24.5,77
-163,-24.5,77
-162,-24.5,77
-161,-24.5,77
-160,-24.5,77
-159,-24.5,77
-158,-24.5,77
-157,-24.5,77
-156,-24.5,77
-155,-24.5,77
-154,-24.5,77
-153,-24.5,77
-152,-24.5,77
-151,-24.5,77
-150,-24.5,77
-149,-24.5,77
-148,-24.5,77
-147,-24.5,77
-146,-24.5,77
-145,-24.5,77
-144,-24.5,77
-143,-24.5,77
-142,-24.5,77
-141,-24.5,77
-140,-24.5,77
-139,-24.5,77
-138,-24.5,77
-137,-24.5,77
-136,-24.5,77
-135,-24.5,77
-134,-24.5,77
-133,-24.5,77
-132,-24.5,77
-131,-24.5,77
-130,-24.5,77
-129,-24.5,77
-128,-24.5,77
-127,-24.5,77
-126,-24.5,77
-125,-24.5,77
-124,-24.5,77
-123,-24.5,77
-122,-24.5,77
-121,-24.5,77
-120,-24.5,77
-119,-24.5,87
-118,-24.5,87
-117,-24.5,87
-116,-24.5,87
-115,-24.5,87
-114,-24.5,87
-113,-24.5,87
-112,-24.5,87
-111,-24.5,87
-110,-24.5,87
-109,-24.5,87
-108,-24.5,87
-107,-24.5,87
-106,-24.5,87
-105,-24.5,87
-104,-24.5,87
-103,-24.5,87
-102,-24.5,87
-101,-24.5,87
-100,-24.5,87
-99,-24.5,87
-98,-24.5,87
-97,-24.5,87
-96,-24.5,87
-95,-24.5,87
-94,-24.5,87
-93,-24.5,87
-92,-24.5,87
-91,-24.5,87
-90,-24.5,87
-89,-24.5,87
-88,-24.5,87
-87,-24.5,87
-86,-24.5,87
-85,-24.5,87
-84,-24.5,87
-83,-24.5,87
-82,-24.5,87
-81,-24.5,87
-80,-24.5,87
-79,-24.5,87
-78,-24.5,87
-77,-24.5,87
-76,-24.5,87
-75,-24.5,136
-74,-24.5,136
-73,-24.5,136
-72,-24.5,136
-71,-24.5,136
-47,-24.5,143
-46,-24.5,143
-45,-24.5,143
-44,-24.5,143
-43,-24.5,143
-42,-24.5,143
-41,-24.5,143
-40,-24.5,41
-39,-24.5,41
-38,-24.5,41
-37,-24.5,41
-36,-24.5,41
-35,-24.5,41
-34,-24.5,41
-33,-24.5,41
-32,-24.5,41
-31,-24.5,41
-30,-24.5,41
-29,-24.5,41
-28,-24.5,41
-27,-24.5,41
-26,-24.5,41
-25,-24.5,41
-24,-24.5,41
-23,-24.5,41
-22,-24.5,41
-21,-24.5,41
-20,-24.5,41
-19,-24.5,47
-18,-24.5,47
-17,-24.5,47
-16,-24.5,47
-15,-24.5,47
-14,-24.5,47
-13,-24.5,47
-12,-24.5,47
-11,-24.5,47
-10,-24.5,47
-9,-24.5,47
-8,-24.5,47
-7,-24.5,47
-6,-24.5,47
-5,-24.5,47
-4,-24.5,47
-3,-24.5,47
-2,-24.5,47
-1,-24.5,47
0,-24.5,47
1,-24.5,47
2,-24.5,47
3,-24.5,47
4,-24.5,47
5,-24.5,47
6,-24.5,47
7,-24.5,47
8,-24.5,47
9,-24.5,47
10,-24.5,47
11,-24.5,137
12,-24.5,137
13,-24.5,137
14,-24.5,137
36,-24.5,140
37,-24.5,140
38,-24.5,140
39,-24.5,140
40,-24.5,140
41,-24.5,140
42,-24.5,140
43,-24.5,140
48,-24.5,140
49,-24.5,140
50,-24.5,140
51,-24.5,51
52,-24.5,51
53,-24.5,51
54,-24.5,51
55,-24.5,51
56,-24.5,51
57,-24.5,51
58,-24.5,51
59,-24.5,51
60,-24.5,51
61,-24.5,51
62,-24.5,51
63,-24.5,51
64,-24.5,51
65,-24.5,51
66,-24.5,51
67,-24.5,51
68,-24.5,51
69,-24.5,51
70,-24.5,51
71,-24.5,51
72,-24.5,51
73,-24.5,51
74,-24.5,51
75,-24.5,51
76,-24.5,51
77,-24.5,51
78,-24.5,51
79,-24.5,51
80,-24.5,51
81,-24.5,57
82,-24.5,57
83,-24.5,57
84,-24.5,57
85,-24.5,57
86,-24.5,57
87,-24.5,57
88,-24.5,57
89,-24.5,57
90,-24.5,57
91,-24.5,57
92,-24.5,57
93,-24.5,57
94,-24.5,57
95,-24.5,57
96,-24.5,57
97,-24.5,57
98,-24.5,57
99,-24.5,57
100,-24.5,57
101,-24.5,57
102,-24.5,57
103,-24.5,57
104,-24.5,57
105,-24.5,57
106,-24.5,57
107,-24.5,57
108,-24.5,57
109,-24.5,57
110,-24.5,149
111,-24.5,149
112,-24.5,149
113,-24.5,149
153,-24.5,142
154,-24.5,142
155,-24.5,142
156,-24.5,142
157,-24.5,142
158,-24.5,142
159,-24.5,71
160,-24.5,71
161,-24.5,71
162,-24.5,71
163,-24.5,71
164,-24.5,71
165,-24.5,71
166,-24.5,71
167,-24.5,71
168,-24.5,71
169,-24.5,71
170,-24.5,71
171,-24.5,71
172,-24.5,71
173,-24.5,71
174,-24.5,71
175,-24.5,71
176,-24.5,71
177,-24.5,71
178,-24.5,71
179,-24.5,71
-179,-25.5,81
-178,-25.5,81
-177,-25.5,81
-176,-25.5,81
-175,-25.5,81
-174,-25.5,81
-173,-25.5,81
-172,-25.5,81
-171,-25.5,81
-170,-25.5,81
-169,-25.5,81
-168,-25.5,81
-167,-25.5,81
-166,-25.5,81
-165,-25.5,81
-164,-25.5,81
-163,-25.5,81
-162,-25.5,81
-161,-25.5,81
-160,-25.5,81
-159,-25.5,81
-158,-25.5,81
-157,-25.5,81
-156,-25.5,81
-155,-25.5,81
-154,-25.5,81
-153,-25.5,81
-152,-25.5,81
-151,-25.5,81
-150,-25.5,81
-149,-25.5,81
-148,-25.5,81
-147,-25.5,81
-146,-25.5,81
-145,-25.5,81
-144,-25.5,81
-143,-25.5,81
-142,-25.5,81
-141,-25.5,81
-140,-25.5,81
-139,-25.5,81
-138,-25.5,81
-137,-25.5,81
-136,-25.5,81
-135,-25.5,81
-134,-25.5,81
-133,-25.5,81
-132,-25.5,81
-131,-25.5,81
-130,-25.5,81
-129,-25.5,81
-128,-25.5,81
-127,-25.5,81
-126,-25.5,81
-125,-25.5,81
-124,-25.5,81
-123,-25.5,81
-122,-25.5,81
-121,-25.5,81
-120,-25.5,81
-119,-25.5,87
-118,-25.5,87
-117,-25.5,87
-116,-25.5,87
-115,-25.5,87
-114,-25.5,87
-113,-25.5,87
-112,-25.5,87
-111,-25.5,87
-110,-25.5,87
-109,-25.5,87
-108,-25.5,87
-107,-25.5,87
-106,-25.5,87
-105,-25.5,87
-104,-25.5,87
-103,-25.5,87
-102,-25.5,87
-101,-25.5,87
-100,-25.5,87
-99,-25.5,87
-98,-25.5,87
-97,-25.5,87
-96,-25.5,87
-95,-25.5,87
-94,-25.5,87
-93,-25.5,87
-92,-25.5,87
-91,-25.5,87
-90,-25.5,87
-89,-25.5,87
-88,-25.5,87
-87,-25.5,87
-86,-25.5,87
-85,-25.5,87
-84,-25.5,87
-83,-25.5,87
-82,-25.5,87
-81,-25.5,87
-80,-25.5,87
-79,-25.5,87
-78,-25.5,87
-77,-25.5,87
-76,-25.5,87
-75,-25.5,136
-74,-25.5,136
-73,-25.5,136
-72,-25.5,136
-71,-25.5,136
-48,-25.5,143
-47,-25.5,143
-46,-25.5,143
-45,-25.5,143
-44,-25.5,143
-43,-25.5,143
-42,-25.5,143
-41,-25.5,41
-40,-25.5,41
-39,-25.5,41
-38,-25.5,41
-37,-25.5,41
-36,-25.5,41
-35,-25.5,41
-34,-25.5,41
-33,-25.5,41
-32,-25.5,41
-31,-25.5,41
-30,-25.5,41
-29,-25.5,41
-28,-25.5,41
-27,-25.5,41
-26,-25.5,41
-25,-25.5,41
-24,-25.5,41
-23,-25.5,41
-22,-25.5,41
-21,-25.5,41
-20,-25.5,41
-19,-25.5,47
-18,-25.5,47
-17,-25.5,47
-16,-25.5,47
-15,-25.5,47
-14,-25.5,47
-13,-25.5,47
-12,-25.5,47
-11,-25.5,47
-10,-25.5,47
-9,-25.5,47
-8,-25.5,47
-7,-25.5,47
-6,-25.5,47
-5,-25.5,47
-4,-25.5,47
-3,-25.5,47
-2,-25.5,47
-1,-25.5,47
0,-25.5,47
1,-25.5,47
2,-25.5,47
3,-25.5,47
4,-25.5,47
5,-25.5,47
6,-25.5,47
7,-25.5,47
8,-25.5,47
9,-25.5,47
10,-25.5,47
11,-25.5,137
12,-25.5,137
13,-25.5,137
14,-25.5,137
33,-25.5,140
34,-25.5,140
35,-25.5,140
36,-25.5,140
37,-25.5,140
38,-25.5,140
39,-25.5,140
40,-25.5,140
41,-25.5,140
42,-25.5,140
43,-25.5,140
44,-25.5,140
45,-25.5,140
46,-25.5,140
47,-25.5,140
48,-25.5,140
49,-25.5,140
50,-25.5,51
51,-25.5,51
52,-25.5,51
53,-25.5,51
54,-25.5,51
55,-25.5,51
56,-25.5,51
57,-25.5,51
58,-25.5,51
59,-25.5,51
60,-25.5,51
61,-25.5,51
62,-25.5,51
63,-25.5,51
64,-25.5,51
65,-25.5,51
66,-25.5,51
67,-25.5,51
68,-25.5,51
69,-25.5,51
70,-25.5,51
71,-25.5,51
72,-25.5,51
73,-25.5,51
74,-25.5,51
75,-25.5,51
76,-25.5,51
77,-25.5,51
78,-25.5,51
79,-25.5,51
80,-25.5,51
81,-25.5,57
82,-25.5,57
83,-25.5,57
84,-25.5,57
85,-25.5,57
86,-25.5,57
87,-25.5,57
88,-25.5,57
89,-25.5,57
90,-25.5,57
91,-25.5,57
92,-25.5,57
93,-25.5,57
94,-25.5,57
95,-25.5,57
96,-25.5,57
97,-25.5,57
98,-25.5,57
99,-25.5,57
100,-25.5,57
101,-25.5,57
102,-25.5,57
103,-25.5,57
104,-25.5,57
105,-25.5,57
106,-25.5,57
107,-25.5,57
108,-25.5,57
109,-25.5,57
110,-25.5,149
111,-25.5,149
112,-25.5,149
154,-25.5,142
155,-25.5,142
156,-25.5,142
157,-25.5,142
158,-25.5,142
159,-25.5,81
160,-25.5,81
161,-25.5,81
162,-25.5,81
163,-25.5,81
164,-25.5,81
165,-25.5,81
166,-25.5,81
167,-25.5,81
168,-25.5,81
169,-25.5,81
170,-25.5,81
171,-25.5,81
172,-25.5,81
173,-25.5,81
174,-25.5,81
175,-25.5,81
176,-25.5,81
177,-25.5,81
178,-25.5,81
179,-25.5,81
-179,-26.5,81
-178,-26.5,81
-177,-26.5,81
-176,-26.5,81
-175,-26.5,81
-174,-26.5,81
-173,-26.5,81
-172,-26.5,81
-171,-26.5,81
-170,-26.5,81
-169,-26.5,81
-168,-26.5,81
-167,-26.5,81
-166,-26.5,81
-165,-26.5,81
-164,-26.5,81
-163,-26.5,81
-162,-26.5,81
-161,-26.5,81
-160,-26.5,81
-159,-26.5,81
-158,-26.5,81
-157,-26.5,81
-156,-26.5,81
-155,-26.5,81
-154,-26.5,81
-153,-26.5,81
-152,-26.5,81
-151,-26.5,81
-150,-26.5,81
-149,-26.5,81
-148,-26.5,81
-147,-26.5,81
-146,-26.5,81
-145,-26.5,81
-144,-26.5,81
-143,-26.5,81
-142,-26.5,81
-141,-26.5,81
-140,-26.5,81
-139,-26.5,81
-138,-26.5,81
-137,-26.5,81
-136,-26.5,81
-135,-26.5,81
-134,-26.5,81
-133,-26.5,81
-132,-26.5,81
-131,-26.5,81
-130,-26.5,81
-129,-26.5,81
-128,-26.5,81
-127,-26.5,81
-126,-26.5,81
-125,-26.5,81
-124,-26.5,81
-123,-26.5,81
-122,-26.5,81
-121,-26.5,81
-120,-26.5,81
-119,-26.5,87
-118,-26.5,87
-117,-26.5,87
-116,-26.5,87
-115,-26.5,87
-114,-26.5,87
-113,-26.5,87
-112,-26.5,87
-111,-26.5,87
-110,-26.5,87
-109,-26.5,87
-108,-26.5,87
-107,-26.5,87
-106,-26.5,87
-105,-26.5,87
-104,-26.5,87
-103,-26.5,87
-102,-26.5,87
-101,-26.5,87
-100,-26.5,87
-99,-26.5,87
-98,-26.5,87
-97,-26.5,87
-96,-26.5,87
-95,-26.5,87
-94,-26.5,87
-93,-26.5,87
-92,-26.5,87
-91,-26.5,87
-90,-26.5,87
-89,-26.5,87
-88,-26.5,87
-87,-26.5,87
-86,-26.5,87
-85,-26.5,87
-84,-26.5,87
-83,-26.5,87
-82,-26.5,87
-81,-26.5,87
-80,-26.5,87
-79,-26.5,87
-78,-26.5,87
-77,-26.5,87
-76,-26.5,87
-75,-26.5,136
-74,-26.5,136
-73,-26.5,136
-72,-26.5,136
-71,-26.5,136
-48,-26.5,143
-47,-26.5,143
-46,-26.5,143
-45,-26.5,143
-44,-26.5,143
-43,-26.5,41
-42,-26.5,41
-41,-26.5,41
-40,-26.5,41
-39,-26.5,41
-38,-26.5,41
-37,-26.5,41
-36,-26.5,41
-35,-26.5,41
-34,-26.5,41
-33,-26.5,41
-32,-26.5,41
-31,-26.5,41
-30,-26.5,41
-29,-26.5,41
-28,-26.5,41
-27,-26.5,41
-26,-26.5,41
-25,-26.5,41
-24,-26.5,41
-23,-26.5,41
-22,-26.5,41
-21,-26.5,41
-20,-26.5,41
-19,-26.5,47
-18,-26.5,47
-17,-26.5,47
-16,-26.5,47
-15,-26.5,47
-14,-26.5,47
-13,-26.5,47
-12,-26.5,47
-11,-26.5,47
-10,-26.5,47
-9,-26.5,47
-8,-26.5,47
-7,-26.5,47
-6,-26.5,47
-5,-26.5,47
-4,-26.5,47
-3,-26.5,47
-2,-26.5,47
-1,-26.5,47
0,-26.5,47
1,-26.5,47
2,-26.5,47
3,-26.5,47
4,-26.5,47
5,-26.5,47
6,-26.5,47
7,-26.5,47
8,-26.5,47
9,-26.5,47
10,-26.5,47
11,-26.5,47
12,-26.5,137
13,-26.5,137
14,-26.5,137
15,-26.5,137
33,-26.5,140
34,-26.5,140
35,-26.5,140
36,-26.5,140
37,-26.5,140
38,-26.5,140
39,-26.5,140
40,-26.5,140
41,-26.5,140
42,-26.5,140
43,-26.5,140
44,-26.5,140
45,-26.5,140
46,-26.5,140
47,-26.5,140
48,-26.5,140
49,-26.5,140
50,-26.5,51
51,-26.5,51
52,-26.5,51
53,-26.5,51
54,-26.5,51
55,-26.5,51
56,-26.5,51
57,-26.5,51
58,-26.5,51
59,-26.5,51
60,-26.5,51
61,-26.5,51
62,-26.5,51
63,-26.5,51
64,-26.5,51
65,-26.5,51
66,-26.5,51
67,-26.5,51
68,-26.5,51
69,-26.5,51
70,-26.5,51
71,-26.5,51
72,-26.5,51
73,-26.5,51
74,-26.5,51
75,-26.5,51
76,-26.5,51
77,-26.5,51
78,-26.5,51
79,-26.5,51
80,-26.5,51
81,-26.5,57
82,-26.5,57
83,-26.5,57
84,-26.5,57
85,-26.5,57
86,-26.5,57
87,-26.5,57
88,-26.5,57
89,-26.5,57
90,-26.5,57
91,-26.5,57
92,-26.5,57
93,-26.5,57
94,-26.5,57
95,-26.5,57
96,-26.5,57
97,-26.5,57
98,-26.5,57
99,-26.5,57
100,-26.5,57
101,-26.5,57
102,-26.5,57
103,-26.5,57
104,-26.5,57
105,-26.5,57
106,-26.5,57
107,-26.5,57
108,-26.5,57
109,-26.5,57
110,-26.5,149
111,-26.5,149
112,-26.5,149
113,-26.5,149
154,-26.5,142
155,-26.5,142
156,-26.5,142
157,-26.5,142
158,-26.5,81
159,-26.5,81
160,-26.5,81
161,-26.5,81
162,-26.5,81
163,-26.5,81
164,-26.5,81
165,-26.5,81
166,-26.5,81
167,-26.5,81
168,-26.5,81
169,-26.5,81
170,-26.5,81
171,-26.5,81
172,-26.5,81
173,-26.5,81
174,-26.5,81
175,-26.5,81
176,-26.5,81
177,-26.5,81
178,-26.5,81
179,-26.5,81
-179,-27.5,81
-178,-27.5,81
-177,-27.5,81
-176,-27.5,81
-175,-27.5,81
-174,-27.5,81
-173,-27.5,81
-172,-27.5,81
-171,-27.5,81
-170,-27.5,81
-169,-27.5,81
-168,-27.5,81
-167,-27.5,81
-166,-27.5,81
-165,-27.5,81
-164,-27.5,81
-163,-27.5,81
-162,-27.5,81
-161,-27.5,81
-160,-27.5,81
-159,-27.5,81
-158,-27.5,81
-157,-27.5,81
-156,-27.5,81
-155,-27.5,81
-154,-27.5,81
-153,-27.5,81
-152,-27.5,81
-151,-27.5,81
-150,-27.5,81
-149,-27.5,81
-148,-27.5,81
-147,-27.5,81
-146,-27.5,81
-145,-27.5,81
-144,-27.5,81
-143,-27.5,81
-142,-27.5,81
-141,-27.5,81
-140,-27.5,81
-139,-27.5,81
-138,-27.5,81
-137,-27.5,81
-136,-27.5,81
-135,-27.5,81
-134,-27.5,81
-133,-27.5,81
-132,-27.5,81
-131,-27.5,81
-130,-27.5,81
-129,-27.5,81
-128,-27.5,81
-127,-27.5,81
-126,-27.5,81
-125,-27.5,81
-124,-27.5,81
-123,-27.5,81
-122,-27.5,81
-121,-27.5,81
-120,-27.5,81
-119,-27.5,87
-118,-27.5,87
-117,-27.5,87
-116,-27.5,87
-115,-27.5,87
-114,-27.5,87
-113,-27.5,87
-112,-27.5,87
-111,-27.5,87
-110,-27.5,87
-109,-27.5,87
-108,-27.5,87
-107,-27.5,87
-106,-27.5,87
-105,-27.5,87
-104,-27.5,87
-103,-27.5,87
-102,-27.5,87
-101,-27.5,87
-100,-27.5,87
-99,-27.5,87
-98,-27.5,87
-97,-27.5,87
-96,-27.5,87
-95,-27.5,87
-94,-27.5,87
-93,-27.5,87
-92,-27.5,87
-91,-27.5,87
-90,-27.5,87
-89,-27.5,87
-88,-27.5,87
-87,-27.5,87
-86,-27.5,87
-85,-27.5,87
-84,-27.5,87
-83,-27.5,87
-82,-27.5,87
-81,-27.5,87
-80,-27.5,87
-79,-27.5,87
-78,-27.5,87
-77,-27.5,87
-76,-27.5,87
-75,-27.5,136
-74,-27.5,136
-73,-27.5,136
-72,-27.5,136
-71,-27.5,136
-48,-27.5,143
-47,-27.5,143
-46,-27.5,143
-45,-27.5,143
-44,-27.5,41
-43,-27.5,41
-42,-27.5,41
-41,-27.5,41
-40,-27.5,41
-39,-27.5,41
-38,-27.5,41
-37,-27.5,41
-36,-27.5,41
-35,-27.5,41
-34,-27.5,41
-33,-27.5,41
-32,-27.5,41
-31,-27.5,41
-30,-27.5,41
-29,-27.5,41
-28,-27.5,41
-27,-27.5,41
-26,-27.5,41
-25,-27.5,41
-24,-27.5,41
-23,-27.5,41
-22,-27.5,41
-21,-27.5,41
-20,-27.5,41
-19,-27.5,47
-18,-27.5,47
-17,-27.5,47
-16,-27.5,47
-15,-27.5,47
-14,-27.5,47
-13,-27.5,47
-12,-27.5,47
-11,-27.5,47
-10,-27.5,47
-9,-27.5,47
-8,-27.5,47
-7,-27.5,47
-6,-27.5,47
-5,-27.5,47
-4,-27.5,47
-3,-27.5,47
-2,-27.5,47
-1,-27.5,47
0,-27.5,47
1,-27.5,47
2,-27.5,47
3,-27.5,47
4,-27.5,47
5,-27.5,47
6,-27.5,47
7,-27.5,47
8,-27.5,47
9,-27.5,47
10,-27.5,47
11,-27.5,47
12,-27.5,137
13,-27.5,137
14,-27.5,137
15,-27.5,137
33,-27.5,140
34,-27.5,140
35,-27.5,140
36,-27.5,140
37,-27.5,140
38,-27.5,140
39,-27.5,140
40,-27.5,140
41,-27.5,140
42,-27.5,140
43,-27.5,140
44,-27.5,140
45,-27.5,140
46,-27.5,140
47,-27.5,140
48,-27.5,51
49,-27.5,51
50,-27.5,51
51,-27.5,51
52,-27.5,51
53,-27.5,51
54,-27.5,51
55,-27.5,51
56,-27.5,51
57,-27.5,51
58,-27.5,51
59,-27.5,51
60,-27.5,51
61,-27.5,51
62,-27.5,51
63,-27.5,51
64,-27.5,51
65,-27.5,51
66,-27.5,51
67,-27.5,51
68,-27.5,51
69,-27.5,51
70,-27.5,51
71,-27.5,51
72,-27.5,51
73,-27.5,51
74,-27.5,51
75,-27.5,51
76,-27.5,51
77,-27.5,51
78,-27.5,51
79,-27.5,51
80,-27.5,51
81,-27.5,57
82,-27.5,57
83,-27.5,57
84,-27.5,57
85,-27.5,57
86,-27.5,57
87,-27.5,57
88,-27.5,57
89,-27.5,57
90,-27.5,57
91,-27.5,57
92,-27.5,57
93,-27.5,57
94,-27.5,57
95,-27.5,57
96,-27.5,57
97,-27.5,57
98,-27.5,57
99,-27.5,57
100,-27.5,57
101,-27.5,57
102,-27.5,57
103,-27.5,57
104,-27.5,57
105,-27.5,57
106,-27.5,57
107,-27.5,57
108,-27.5,57
109,-27.5,57
110,-27.5,149
111,-27.5,149
112,-27.5,149
113,-27.5,149
114,-27.5,149
154,-27.5,142
155,-27.5,142
156,-27.5,142
157,-27.5,142
158,-27.5,81
159,-27.5,81
160,-27.5,81
161,-27.5,81
162,-27.5,81
163,-27.5,81
164,-27.5,81
165,-27.5,81
166,-27.5,81
167,-27.5,81
168,-27.5,81
169,-27.5,81
170,-27.5,81
171,-27.5,81
172,-27.5,81
173,-27.5,81
174,-27.5,81
175,-27.5,81
176,-27.5,81
177,-27.5,81
178,-27.5,81
179,-27.5,81
-179,-28.5,81
-178,-28.5,81
-177,-28.5,81
-176,-28.5,81
-175,-28.5,81
-174,-28.5,81
-173,-28.5,81
-172,-28.5,81
-171,-28.5,81
-170,-28.5,81
-169,-28.5,81
-168,-28.5,81
-167,-28.5,81
-166,-28.5,81
-165,-28.5,81
-164,-28.5,81
-163,-28.5,81
-162,-28.5,81
-161,-28.5,81
-160,-28.5,81
-159,-28.5,81
-158,-28.5,81
-157,-28.5,81
-156,-28.5,81
-155,-28.5,81
-154,-28.5,81
-153,-28.5,81
-152,-28.5,81
-151,-28.5,81
-150,-28.5,81
-149,-28.5,81
-148,-28.5,81
-147,-28.5,81
-146,-28.5,81
-145,-28.5,81
-144,-28.5,81
-143,-28.5,81
-142,-28.5,81
-141,-28.5,81
-140,-28.5,81
-139,-28.5,81
-138,-28.5,81
-137,-28.5,81
-136,-28.5,81
-135,-28.5,81
-134,-28.5,81
-133,-28.5,81
-132,-28.5,81
-131,-28.5,81
-130,-28.5,81
-129,-28.5,81
-128,-28.5,81
-127,-28.5,81
-126,-28.5,81
-125,-28.5,81
-124,-28.5,81
-123,-28.5,81
-122,-28.5,81
-121,-28.5,81
-120,-28.5,81
-119,-28.5,87
-118,-28.5,87
-117,-28.5,87
-116,-28.5,87
-115,-28.5,87
-114,-28.5,87
-113,-28.5,87
-112,-28.5,87
-111,-28.5,87
-110,-28.5,87
-109,-28.5,87
-108,-28.5,87
-107,-28.5,87
-106,-28.5,87
-105,-28.5,87
-104,-28.5,87
-103,-28.5,87
-102,-28.5,87
-101,-28.5,87
-100,-28.5,87
-99,-28.5,87
-98,-28.5,87
-97,-28.5,87
-96,-28.5,87
-95,-28.5,87
-94,-28.5,87
-93,-28.5,87
-92,-28.5,87
-91,-28.5,87
-90,-28.5,87
-89,-28.5,87
-88,-28.5,87
-87,-28.5,87
-86,-28.5,87
-85,-28.5,87
-84,-28.5,87
-83,-28.5,87
-82,-28.5,87
-81,-28.5,87
-80,-28.5,87
-79,-28.5,87
-78,-28.5,87
-77,-28.5,87
-76,-28.5,87
-75,-28.5,136
-74,-28.5,136
-73,-28.5,136
-72,-28.5,136
-48,-28.5,143
-47,-28.5,143
-46,-28.5,143
-45,-28.5,41
-44,-28.5,41
-43,-28.5,41
-42,-28.5,41
-41,-28.5,41
-40,-28.5,41
-39,-28.5,41
-38,-28.5,41
-37,-28.5,41
-36,-28.5,41
-35,-28.5,41
-34,-28.5,41
-33,-28.5,41
-32,-28.5,41
-31,-28.5,41
-30,-28.5,41
-29,-28.5,41
-28,-28.5,41
-27,-28.5,41
-26,-28.5,41
-25,-28.5,41
-24,-28.5,41
-23,-28.5,41
-22,-28.5,41
-21,-28.5,41
-20,-28.5,41
-19,-28.5,47
-18,-28.5,47
-17,-28.5,47
-16,-28.5,47
-15,-28.5,47
-14,-28.5,47
-13,-28.5,47
-12,-28.5,47
-11,-28.5,47
-10,-28.5,47
-9,-28.5,47
-8,-28.5,47
-7,-28.5,47
-6,-28.5,47
-5,-28.5,47
-4,-28.5,47
-3,-28.5,47
-2,-28.5,47
-1,-28.5,47
0,-28.5,47
1,-28.5,47
2,-28.5,47
3,-28.5,47
4,-28.5,47
5,-28.5,47
6,-28.5,47
7,-28.5,47
8,-28.5,47
9,-28.5,47
10,-28.5,47
11,-28.5,47
12,-28.5,137
13,-28.5,137
14,-28.5,137
15,-28.5,137
16,-28.5,137
33,-28.5,140
34,-28.5,140
35,-28.5,140
36,-28.5,140
37,-28.5,140
38,-28.5,140
39,-28.5,51
40,-28.5,51
41,-28.5,51
42,-28.5,51
43,-28.5,51
44,-28.5,51
45,-28.5,51
46,-28.5,51
47,-28.5,51
48,-28.5,51
49,-28.5,51
50,-28.5,51
51,-28.5,51
52,-28.5,51
53,-28.5,51
54,-28.5,51
55,-28.5,51
56,-28.5,51
57,-28.5,51
58,-28.5,51
59,-28.5,51
60,-28.5,51
61,-28.5,51
62,-28.5,51
63,-28.5,51
64,-28.5,51
65,-28.5,51
66,-28.5,51
67,-28.5,51
68,-28.5,51
69,-28.5,51
70,-28.5,51
71,-28.5,51
72,-28.5,51
73,-28.5,51
74,-28.5,51
75,-28.5,51
76,-28.5,51
77,-28.5,51
78,-28.5,51
79,-28.5,51
80,-28.5,51
81,-28.5,57
82,-28.5,57
83,-28.5,57
84,-28.5,57
85,-28.5,57
86,-28.5,57
87,-28.5,57
88,-28.5,57
89,-28.5,57
90,-28.5,57
91,-28.5,57
92,-28.5,57
93,-28.5,57
94,-28.5,57
95,-28.5,57
96,-28.5,57
97,-28.5,57
98,-28.5,57
99,-28.5,57
100,-28.5,57
101,-28.5,57
102,-28.5,57
103,-28.5,57
104,-28.5,57
105,-28.5,57
106,-28.5,57
107,-28.5,57
108,-28.5,57
109,-28.5,57
110,-28.5,149
111,-28.5,149
112,-28.5,149
113,-28.5,149
114,-28.5,149
154,-28.5,142
155,-28.5,142
156,-28.5,142
157,-28.5,142
158,-28.5,81
159,-28.5,81
160,-28.5,81
161,-28.5,81
162,-28.5,81
163,-28.5,81
164,-28.5,81
165,-28.5,81
166,-28.5,81
167,-28.5,81
168,-28.5,81
169,-28.5,81
170,-28.5,81
171,-28.5,81
172,-28.5,81
173,-28.5,81
174,-28.5,81
175,-28.5,81
176,-28.5,81
177,-28.5,81
178,-28.5,81
179,-28.5,81
-179,-29.5,81
-178,-29.5,81
-177,-29.5,81
-176,-29.5,81
-175,-29.5,81
-174,-29.5,81
-173,-29.5,81
-172,-29.5,81
-171,-29.5,81
-170,-29.5,81
-169,-29.5,81
-168,-29.5,81
-167,-29.5,81
-166,-29.5,81
-165,-29.5,81
-164,-29.5,81
-163,-29.5,81
-162,-29.5,81
-161,-29.5,81
-160,-29.5,81
-159,-29.5,81
-158,-29.5,81
-157,-29.5,81
-156,-29.5,81
-155,-29.5,81
-154,-29.5,81
-153,-29.5,81
-152,-29.5,81
-151,-29.5,81
-150,-29.5,81
-149,-29.5,81
-148,-29.5,81
-147,-29.5,81
-146,-29.5,81
-145,-29.5,81
-144,-29.5,81
-143,-29.5,81
-142,-29.5,81
-141,-29.5,81
-140,-29.5,81
-139,-29.5,81
-138,-29.5,81
-137,-29.5,81
-136,-29.5,81
-135,-29.5,81
-134,-29.5,81
-133,-29.5,81
-132,-29.5,81
-131,-29.5,81
-130,-29.5,81
-129,-29.5,81
-128,-29.5,81
-127,-29.5,81
-126,-29.5,81
-125,-29.5,81
-124,-29.5,81
-123,-29.5,81
-122,-29.5,81
-121,-29.5,81
-120,-29.5,81
-119,-29.5,87
-118,-29.5,87
-117,-29.5,87
-116,-29.5,87
-115,-29.5,87
-114,-29.5,87
-113,-29.5,87
-112,-29.5,87
-111,-29.5,87
-110,-29.5,87
-109,-29.5,87
-108,-29.5,87
-107,-29.5,87
-106,-29.5,87
-105,-29.5,87
-104,-29.5,87
-103,-29.5,87
-102,-29.5,87
-101,-29.5,87
-100,-29.5,87
-99,-29.5,87
-98,-29.5,87
-97,-29.5,87
-96,-29.5,87
-95,-29.5,87
-94,-29.5,87
-93,-29.5,87
-92,-29.5,87
-91,-29.5,87
-90,-29.5,87
-89,-29.5,87
-88,-29.5,87
-87,-29.5,87
-86,-29.5,87
-85,-29.5,87
-84,-29.5,87
-83,-29.5,87
-82,-29.5,87
-81,-29.5,87
-80,-29.5,87
-79,-29.5,87
-78,-29.5,87
-77,-29.5,87
-76,-29.5,87
-75,-29.5,136
-74,-29.5,136
-73,-29.5,136
-72,-29.5,136
-49,-29.5,143
-48,-29.5,143
-47,-29.5,143
-46,-29.5,41
-45,-29.5,41
-44,-29.5,41
-43,-29.5,41
-42,-29.5,41
-41,-29.5,41
-40,-29.5,41
-39,-29.5,41
-38,-29.5,41
-37,-29.5,41
-36,-29.5,41
-35,-29.5,41
-34,-29.5,41
-33,-29.5,41
-32,-29.5,41
-31,-29.5,41
-30,-29.5,41
-29,-29.5,41
-28,-29.5,41
-27,-29.5,41
-26,-29.5,41
-25,-29.5,41
-24,-29.5,41
-23,-29.5,41
-22,-29.5,41
-21,-29.5,41
-20,-29.5,41
-19,-29.5,47
-18,-29.5,47
-17,-29.5,47
-16,-29.5,47
-15,-29.5,47
-14,-29.5,47
-13,-29.5,47
-12,-29.5,47
-11,-29.5,47
-10,-29.5,47
-9,-29.5,47
-8,-29.5,47
-7,-29.5,47
-6,-29.5,47
-5,-29.5,47
-4,-29.5,47
-3,-29.5,47
-2,-29.5,47
-1,-29.5,47
0,-29.5,47
1,-29.5,47
2,-29.5,47
3,-29.5,47
4,-29.5,47
5,-29.5,47
6,-29.5,47
7,-29.5,47
8,-29.5,47
9,-29.5,47
10,-29.5,47
11,-29.5,47
12,-29.5,47
13,-29.5,137
14,-29.5,137
15,-29.5,137
16,-29.5,137
32,-29.5,140
33,-29.5,140
34,-29.5,140
35,-29.5,140
36,-29.5,51
37,-29.5,51
38,-29.5,51
39,-29.5,51
40,-29.5,51
41,-29.5,51
42,-29.5,51
43,-29.5,51
44,-29.5,51
45,-29.5,51
46,-29.5,51
47,-29.5,51
48,-29.5,51
49,-29.5,51
50,-29.5,51
51,-29.5,51
52,-29.5,51
53,-29.5,51
54,-29.5,51
55,-29.5,51
56,-29.5,51
57,-29.5,51
58,-29.5,51
59,-29.5,51
60,-29.5,51
61,-29.5,51
62,-29.5,51
63,-29.5,51
64,-29.5,51
65,-29.5,51
66,-29.5,51
67,-29.5,51
68,-29.5,51
69,-29.5,51
70,-29.5,51
71,-29.5,51
72,-29.5,51
73,-29.5,51
74,-29.5,51
75,-29.5,51
76,-29.5,51
77,-29.5,51
78,-29.5,51
79,-29.5,51
80,-29.5,51
81,-29.5,57
82,-29.5,57
83,-29.5,57
84,-29.5,57
85,-29.5,57
86,-29.5,57
87,-29.5,57
88,-29.5,57
89,-29.5,57
90,-29.5,57
91,-29.5,57
92,-29.5,57
93,-29.5,57
94,-29.5,57
95,-29.5,57
96,-29.5,57
97,-29.5,57
98,-29.5,57
99,-29.5,57
100,-29.5,57
101,-29.5,57
102,-29.5,57
103,-29.5,57
104,-29.5,57
105,-29.5,57
106,-29.5,57
107,-29.5,57
108,-29.5,57
109,-29.5,57
110,-29.5,57
111,-29.5,149
112,-29.5,149
113,-29.5,149
114,-29.5,149
154,-29.5,142
155,-29.5,142
156,-29.5,142
157,-29.5,142
158,-29.5,81
159,-29.5,81
160,-29.5,81
161,-29.5,81
162,-29.5,81
163,-29.5,81
164,-29.5,81
165,-29.5,81
166,-29.5,81
167,-29.5,81
168,-29.5,81
169,-29.5,81
170,-29.5,81
171,-29.5,81
172,-29.5,81
173,-29.5,81
174,-29.5,81
175,-29.5,81
176,-29.5,81
177,-29.5,81
178,-29.5,81
179,-29.5,81
-179,-30.5,81
-178,-30.5,81
-177,-30.5,81
-176,-30.5,81
-175,-30.5,81
-174,-30.5,81
-173,-30.5,81
-172,-30.5,81
-171,-30.5,81
-170,-30.5,81
-169,-30.5,81
-168,-30.5,81
-167,-30.5,81
-166,-30.5,81
-165,-30.5,81
-164,-30.5,81
-163,-30.5,81
-162,-30.5,81
-161,-30.5,81
-160,-30.5,81
-159,-30.5,81
-158,-30.5,81
-157,-30.5,81
-156,-30.5,81
-155,-30.5,81
-154,-30.5,81
-153,-30.5,81
-152,-30.5,81
-151,-30.5,81
-150,-30.5,81
-149,-30.5,81
-148,-30.5,81
-147,-30.5,81
-146,-30.5,81
-145,-30.5,81
-144,-30.5,81
-143,-30.5,81
-142,-30.5,81
-141,-30.5,81
-140,-30.5,81
-139,-30.5,81
-138,-30.5,81
-137,-30.5,81
-136,-30.5,81
-135,-30.5,81
-134,-30.5,81
-133,-30.5,81
-132,-30.5,81
-131,-30.5,81
-130,-30.5,81
-129,-30.5,81
-128,-30.5,81
-127,-30.5,81
-126,-30.5,81
-125,-30.5,81
-124,-30.5,81
-123,-30.5,81
-122,-30.5,81
-121,-30.5,81
-120,-30.5,81
-119,-30.5,87
-118,-30.5,87
-117,-30.5,87
-116,-30.5,87
-115,-30.5,87
-114,-30.5,87
-113,-30.5,87
-112,-30.5,87
-111,-30.5,87
-110,-30.5,87
-109,-30.5,87
-108,-30.5,87
-107,-30.5,87
-106,-30.5,87
-105,-30.5,87
-104,-30.5,87
-103,-30.5,87
-102,-30.5,87
-101,-30.5,87
-100,-30.5,87
-99,-30.5,87
-98,-30.5,87
-97,-30.5,87
-96,-30.5,87
-95,-30.5,87
-94,-30.5,87
-93,-30.5,87
-92,-30.5,87
-91,-30.5,87
-90,-30.5,87
-89,-30.5,87
-88,-30.5,87
-87,-30.5,87
-86,-30.5,87
-85,-30.5,87
-84,-30.5,87
-83,-30.5,87
-82,-30.5,87
-81,-30.5,87
-80,-30.5,87
-79,-30.5,87
-78,-30.5,87
-77,-30.5,87
-76,-30.5,87
-75,-30.5,136
-74,-30.5,136
-73,-30.5,136
-72,-30.5,136
-51,-30.5,143
-50,-30.5,143
-49,-30.5,143
-48,-30.5,143
-47,-30.5,41
-46,-30.5,41
-45,-30.5,41
-44,-30.5,41
-43,-30.5,41
-42,-30.5,41
-41,-30.5,41
-40,-30.5,41
-39,-30.5,41
-38,-30.5,41
-37,-30.5,41
-36,-30.5,41
-35,-30.5,41
-34,-30.5,41
-33,-30.5,41
-32,-30.5,41
-31,-30.5,41
-30,-30.5,41
-29,-30.5,41
-28,-30.5,41
-27,-30.5,41
-26,-30.5,41
-25,-30.5,41
-24,-30.5,41
-23,-30.5,41
-22,-30.5,41
-21,-30.5,41
-20,-30.5,41
-19,-30.5,47
-18,-30.5,47
-17,-30.5,47
-16,-30.5,47
-15,-30.5,47
-14,-30.5,47
-13,-30.5,47
-12,-30.5,47
-11,-30.5,47
-10,-30.5,47
-9,-30.5,47
-8,-30.5,47
-7,-30.5,47
-6,-30.5,47
-5,-30.5,47
-4,-30.5,47
-3,-30.5,47
-2,-30.5,47
-1,-30.5,47
0,-30.5,47
1,-30.5,47
2,-30.5,47
3,-30.5,47
4,-30.5,47
5,-30.5,47
6,-30.5,47
7,-30.5,47
8,-30.5,47
9,-30.5,47
10,-30.5,47
11,-30.5,47
12,-30.5,47
13,-30.5,137
14,-30.5,137
15,-30.5,137
16,-30.5,137
17,-30.5,137
31,-30.5,140
32,-30.5,140
33,-30.5,140
34,-30.5,140
35,-30.5,51
36,-30.5,51
37,-30.5,51
38,-30.5,51
39,-30.5,51
40,-30.5,51
41,-30.5,51
42,-30.5,51
43,-30.5,51
44,-30.5,51
45,-30.5,51
46,-30.5,51
47,-30.5,51
48,-30.5,51
49,-30.5,51
50,-30.5,51
51,-30.5,51
52,-30.5,51
53,-30.5,51
54,-30.5,51
55,-30.5,51
56,-30.5,51
57,-30.5,51
58,-30.5,51
59,-30.5,51
60,-30.5,51
61,-30.5,51
62,-30.5,51
63,-30.5,51
64,-30.5,51
65,-30.5,51
66,-30.5,51
67,-30.5,51
68,-30.5,51
69,-30.5,51
70,-30.5,51
71,-30.5,51
72,-30.5,51
73,-30.5,51
74,-30.5,51
75,-30.5,51
76,-30.5,51
77,-30.5,51
78,-30.5,51
79,-30.5,51
80,-30.5,51
81,-30.5,57
82,-30.5,57
83,-30.5,57
84,-30.5,57
85,-30.5,57
86,-30.5,57
87,-30.5,57
88,-30.5,57
89,-30.5,57
90,-30.5,57
91,-30.5,57
92,-30.5,57
93,-30.5,57
94,-30.5,57
95,-30.5,57
96,-30.5,57
97,-30.5,57
98,-30.5,57
99,-30.5,57
100,-30.5,57
101,-30.5,57
102,-30.5,57
103,-30.5,57
104,-30.5,57
105,-30.5,57
106,-30.5,57
107,-30.5,57
108,-30.5,57
109,-30.5,57
110,-30.5,57
111,-30.5,149
112,-30.5,149
113,-30.5,149
114,-30.5,149
115,-30.5,149
154,-30.5,142
155,-30.5,142
156,-30.5,142
157,-30.5,142
158,-30.5,81
159,-30.5,81
160,-30.5,81
161,-30.5,81
162,-30.5,81
163,-30.5,81
164,-30.5,81
165,-30.5,81
166,-30.5,81
167,-30.5,81
168,-30.5,81
169,-30.5,81
170,-30.5,81
171,-30.5,81
172,-30.5,81
173,-30.5,81
174,-30.5,81
175,-30.5,81
176,-30.5,81
177,-30.5,81
178,-30.5,81
179,-30.5,81
-179,-31.5,81
-178,-31.5,81
-177,-31.5,81
-176,-31.5,81
-175,-31.5,81
-174,-31.5,81
-173,-31.5,81
-172,-31.5,81
-171,-31.5,81
-170,-31.5,81
-169,-31.5,81
-168,-31.5,81
-167,-31.5,81
-166,-31.5,81
-165,-31.5,81
-164,-31.5,81
-163,-31.5,81
-162,-31.5,81
-161,-31.5,81
-160,-31.5,81
-159,-31.5,81
-158,-31.5,81
-157,-31.5,81
-156,-31.5,81
-155,-31.5,81
-154,-31.5,81
-153,-31.5,81
-152,-31.5,81
-151,-31.5,81
-150,-31.5,81
-149,-31.5,81
-148,-31.5,81
-147,-31.5,81
-146,-31.5,81
-145,-31.5,81
-144,-31.5,81
-143,-31.5,81
-142,-31.5,81
-141,-31.5,81
-140,-31.5,81
-139,-31.5,81
-138,-31.5,81
-137,-31.5,81
-136,-31.5,81
-135,-31.5,81
-134,-31.5,81
-133,-31.5,81
-132,-31.5,81
-131,-31.5,81
-130,-31.5,81
-129,-31.5,81
-128,-31.5,81
-127,-31.5,81
-126,-31.5,81
-125,-31.5,81
-124,-31.5,81
-123,-31.5,81
-122,-31.5,81
-121,-31.5,81
-120,-31.5,81
-119,-31.5,87
-118,-31.5,87
-117,-31.5,87
-116,-31.5,87
-115,-31.5,87
-114,-31.5,87
-113,-31.5,87
-112,-31.5,87
-111,-31.5,87
-110,-31.5,87
-109,-31.5,87
-108,-31.5,87
-107,-31.5,87
-106,-31.5,87
-105,-31.5,87
-104,-31.5,87
-103,-31.5,87
-102,-31.5,87
-101,-31.5,87
-100,-31.5,87
-99,-31.5,87
-98,-31.5,87
-97,-31.5,87
-96,-31.5,87
-95,-31.5,87
-94,-31.5,87
-93,-31.5,87
-92,-31.5,87
-91,-31.5,87
-90,-31.5,87
-89,-31.5,87
-88,-31.5,87
-87,-31.5,87
-86,-31.5,87
-85,-31.5,87
-84,-31.5,87
-83,-31.5,87
-82,-31.5,87
-81,-31.5,87
-80,-31.5,87
-79,-31.5,87
-78,-31.5,87
-77,-31.5,87
-76,-31.5,87
-75,-31.5,136
-74,-31.5,136
-73,-31.5,136
-72,-31.5,136
-51,-31.5,143
-50,-31.5,143
-49,-31.5,143
-48,-31.5,41
-47,-31.5,41
-46,-31.5,41
-45,-31.5,41
-44,-31.5,41
-43,-31.5,41
-42,-31.5,41
-41,-31.5,41
-40,-31.5,41
-39,-31.5,41
-38,-31.5,41
-37,-31.5,41
-36,-31.5,41
-35,-31.5,41
-34,-31.5,41
-33,-31.5,41
-32,-31.5,41
-31,-31.5,41
-30,-31.5,41
-29,-31.5,41
-28,-31.5,41
-27,-31.5,41
-26,-31.5,41
-25,-31.5,41
-24,-31.5,41
-23,-31.5,41
-22,-31.5,41
-21,-31.5,41
-20,-31.5,41
-19,-31.5,47
-18,-31.5,47
-17,-31.5,47
-16,-31.5,47
-15,-31.5,47
-14,-31.5,47
-13,-31.5,47
-12,-31.5,47
-11,-31.5,47
-10,-31.5,47
-9,-31.5,47
-8,-31.5,47
-7,-31.5,47
-6,-31.5,47
-5,-31.5,47
-4,-31.5,47
-3,-31.5,47
-2,-31.5,47
-1,-31.5,47
0,-31.5,47
1,-31.5,47
2,-31.5,47
3,-31.5,47
4,-31.5,47
5,-31.5,47
6,-31.5,47
7,-31.5,47
8,-31.5,47
9,-31.5,47
10,-31.5,47
11,-31.5,47
12,-31.5,47
13,-31.5,137
14,-31.5,137
15,-31.5,137
16,-31.5,137
17,-31.5,137
18,-31.5,137
30,-31.5,140
31,-31.5,140
32,-31.5,140
33,-31.5,140
34,-31.5,51
35,-31.5,51
36,-31.5,51
37,-31.5,51
38,-31.5,51
39,-31.5,51
40,-31.5,51
41,-31.5,51
42,-31.5,51
43,-31.5,51
44,-31.5,51
45,-31.5,51
46,-31.5,51
47,-31.5,51
48,-31.5,51
49,-31.5,51
50,-31.5,51
51,-31.5,51
52,-31.5,51
53,-31.5,51
54,-31.5,51
55,-31.5,51
56,-31.5,51
57,-31.5,51
58,-31.5,51
59,-31.5,51
60,-31.5,51
61,-31.5,51
62,-31.5,51
63,-31.5,51
64,-31.5,51
65,-31.5,51
66,-31.5,51
67,-31.5,51
68,-31.5,51
69,-31.5,51
70,-31.5,51
71,-31.5,51
72,-31.5,51
73,-31.5,51
74,-31.5,51
75,-31.5,51
76,-31.5,51
77,-31.5,51
78,-31.5,51
79,-31.5,51
80,-31.5,51
81,-31.5,57
82,-31.5,57
83,-31.5,57
84,-31.5,57
85,-31.5,57
86,-31.5,57
87,-31.5,57
88,-31.5,57
89,-31.5,57
90,-31.5,57
91,-31.5,57
92,-31.5,57
93,-31.5,57
94,-31.5,57
95,-31.5,57
96,-31.5,57
97,-31.5,57
98,-31.5,57
99,-31.5,57
100,-31.5,57
101,-31.5,57
102,-31.5,57
103,-31.5,57
104,-31.5,57
105,-31.5,57
106,-31.5,57
107,-31.5,57
108,-31.5,57
109,-31.5,57
110,-31.5,57
111,-31.5,57
112,-31.5,149
113,-31.5,149
114,-31.5,149
115,-31.5,149
153,-31.5,142
154,-31.5,142
155,-31.5,142
156,-31.5,142
157,-31.5,142
158,-31.5,81
159,-31.5,81
160,-31.5,81
161,-31.5,81
162,-31.5,81
163,-31.5,81
164,-31.5,81
165,-31.5,81
166,-31.5,81
167,-31.5,81
168,-31.5,81
169,-31.5,81
170,-31.5,81
171,-31.5,81
172,-31.5,81
173,-31.5,81
174,-31.5,81
175,-31.5,81
176,-31.5,81
177,-31.5,81
178,-31.5,81
179,-31.5,81
-179,-32.5,81
-178,-32.5,81
-177,-32.5,81
-176,-32.5,81
-175,-32.5,81
-174,-32.5,81
-173,-32.5,81
-172,-32.5,81
-171,-32.5,81
-170,-32.5,81
-169,-32.5,81
-168,-32.5,81
-167,-32.5,81
-166,-32.5,81
-165,-32.5,81
-164,-32.5,81
-163,-32.5,81
-162,-32.5,81
-161,-32.5,81
-160,-32.5,81
-159,-32.5,81
-158,-32.5,81
-157,-32.5,81
-156,-32.5,81
-155,-32.5,81
-154,-32.5,81
-153,-32.5,81
-152,-32.5,81
-151,-32.5,81
-150,-32.5,81
-149,-32.5,81
-148,-32.5,81
-147,-32.5,81
-146,-32.5,81
-145,-32.5,81
-144,-32.5,81
-143,-32.5,81
-142,-32.5,81
-141,-32.5,81
-140,-32.5,81
-139,-32.5,81
-138,-32.5,81
-137,-32.5,81
-136,-32.5,81
-135,-32.5,81
-134,-32.5,81
-133,-32.5,81
-132,-32.5,81
-131,-32.5,81
-130,-32.5,81
-129,-32.5,81
-128,-32.5,81
-127,-32.5,81
-126,-32.5,81
-125,-32.5,81
-124,-32.5,81
-123,-32.5,81
-122,-32.5,81
-121,-32.5,81
-120,-32.5,81
-119,-32.5,87
-118,-32.5,87
-117,-32.5,87
-116,-32.5,87
-115,-32.5,87
-114,-32.5,87
-113,-32.5,87
-112,-32.5,87
-111,-32.5,87
-110,-32.5,87
-109,-32.5,87
-108,-32.5,87
-107,-32.5,87
-106,-32.5,87
-105,-32.5,87
-104,-32.5,87
-103,-32.5,87
-102,-32.5,87
-101,-32.5,87
-100,-32.5,87
-99,-32.5,87
-98,-32.5,87
-97,-32.5,87
-96,-32.5,87
-95,-32.5,87
-94,-32.5,87
-93,-32.5,87
-92,-32.5,87
-91,-32.5,87
-90,-32.5,87
-89,-32.5,87
-88,-32.5,87
-87,-32.5,87
-86,-32.5,87
-85,-32.5,87
-84,-32.5,87
-83,-32.5,87
-82,-32.5,87
-81,-32.5,87
-80,-32.5,87
-79,-32.5,87
-78,-32.5,87
-77,-32.5,87
-76,-32.5,136
-75,-32.5,136
-74,-32.5,136
-73,-32.5,136
-72,-32.5,136
-52,-32.5,143
-51,-32.5,143
-50,-32.5,143
-49,-32.5,41
-48,-32.5,41
-47,-32.5,41
-46,-32.5,41
-45,-32.5,41
-44,-32.5,41
-43,-32.5,41
-42,-32.5,41
-41,-32.5,41
-40,-32.5,41
-39,-32.5,41
-38,-32.5,41
-37,-32.5,41
-36,-32.5,41
-35,-32.5,41
-34,-32.5,41
-33,-32.5,41
-32,-32.5,41
-31,-32.5,41
-30,-32.5,41
-29,-32.5,41
-28,-32.5,41
-27,-32.5,41
-26,-32.5,41
-25,-32.5,41
-24,-32.5,41
-23,-32.5,41
-22,-32.5,41
-21,-32.5,41
-20,-32.5,41
-19,-32.5,47
-18,-32.5,47
-17,-32.5,47
-16,-32.5,47
-15,-32.5,47
-14,-32.5,47
-13,-32.5,47
-12,-32.5,47
-11,-32.5,47
-10,-32.5,47
-9,-32.5,47
-8,-32.5,47
-7,-32.5,47
-6,-32.5,47
-5,-32.5,47
-4,-32.5,47
-3,-32.5,47
-2,-32.5,47
-1,-32.5,47
0,-32.5,47
1,-32.5,47
2,-32.5,47
3,-32.5,47
4,-32.5,47
5,-32.5,47
6,-32.5,47
7,-32.5,47
8,-32.5,47
9,-32.5,47
10,-32.5,47
11,-32.5,47
12,-32.5,47
13,-32.5,47
14,-32.5,137
15,-32.5,137
16,-32.5,137
17,-32.5,137
18,-32.5,137
29,-32.5,140
30,-32.5,140
31,-32.5,140
32,-32.5,140
33,-32.5,51
34,-32.5,51
35,-32.5,51
36,-32.5,51
37,-32.5,51
38,-32.5,51
39,-32.5,51
40,-32.5,51
41,-32.5,51
42,-32.5,51
43,-32.5,51
44,-32.5,51
45,-32.5,51
46,-32.5,51
47,-32.5,51
48,-32.5,51
49,-32.5,51
50,-32.5,51
51,-32.5,51
52,-32.5,51
53,-32.5,51
54,-32.5,51
55,-32.5,51
56,-32.5,51
57,-32.5,51
58,-32.5,51
59,-32.5,51
60,-32.5,51
61,-32.5,51
62,-32.5,51
63,-32.5,51
64,-32.5,51
65,-32.5,51
66,-32.5,51
67,-32.5,51
68,-32.5,51
69,-32.5,51
70,-32.5,51
71,-32.5,51
72,-32.5,51
73,-32.5,51
74,-32.5,51
75,-32.5,51
76,-32.5,51
77,-32.5,51
78,-32.5,51
79,-32.5,51
80,-32.5,51
81,-32.5,57
82,-32.5,57
83,-32.5,57
84,-32.5,57
85,-32.5,57
86,-32.5,57
87,-32.5,57
88,-32.5,57
89,-32.5,57
90,-32.5,57
91,-32.5,57
92,-32.5,57
93,-32.5,57
94,-32.5,57
95,-32.5,57
96,-32.5,57
97,-32.5,57
98,-32.5,57
99,-32.5,57
100,-32.5,57
101,-32.5,57
102,-32.5,57
103,-32.5,57
104,-32.5,57
105,-32.5,57
106,-32.5,57
107,-32.5,57
108,-32.5,57
109,-32.5,57
110,-32.5,57
111,-32.5,57
112,-32.5,149
113,-32.5,149
114,-32.5,149
115,-32.5,149
126,-32.5,148
127,-32.5,148
128,-32.5,148
129,-32.5,148
130,-32.5,148
131,-32.5,148
132,-32.5,148
133,-32.5,148
153,-32.5,142
154,-32.5,142
155,-32.5,142
156,-32.5,142
157,-32.5,81
158,-32.5,81
159,-32.5,81
160,-32.5,81
161,-32.5,81
162,-32.5,81
163,-32.5,81
164,-32.5,81
165,-32.5,81
166,-32.5,81
167,-32.5,81
168,-32.5,81
169,-32.5,81
170,-32.5,144
171,-32.5,144
172,-32.5,81
173,-32.5,81
174,-32.5,81
175,-32.5,81
176,-32.5,81
177,-32.5,81
178,-32.5,81
179,-32.5,81
-179,-33.5,81
-178,-33.5,81
-177,-33.5,81
-176,-33.5,81
-175,-33.5,81
-174,-33.5,81
-173,-33.5,81
-172,-33.5,81
-171,-33.5,81
-170,-33.5,81
-169,-33.5,81
-168,-33.5,81
-167,-33.5,81
-166,-33.5,81
-165,-33.5,81
-164,-33.5,81
-163,-33.5,81
-162,-33.5,81
-161,-33.5,81
-160,-33.5,81
-159,-33.5,81
-158,-33.5,81
-157,-33.5,81
-156,-33.5,81
-155,-33.5,81
-154,-33.5,81
-153,-33.5,81
-152,-33.5,81
-151,-33.5,81
-150,-33.5,81
-149,-33.5,81
-148,-33.5,81
-147,-33.5,81
-146,-33.5,81
-145,-33.5,81
-144,-33.5,81
-143,-33.5,81
-142,-33.5,81
-141,-33.5,81
-140,-33.5,81
-139,-33.5,81
-138,-33.5,81
-137,-33.5,81
-136,-33.5,81
-135,-33.5,81
-134,-33.5,81
-133,-33.5,81
-132,-33.5,81
-131,-33.5,81
-130,-33.5,81
-129,-33.5,81
-128,-33.5,81
-127,-33.5,81
-126,-33.5,81
-125,-33.5,81
-124,-33.5,81
-123,-33.5,81
-122,-33.5,81
-121,-33.5,81
-120,-33.5,81
-119,-33.5,87
-118,-33.5,87
-117,-33.5,87
-116,-33.5,87
-115,-33.5,87
-114,-33.5,87
-113,-33.5,87
-112,-33.5,87
-111,-33.5,87
-110,-33.5,87
-109,-33.5,87
-108,-33.5,87
-107,-33.5,87
-106,-33.5,87
-105,-33.5,87
-104,-33.5,87
-103,-33.5,87
-102,-33.5,87
-101,-33.5,87
-100,-33.5,87
-99,-33.5,87
-98,-33.5,87
-97,-33.5,87
-96,-33.5,87
-95,-33.5,87
-94,-33.5,87
-93,-33.5,87
-92,-33.5,87
-91,-33.5,87
-90,-33.5,87
-89,-33.5,87
-88,-33.5,87
-87,-33.5,87
-86,-33.5,87
-85,-33.5,87
-84,-33.5,87
-83,-33.5,87
-82,-33.5,87
-81,-33.5,87
-80,-33.5,87
-79,-33.5,87
-78,-33.5,87
-77,-33.5,87
-76,-33.5,136
-75,-33.5,136
-74,-33.5,136
-73,-33.5,136
-72,-33.5,136
-53,-33.5,143
-52,-33.5,143
-51,-33.5,143
-50,-33.5,41
-49,-33.5,41
-48,-33.5,41
-47,-33.5,41
-46,-33.5,41
-45,-33.5,41
-44,-33.5,41
-43,-33.5,41
-42,-33.5,41
-41,-33.5,41
-40,-33.5,41
-39,-33.5,41
-38,-33.5,41
-37,-33.5,41
-36,-33.5,41
-35,-33.5,41
-34,-33.5,41
-33,-33.5,41
-32,-33.5,41
-31,-33.5,41
-30,-33.5,41
-29,-33.5,41
-28,-33.5,41
-27,-33.5,41
-26,-33.5,41
-25,-33.5,41
-24,-33.5,41
-23,-33.5,41
-22,-33.5,41
-21,-33.5,41
-20,-33.5,41
-19,-33.5,47
-18,-33.5,47
-17,-33.5,47
-16,-33.5,47
-15,-33.5,47
-14,-33.5,47
-13,-33.5,47
-12,-33.5,47
-11,-33.5,47
-10,-33.5,47
-9,-33.5,47
-8,-33.5,47
-7,-33.5,47
-6,-33.5,47
-5,-33.5,47
-4,-33.5,47
-3,-33.5,47
-2,-33.5,47
-1,-33.5,47
0,-33.5,47
1,-33.5,47
2,-33.5,47
3,-33.5,47
4,-33.5,47
5,-33.5,47
6,-33.5,47
7,-33.5,47
8,-33.5,47
9,-33.5,47
10,-33.5,47
11,-33.5,47
12,-33.5,47
13,-33.5,47
14,-33.5,137
15,-33.5,137
16,-33.5,137
17,-33.5,137
18,-33.5,137
28,-33.5,140
29,-33.5,140
30,-33.5,140
31,-33.5,51
32,-33.5,51
33,-33.5,51
34,-33.5,51
35,-33.5,51
36,-33.5,51
37,-33.5,51
38,-33.5,51
39,-33.5,51
40,-33.5,51
41,-33.5,51
42,-33.5,51
43,-33.5,51
44,-33.5,51
45,-33.5,51
46,-33.5,51
47,-33.5,51
48,-33.5,51
49,-33.5,51
50,-33.5,51
51,-33.5,51
52,-33.5,51
53,-33.5,51
54,-33.5,51
55,-33.5,51
56,-33.5,51
57,-33.5,51
58,-33.5,51
59,-33.5,51
60,-33.5,51
61,-33.5,51
62,-33.5,51
63,-33.5,51
64,-33.5,51
65,-33.5,51
66,-33.5,51
67,-33.5,51
68,-33.5,51
69,-33.5,51
70,-33.5,51
71,-33.5,51
72,-33.5,51
73,-33.5,51
74,-33.5,51
75,-33.5,51
76,-33.5,51
77,-33.5,51
78,-33.5,51
79,-33.5,51
80,-33.5,51
81,-33.5,57
82,-33.5,57
83,-33.5,57
84,-33.5,57
85,-33.5,57
86,-33.5,57
87,-33.5,57
88,-33.5,57
89,-33.5,57
90,-33.5,57
91,-33.5,57
92,-33.5,57
93,-33.5,57
94,-33.5,57
95,-33.5,57
96,-33.5,57
97,-33.5,57
98,-33.5,57
99,-33.5,57
100,-33.5,57
101,-33.5,57
102,-33.5,57
103,-33.5,57
104,-33.5,57
105,-33.5,57
106,-33.5,57
107,-33.5,57
108,-33.5,57
109,-33.5,57
110,-33.5,57
111,-33.5,148
112,-33.5,148
113,-33.5,149
114,-33.5,149
115,-33.5,149
124,-33.5,148
125,-33.5,148
126,-33.5,148
127,-33.5,148
128,-33.5,148
129,-33.5,148
130,-33.5,148
131,-33.5,148
132,-33.5,148
133,-33.5,148
134,-33.5,148
152,-33.5,142
153,-33.5,142
154,-33.5,142
155,-33.5,142
156,-33.5,142
157,-33.5,81
158,-33.5,81
159,-33.5,81
160,-33.5,81
161,-33.5,81
162,-33.5,81
163,-33.5,81
164,-33.5,81
165,-33.5,81
166,-33.5,81
167,-33.5,81
168,-33.5,81
169,-33.5,81
170,-33.5,81
171,-33.5,144
172,-33.5,144
173,-33.5,81
174,-33.5,81
175,-33.5,81
176,-33.5,81
177,-33.5,81
178,-33.5,81
179,-33.5,81
-179,-34.5,81
-178,-34.5,81
-177,-34.5,81
-176,-34.5,81
-175,-34.5,81
-174,-34.5,81
-173,-34.5,81
-172,-34.5,81
-171,-34.5,81
-170,-34.5,81
-169,-34.5,81
-168,-34.5,81
-167,-34.5,81
-166,-34.5,81
-165,-34.5,81
-164,-34.5,81
-163,-34.5,81
-162,-34.5,81
-161,-34.5,81
-160,-34.5,81
-159,-34.5,81
-158,-34.5,81
-157,-34.5,81
-156,-34.5,81
-155,-34.5,81
-154,-34.5,81
-153,-34.5,81
-152,-34.5,81
-151,-34.5,81
-150,-34.5,81
-149,-34.5,81
-148,-34.5,81
-147,-34.5,81
-146,-34.5,81
-145,-34.5,81
-144,-34.5,81
-143,-34.5,81
-142,-34.5,81
-141,-34.5,81
-140,-34.5,81
-139,-34.5,81
-138,-34.5,81
-137,-34.5,81
-136,-34.5,81
-135,-34.5,81
-134,-34.5,81
-133,-34.5,81
-132,-34.5,81
-131,-34.5,81
-130,-34.5,81
-129,-34.5,81
-128,-34.5,81
-127,-34.5,81
-126,-34.5,81
-125,-34.5,81
-124,-34.5,81
-123,-34.5,81
-122,-34.5,81
-121,-34.5,81
-120,-34.5,81
-119,-34.5,87
-118,-34.5,87
-117,-34.5,87
-116,-34.5,87
-115,-34.5,87
-114,-34.5,87
-113,-34.5,87
-112,-34.5,87
-111,-34.5,87
-110,-34.5,87
-109,-34.5,87
-108,-34.5,87
-107,-34.5,87
-106,-34.5,87
-105,-34.5,87
-104,-34.5,87
-103,-34.5,87
-102,-34.5,87
-101,-34.5,87
-100,-34.5,87
-99,-34.5,87
-98,-34.5,87
-97,-34.5,87
-96,-34.5,87
-95,-34.5,87
-94,-34.5,87
-93,-34.5,87
-92,-34.5,87
-91,-34.5,87
-90,-34.5,87
-89,-34.5,87
-88,-34.5,87
-87,-34.5,87
-86,-34.5,87
-85,-34.5,87
-84,-34.5,87
-83,-34.5,87
-82,-34.5,87
-81,-34.5,87
-80,-34.5,87
-79,-34.5,87
-78,-34.5,87
-77,-34.5,87
-76,-34.5,136
-75,-34.5,136
-74,-34.5,136
-73,-34.5,136
-58,-34.5,145
-53,-34.5,145
-52,-34.5,143
-51,-34.5,41
-50,-34.5,41
-49,-34.5,41
-48,-34.5,41
-47,-34.5,41
-46,-34.5,41
-45,-34.5,41
-44,-34.5,41
-43,-34.5,41
-42,-34.5,41
-41,-34.5,41
-40,-34.5,41
-39,-34.5,41
-38,-34.5,41
-37,-34.5,41
-36,-34.5,41
-35,-34.5,41
-34,-34.5,41
-33,-34.5,41
-32,-34.5,41
-31,-34.5,41
-30,-34.5,41
-29,-34.5,41
-28,-34.5,41
-27,-34.5,41
-26,-34.5,41
-25,-34.5,41
-24,-34.5,41
-23,-34.5,41
-22,-34.5,41
-21,-34.5,41
-20,-34.5,41
-19,-34.5,47
-18,-34.5,47
-17,-34.5,47
-16,-34.5,47
-15,-34.5,47
-14,-34.5,47
-13,-34.5,47
-12,-34.5,47
-11,-34.5,47
-10,-34.5,47
-9,-34.5,47
-8,-34.5,47
-7,-34.5,47
-6,-34.5,47
-5,-34.5,47
-4,-34.5,47
-3,-34.5,47
-2,-34.5,47
-1,-34.5,47
0,-34.5,47
1,-34.5,47
2,-34.5,47
3,-34.5,47
4,-34.5,47
5,-34.5,47
6,-34.5,47
7,-34.5,47
8,-34.5,47
9,-34.5,47
10,-34.5,47
11,-34.5,47
12,-34.5,47
13,-34.5,47
14,-34.5,47
15,-34.5,137
16,-34.5,137
17,-34.5,137
18,-34.5,137
19,-34.5,137
21,-34.5,140
22,-34.5,140
23,-34.5,140
24,-34.5,140
25,-34.5,140
26,-34.5,140
27,-34.5,140
28,-34.5,140
29,-34.5,140
30,-34.5,47
31,-34.5,51
32,-34.5,51
33,-34.5,51
34,-34.5,51
35,-34.5,51
36,-34.5,51
37,-34.5,51
38,-34.5,51
39,-34.5,51
40,-34.5,51
41,-34.5,51
42,-34.5,51
43,-34.5,51
44,-34.5,51
45,-34.5,51
46,-34.5,51
47,-34.5,51
48,-34.5,51
49,-34.5,51
50,-34.5,51
51,-34.5,51
52,-34.5,51
53,-34.5,51
54,-34.5,51
55,-34.5,51
56,-34.5,51
57,-34.5,51
58,-34.5,51
59,-34.5,51
60,-34.5,51
61,-34.5,51
62,-34.5,51
63,-34.5,51
64,-34.5,51
65,-34.5,51
66,-34.5,51
67,-34.5,51
68,-34.5,51
69,-34.5,51
70,-34.5,51
71,-34.5,51
72,-34.5,51
73,-34.5,51
74,-34.5,51
75,-34.5,51
76,-34.5,51
77,-34.5,51
78,-34.5,51
79,-34.5,51
80,-34.5,51
81,-34.5,57
82,-34.5,57
83,-34.5,57
84,-34.5,57
85,-34.5,57
86,-34.5,57
87,-34.5,57
88,-34.5,57
89,-34.5,57
90,-34.5,57
91,-34.5,57
92,-34.5,57
93,-34.5,57
94,-34.5,57
95,-34.5,57
96,-34.5,57
97,-34.5,57
98,-34.5,57
99,-34.5,57
100,-34.5,57
101,-34.5,57
102,-34.5,57
103,-34.5,57
104,-34.5,57
105,-34.5,57
106,-34.5,57
107,-34.5,57
108,-34.5,57
109,-34.5,57
110,-34.5,57
111,-34.5,148
112,-34.5,148
113,-34.5,148
114,-34.5,148
115,-34.5,148
119,-34.5,148
120,-34.5,148
121,-34.5,148
122,-34.5,148
123,-34.5,148
124,-34.5,148
125,-34.5,148
126,-34.5,148
127,-34.5,148
128,-34.5,148
129,-34.5,148
130,-34.5,148
131,-34.5,148
132,-34.5,148
133,-34.5,148
134,-34.5,148
135,-34.5,148
137,-34.5,148
138,-34.5,148
151,-34.5,142
152,-34.5,142
153,-34.5,142
154,-34.5,142
155,-34.5,142
156,-34.5,81
157,-34.5,81
158,-34.5,81
159,-34.5,81
160,-34.5,81
161,-34.5,81
162,-34.5,81
163,-34.5,81
164,-34.5,81
165,-34.5,81
166,-34.5,81
167,-34.5,81
168,-34.5,81
169,-34.5,81
170,-34.5,81
171,-34.5,81
172,-34.5,144
174,-34.5,144
175,-34.5,81
176,-34.5,81
177,-34.5,81
178,-34.5,81
179,-34.5,81
-179,-35.5,81
-178,-35.5,81
-177,-35.5,81
-176,-35.5,81
-175,-35.5,81
-174,-35.5,81
-173,-35.5,81
-172,-35.5,81
-171,-35.5,81
-170,-35.5,81
-169,-35.5,81
-168,-35.5,81
-167,-35.5,81
-166,-35.5,81
-165,-35.5,81
-164,-35.5,81
-163,-35.5,81
-162,-35.5,81
-161,-35.5,81
-160,-35.5,81
-159,-35.5,81
-158,-35.5,81
-157,-35.5,81
-156,-35.5,81
-155,-35.5,81
-154,-35.5,81
-153,-35.5,81
-152,-35.5,81
-151,-35.5,81
-150,-35.5,81
-149,-35.5,81
-148,-35.5,81
-147,-35.5,81
-146,-35.5,81
-145,-35.5,81
-144,-35.5,81
-143,-35.5,81
-142,-35.5,81
-141,-35.5,81
-140,-35.5,81
-139,-35.5,81
-138,-35.5,81
-137,-35.5,81
-136,-35.5,81
-135,-35.5,81
-134,-35.5,81
-133,-35.5,81
-132,-35.5,81
-131,-35.5,81
-130,-35.5,81
-129,-35.5,81
-128,-35.5,81
-127,-35.5,81
-126,-35.5,81
-125,-35.5,81
-124,-35.5,81
-123,-35.5,81
-122,-35.5,81
-121,-35.5,81
-120,-35.5,81
-119,-35.5,87
-118,-35.5,87
-117,-35.5,87
-116,-35.5,87
-115,-35.5,87
-114,-35.5,87
-113,-35.5,87
-112,-35.5,87
-111,-35.5,87
-110,-35.5,87
-109,-35.5,87
-108,-35.5,87
-107,-35.5,87
-106,-35.5,87
-105,-35.5,87
-104,-35.5,87
-103,-35.5,87
-102,-35.5,87
-101,-35.5,87
-100,-35.5,87
-99,-35.5,87
-98,-35.5,87
-97,-35.5,87
-96,-35.5,87
-95,-35.5,87
-94,-35.5,87
-93,-35.5,87
-92,-35.5,87
-91,-35.5,87
-90,-35.5,87
-89,-35.5,87
-88,-35.5,87
-87,-35.5,87
-86,-35.5,87
-85,-35.5,87
-84,-35.5,87
-83,-35.5,87
-82,-35.5,87
-81,-35.5,87
-80,-35.5,87
-79,-35.5,87
-78,-35.5,87
-77,-35.5,87
-76,-35.5,136
-75,-35.5,136
-74,-35.5,136
-73,-35.5,136
-57,-35.5,145
-56,-35.5,145
-55,-35.5,145
-54,-35.5,145
-53,-35.5,145
-52,-35.5,145
-51,-35.5,41
-50,-35.5,41
-49,-35.5,41
-48,-35.5,41
-47,-35.5,41
-46,-35.5,41
-45,-35.5,41
-44,-35.5,41
-43,-35.5,41
-42,-35.5,41
-41,-35.5,41
-40,-35.5,41
-39,-35.5,41
-38,-35.5,41
-37,-35.5,41
-36,-35.5,41
-35,-35.5,41
-34,-35.5,41
-33,-35.5,41
-32,-35.5,41
-31,-35.5,41
-30,-35.5,41
-29,-35.5,41
-28,-35.5,41
-27,-35.5,41
-26,-35.5,41
-25,-35.5,41
-24,-35.5,41
-23,-35.5,41
-22,-35.5,41
-21,-35.5,41
-20,-35.5,41
-19,-35.5,47
-18,-35.5,47
-17,-35.5,47
-16,-35.5,47
-15,-35.5,47
-14,-35.5,47
-13,-35.5,47
-12,-35.5,47
-11,-35.5,47
-10,-35.5,47
-9,-35.5,47
-8,-35.5,47
-7,-35.5,47
-6,-35.5,47
-5,-35.5,47
-4,-35.5,47
-3,-35.5,47
-2,-35.5,47
-1,-35.5,47
0,-35.5,47
1,-35.5,47
2,-35.5,47
3,-35.5,47
4,-35.5,47
5,-35.5,47
6,-35.5,47
7,-35.5,47
8,-35.5,47
9,-35.5,47
10,-35.5,47
11,-35.5,47
12,-35.5,47
13,-35.5,47
14,-35.5,47
15,-35.5,47
16,-35.5,137
17,-35.5,137
18,-35.5,137
19,-35.5,137
20,-35.5,140
21,-35.5,140
22,-35.5,140
23,-35.5,140
24,-35.5,140
25,-35.5,140
26,-35.5,140
27,-35.5,47
28,-35.5,47
29,-35.5,47
30,-35.5,47
31,-35.5,51
32,-35.5,51
33,-35.5,51
34,-35.5,51
35,-35.5,51
36,-35.5,51
37,-35.5,51
38,-35.5,51
39,-35.5,51
40,-35.5,51
41,-35.5,51
42,-35.5,51
43,-35.5,51
44,-35.5,51
45,-35.5,51
46,-35.5,51
47,-35.5,51
48,-35.5,51
49,-35.5,51
50,-35.5,51
51,-35.5,51
52,-35.5,51
53,-35.5,51
54,-35.5,51
55,-35.5,51
56,-35.5,51
57,-35.5,51
58,-35.5,51
59,-35.5,51
60,-35.5,51
61,-35.5,51
62,-35.5,51
63,-35.5,51
64,-35.5,51
65,-35.5,51
66,-35.5,51
67,-35.5,51
68,-35.5,51
69,-35.5,51
70,-35.5,51
71,-35.5,51
72,-35.5,51
73,-35.5,51
74,-35.5,51
75,-35.5,51
76,-35.5,51
77,-35.5,51
78,-35.5,51
79,-35.5,51
80,-35.5,51
81,-35.5,57
82,-35.5,57
83,-35.5,57
84,-35.5,57
85,-35.5,57
86,-35.5,57
87,-35.5,57
88,-35.5,57
89,-35.5,57
90,-35.5,57
91,-35.5,57
92,-35.5,57
93,-35.5,57
94,-35.5,57
95,-35.5,57
96,-35.5,57
97,-35.5,57
98,-35.5,57
99,-35.5,57
100,-35.5,57
101,-35.5,57
102,-35.5,57
103,-35.5,57
104,-35.5,57
105,-35.5,57
106,-35.5,57
107,-35.5,57
108,-35.5,57
109,-35.5,57
110,-35.5,57
111,-35.5,57
112,-35.5,148
113,-35.5,148
114,-35.5,148
115,-35.5,148
116,-35.5,148
117,-35.5,148
118,-35.5,148
119,-35.5,148
120,-35.5,148
121,-35.5,148
122,-35.5,148
123,-35.5,148
124,-35.5,148
125,-35.5,148
126,-35.5,148
127,-35.5,148
128,-35.5,148
129,-35.5,57
130,-35.5,57
131,-35.5,148
132,-35.5,148
133,-35.5,148
134,-35.5,148
135,-35.5,148
136,-35.5,148
137,-35.5,148
138,-35.5,148
151,-35.5,142
152,-35.5,142
153,-35.5,142
154,-35.5,142
155,-35.5,81
156,-35.5,81
157,-35.5,81
158,-35.5,81
159,-35.5,81
160,-35.5,81
161,-35.5,81
162,-35.5,81
163,-35.5,81
164,-35.5,81
165,-35.5,81
166,-35.5,81
167,-35.5,81
168,-35.5,81
169,-35.5,81
170,-35.5,81
171,-35.5,81
172,-35.5,144
173,-35.5,144
175,-35.5,144
176,-35.5,81
177,-35.5,81
178,-35.5,81
179,-35.5,81
-179,-36.5,81
-178,-36.5,81
-177,-36.5,81
-176,-36.5,81
-175,-36.5,81
-174,-36.5,81
-173,-36.5,81
-172,-36.5,81
-171,-36.5,81
-170,-36.5,81
-169,-36.5,81
-168,-36.5,81
-167,-36.5,81
-166,-36.5,81
-165,-36.5,81
-164,-36.5,81
-163,-36.5,81
-162,-36.5,81
-161,-36.5,81
-160,-36.5,81
-159,-36.5,81
-158,-36.5,81
-157,-36.5,81
-156,-36.5,81
-155,-36.5,81
-154,-36.5,81
-153,-36.5,81
-152,-36.5,81
-151,-36.5,81
-150,-36.5,81
-149,-36.5,81
-148,-36.5,81
-147,-36.5,81
-146,-36.5,81
-145,-36.5,81
-144,-36.5,81
-143,-36.5,81
-142,-36.5,81
-141,-36.5,81
-140,-36.5,81
-139,-36.5,81
-138,-36.5,81
-137,-36.5,81
-136,-36.5,81
-135,-36.5,81
-134,-36.5,81
-133,-36.5,81
-132,-36.5,81
-131,-36.5,81
-130,-36.5,81
-129,-36.5,81
-128,-36.5,81
-127,-36.5,81
-126,-36.5,81
-125,-36.5,81
-124,-36.5,81
-123,-36.5,81
-122,-36.5,81
-121,-36.5,81
-120,-36.5,81
-119,-36.5,87
-118,-36.5,87
-117,-36.5,87
-116,-36.5,87
-115,-36.5,87
-114,-36.5,87
-113,-36.5,87
-112,-36.5,87
-111,-36.5,87
-110,-36.5,87
-109,-36.5,87
-108,-36.5,87
-107,-36.5,87
-106,-36.5,87
-105,-36.5,87
-104,-36.5,87
-103,-36.5,87
-102,-36.5,87
-101,-36.5,87
-100,-36.5,87
-99,-36.5,87
-98,-36.5,87
-97,-36.5,87
-96,-36.5,87
-95,-36.5,87
-94,-36.5,87
-93,-36.5,87
-92,-36.5,87
-91,-36.5,87
-90,-36.5,87
-89,-36.5,87
-88,-36.5,87
-87,-36.5,87
-86,-36.5,87
-85,-36.5,87
-84,-36.5,87
-83,-36.5,87
-82,-36.5,87
-81,-36.5,87
-80,-36.5,87
-79,-36.5,87
-78,-36.5,87
-77,-36.5,87
-76,-36.5,136
-75,-36.5,136
-74,-36.5,136
-73,-36.5,136
-56,-36.5,145
-55,-36.5,145
-54,-36.5,145
-53,-36.5,145
-52,-36.5,41
-51,-36.5,41
-50,-36.5,41
-49,-36.5,41
-48,-36.5,41
-47,-36.5,41
-46,-36.5,41
-45,-36.5,41
-44,-36.5,41
-43,-36.5,41
-42,-36.5,41
-41,-36.5,41
-40,-36.5,41
-39,-36.5,41
-38,-36.5,41
-37,-36.5,41
-36,-36.5,41
-35,-36.5,41
-34,-36.5,41
-33,-36.5,41
-32,-36.5,41
-31,-36.5,41
-30,-36.5,41
-29,-36.5,41
-28,-36.5,41
-27,-36.5,41
-26,-36.5,41
-25,-36.5,41
-24,-36.5,41
-23,-36.5,41
-22,-36.5,41
-21,-36.5,41
-20,-36.5,41
-19,-36.5,47
-18,-36.5,47
-17,-36.5,47
-16,-36.5,47
-15,-36.5,47
-14,-36.5,47
-13,-36.5,47
-12,-36.5,47
-11,-36.5,47
-10,-36.5,47
-9,-36.5,47
-8,-36.5,47
-7,-36.5,47
-6,-36.5,47
-5,-36.5,47
-4,-36.5,47
-3,-36.5,47
-2,-36.5,47
-1,-36.5,47
0,-36.5,47
1,-36.5,47
2,-36.5,47
3,-36.5,47
4,-36.5,47
5,-36.5,47
6,-36.5,47
7,-36.5,47
8,-36.5,47
9,-36.5,47
10,-36.5,47
11,-36.5,47
12,-36.5,47
13,-36.5,47
14,-36.5,47
15,-36.5,47
16,-36.5,47
17,-36.5,47
18,-36.5,137
19,-36.5,140
20,-36.5,140
21,-36.5,140
22,-36.5,140
23,-36.5,140
24,-36.5,140
25,-36.5,47
26,-36.5,47
27,-36.5,47
28,-36.5,47
29,-36.5,47
30,-36.5,47
31,-36.5,51
32,-36.5,51
33,-36.5,51
34,-36.5,51
35,-36.5,51
36,-36.5,51
37,-36.5,51
38,-36.5,51
39,-36.5,51
40,-36.5,51
41,-36.5,51
42,-36.5,51
43,-36.5,51
44,-36.5,51
45,-36.5,51
46,-36.5,51
47,-36.5,51
48,-36.5,51
49,-36.5,51
50,-36.5,51
51,-36.5,51
52,-36.5,51
53,-36.5,51
54,-36.5,51
55,-36.5,51
56,-36.5,51
57,-36.5,51
58,-36.5,51
59,-36.5,51
60,-36.5,51
61,-36.5,51
62,-36.5,51
63,-36.5,51
64,-36.5,51
65,-36.5,51
66,-36.5,51
67,-36.5,51
68,-36.5,51
69,-36.5,51
70,-36.5,51
71,-36.5,51
72,-36.5,51
73,-36.5,51
74,-36.5,51
75,-36.5,51
76,-36.5,51
77,-36.5,51
78,-36.5,51
79,-36.5,51
80,-36.5,51
81,-36.5,57
82,-36.5,57
83,-36.5,57
84,-36.5,57
85,-36.5,57
86,-36.5,57
87,-36.5,57
88,-36.5,57
89,-36.5,57
90,-36.5,57
91,-36.5,57
92,-36.5,57
93,-36.5,57
94,-36.5,57
95,-36.5,57
96,-36.5,57
97,-36.5,57
98,-36.5,57
99,-36.5,57
100,-36.5,57
101,-36.5,57
102,-36.5,57
103,-36.5,57
104,-36.5,57
105,-36.5,57
106,-36.5,57
107,-36.5,57
108,-36.5,57
109,-36.5,57
110,-36.5,57
111,-36.5,57
112,-36.5,148
113,-36.5,148
114,-36.5,148
115,-36.5,148
116,-36.5,148
117,-36.5,148
118,-36.5,148
119,-36.5,148
120,-36.5,148
121,-36.5,148
122,-36.5,148
123,-36.5,148
124,-36.5,148
125,-36.5,148
126,-36.5,148
127,-36.5,57
128,-36.5,57
129,-36.5,57
130,-36.5,57
131,-36.5,57
132,-36.5,148
133,-36.5,148
134,-36.5,148
135,-36.5,148
136,-36.5,148
137,-36.5,146
138,-36.5,146
139,-36.5,146
151,-36.5,146
152,-36.5,146
153,-36.5,146
154,-36.5,146
155,-36.5,81
156,-36.5,81
157,-36.5,81
158,-36.5,81
159,-36.5,81
160,-36.5,81
161,-36.5,81
162,-36.5,81
163,-36.5,81
164,-36.5,81
165,-36.5,81
166,-36.5,81
167,-36.5,81
168,-36.5,81
169,-36.5,81
170,-36.5,144
171,-36.5,144
172,-36.5,144
173,-36.5,144
174,-36.5,144
175,-36.5,144
176,-36.5,144
177,-36.5,144
178,-36.5,81
179,-36.5,81
-179,-37.5,81
-178,-37.5,81
-177,-37.5,81
-176,-37.5,81
-175,-37.5,81
-174,-37.5,81
-173,-37.5,81
-172,-37.5,81
-171,-37.5,81
-170,-37.5,81
-169,-37.5,81
-168,-37.5,81
-167,-37.5,81
-166,-37.5,81
-165,-37.5,81
-164,-37.5,81
-163,-37.5,81
-162,-37.5,81
-161,-37.5,81
-160,-37.5,81
-159,-37.5,81
-158,-37.5,81
-157,-37.5,81
-156,-37.5,81
-155,-37.5,81
-154,-37.5,81
-153,-37.5,81
-152,-37.5,81
-151,-37.5,81
-150,-37.5,81
-149,-37.5,81
-148,-37.5,81
-147,-37.5,81
-146,-37.5,81
-145,-37.5,81
-144,-37.5,81
-143,-37.5,81
-142,-37.5,81
-141,-37.5,81
-140,-37.5,81
-139,-37.5,81
-138,-37.5,81
-137,-37.5,81
-136,-37.5,81
-135,-37.5,81
-134,-37.5,81
-133,-37.5,81
-132,-37.5,81
-131,-37.5,81
-130,-37.5,81
-129,-37.5,81
-128,-37.5,81
-127,-37.5,81
-126,-37.5,81
-125,-37.5,81
-124,-37.5,81
-123,-37.5,81
-122,-37.5,81
-121,-37.5,81
-120,-37.5,81
-119,-37.5,87
-118,-37.5,87
-117,-37.5,87
-116,-37.5,87
-115,-37.5,87
-114,-37.5,87
-113,-37.5,87
-112,-37.5,87
-111,-37.5,87
-110,-37.5,87
-109,-37.5,87
-108,-37.5,87
-107,-37.5,87
-106,-37.5,87
-105,-37.5,87
-104,-37.5,87
-103,-37.5,87
-102,-37.5,87
-101,-37.5,87
-100,-37.5,87
-99,-37.5,87
-98,-37.5,87
-97,-37.5,87
-96,-37.5,87
-95,-37.5,87
-94,-37.5,87
-93,-37.5,87
-92,-37.5,87
-91,-37.5,87
-90,-37.5,87
-89,-37.5,87
-88,-37.5,87
-87,-37.5,87
-86,-37.5,87
-85,-37.5,87
-84,-37.5,87
-83,-37.5,87
-82,-37.5,87
-81,-37.5,87
-80,-37.5,87
-79,-37.5,87
-78,-37.5,87
-77,-37.5,136
-76,-37.5,136
-75,-37.5,136
-74,-37.5,136
-57,-37.5,145
-56,-37.5,145
-55,-37.5,145
-54,-37.5,145
-53,-37.5,41
-52,-37.5,41
-51,-37.5,41
-50,-37.5,41
-49,-37.5,41
-48,-37.5,41
-47,-37.5,41
-46,-37.5,41
-45,-37.5,41
-44,-37.5,41
-43,-37.5,41
-42,-37.5,41
-41,-37.5,41
-40,-37.5,41
-39,-37.5,41
-38,-37.5,41
-37,-37.5,41
-36,-37.5,41
-35,-37.5,41
-34,-37.5,41
-33,-37.5,41
-32,-37.5,41
-31,-37.5,41
-30,-37.5,41
-29,-37.5,41
-28,-37.5,41
-27,-37.5,41
-26,-37.5,41
-25,-37.5,41
-24,-37.5,41
-23,-37.5,41
-22,-37.5,41
-21,-37.5,41
-20,-37.5,41
-19,-37.5,47
-18,-37.5,47
-17,-37.5,47
-16,-37.5,47
-15,-37.5,47
-14,-37.5,47
-13,-37.5,47
-12,-37.5,47
-11,-37.5,47
-10,-37.5,47
-9,-37.5,47
-8,-37.5,47
-7,-37.5,47
-6,-37.5,47
-5,-37.5,47
-4,-37.5,47
-3,-37.5,47
-2,-37.5,47
-1,-37.5,47
0,-37.5,47
1,-37.5,47
2,-37.5,47
3,-37.5,47
4,-37.5,47
5,-37.5,47
6,-37.5,47
7,-37.5,47
8,-37.5,47
9,-37.5,47
10,-37.5,47
11,-37.5,47
12,-37.5,47
13,-37.5,47
14,-37.5,47
15,-37.5,47
16,-37.5,47
17,-37.5,47
18,-37.5,47
19,-37.5,47
20,-37.5,47
21,-37.5,47
22,-37.5,47
23,-37.5,47
24,-37.5,47
25,-37.5,47
26,-37.5,47
27,-37.5,47
28,-37.5,47
29,-37.5,47
30,-37.5,47
31,-37.5,51
32,-37.5,51
33,-37.5,51
34,-37.5,51
35,-37.5,51
36,-37.5,51
37,-37.5,51
38,-37.5,51
39,-37.5,51
40,-37.5,51
41,-37.5,51
42,-37.5,51
43,-37.5,51
44,-37.5,51
45,-37.5,51
46,-37.5,51
47,-37.5,51
48,-37.5,51
49,-37.5,51
50,-37.5,51
51,-37.5,51
52,-37.5,51
53,-37.5,51
54,-37.5,51
55,-37.5,51
56,-37.5,51
57,-37.5,51
58,-37.5,51
59,-37.5,51
60,-37.5,51
61,-37.5,51
62,-37.5,51
63,-37.5,51
64,-37.5,51
65,-37.5,51
66,-37.5,51
67,-37.5,51
68,-37.5,51
69,-37.5,51
70,-37.5,51
71,-37.5,51
72,-37.5,51
73,-37.5,51
74,-37.5,51
75,-37.5,51
76,-37.5,51
77,-37.5,51
78,-37.5,51
79,-37.5,51
80,-37.5,51
81,-37.5,57
82,-37.5,57
83,-37.5,57
84,-37.5,57
85,-37.5,57
86,-37.5,57
87,-37.5,57
88,-37.5,57
89,-37.5,57
90,-37.5,57
91,-37.5,57
92,-37.5,57
93,-37.5,57
94,-37.5,57
95,-37.5,57
96,-37.5,57
97,-37.5,57
98,-37.5,57
99,-37.5,57
100,-37.5,57
101,-37.5,57
102,-37.5,57
103,-37.5,57
104,-37.5,57
105,-37.5,57
106,-37.5,57
107,-37.5,57
108,-37.5,57
109,-37.5,57
110,-37.5,57
111,-37.5,57
112,-37.5,57
113,-37.5,57
114,-37.5,148
115,-37.5,148
116,-37.5,148
117,-37.5,148
118,-37.5,148
119,-37.5,148
120,-37.5,148
121,-37.5,148
122,-37.5,148
123,-37.5,148
124,-37.5,148
125,-37.5,57
126,-37.5,57
127,-37.5,57
128,-37.5,57
129,-37.5,57
130,-37.5,57
131,-37.5,57
132,-37.5,57
133,-37.5,146
134,-37.5,146
135,-37.5,146
136,-37.5,146
137,-37.5,146
138,-37.5,146
139,-37.5,146
150,-37.5,146
151,-37.5,146
152,-37.5,146
153,-37.5,146
154,-37.5,146
155,-37.5,81
156,-37.5,81
157,-37.5,81
158,-37.5,81
159,-37.5,81
160,-37.5,81
161,-37.5,81
162,-37.5,81
163,-37.5,81
164,-37.5,81
165,-37.5,81
166,-37.5,81
167,-37.5,144
168,-37.5,144
169,-37.5,144
170,-37.5,144
171,-37.5,144
172,-37.5,144
173,-37.5,144
174,-37.5,144
177,-37.5,144
178,-37.5,144
179,-37.5,144
-179,-38.5,81
-178,-38.5,81
-177,-38.5,81
-176,-38.5,81
-175,-38.5,81
-174,-38.5,81
-173,-38.5,81
-172,-38.5,81
-171,-38.5,81
-170,-38.5,81
-169,-38.5,81
-168,-38.5,81
-167,-38.5,81
-166,-38.5,81
-165,-38.5,81
-164,-38.5,81
-163,-38.5,81
-162,-38.5,81
-161,-38.5,81
-160,-38.5,81
-159,-38.5,81
-158,-38.5,81
-157,-38.5,81
-156,-38.5,81
-155,-38.5,81
-154,-38.5,81
-153,-38.5,81
-152,-38.5,81
-151,-38.5,81
-150,-38.5,81
-149,-38.5,81
-148,-38.5,81
-147,-38.5,81
-146,-38.5,81
-145,-38.5,81
-144,-38.5,81
-143,-38.5,81
-142,-38.5,81
-141,-38.5,81
-140,-38.5,81
-139,-38.5,81
-138,-38.5,81
-137,-38.5,81
-136,-38.5,81
-135,-38.5,81
-134,-38.5,81
-133,-38.5,81
-132,-38.5,81
-131,-38.5,81
-130,-38.5,81
-129,-38.5,81
-128,-38.5,81
-127,-38.5,81
-126,-38.5,81
-125,-38.5,81
-124,-38.5,81
-123,-38.5,81
-122,-38.5,81
-121,-38.5,81
-120,-38.5,81
-119,-38.5,87
-118,-38.5,87
-117,-38.5,87
-116,-38.5,87
-115,-38.5,87
-114,-38.5,87
-113,-38.5,87
-112,-38.5,87
-111,-38.5,87
-110,-38.5,87
-109,-38.5,87
-108,-38.5,87
-107,-38.5,87
-106,-38.5,87
-105,-38.5,87
-104,-38.5,87
-103,-38.5,87
-102,-38.5,87
-101,-38.5,87
-100,-38.5,87
-99,-38.5,87
-98,-38.5,87
-97,-38.5,87
-96,-38.5,87
-95,-38.5,87
-94,-38.5,87
-93,-38.5,87
-92,-38.5,87
-91,-38.5,87
-90,-38.5,87
-89,-38.5,87
-88,-38.5,87
-87,-38.5,87
-86,-38.5,87
-85,-38.5,87
-84,-38.5,87
-83,-38.5,87
-82,-38.5,87
-81,-38.5,87
-80,-38.5,87
-79,-38.5,87
-78,-38.5,87
-77,-38.5,136
-76,-38.5,136
-75,-38.5,136
-74,-38.5,136
-58,-38.5,145
-57,-38.5,145
-56,-38.5,145
-55,-38.5,41
-54,-38.5,41
-53,-38.5,41
-52,-38.5,41
-51,-38.5,41
-50,-38.5,41
-49,-38.5,41
-48,-38.5,41
-47,-38.5,41
-46,-38.5,41
-45,-38.5,41
-44,-38.5,41
-43,-38.5,41
-42,-38.5,41
-41,-38.5,41
-40,-38.5,41
-39,-38.5,41
-38,-38.5,41
-37,-38.5,41
-36,-38.5,41
-35,-38.5,41
-34,-38.5,41
-33,-38.5,41
-32,-38.5,41
-31,-38.5,41
-30,-38.5,41
-29,-38.5,41
-28,-38.5,41
-27,-38.5,41
-26,-38.5,41
-25,-38.5,41
-24,-38.5,41
-23,-38.5,41
-22,-38.5,41
-21,-38.5,41
-20,-38.5,41
-19,-38.5,47
-18,-38.5,47
-17,-38.5,47
-16,-38.5,47
-15,-38.5,47
-14,-38.5,47
-13,-38.5,47
-12,-38.5,47
-11,-38.5,47
-10,-38.5,47
-9,-38.5,47
-8,-38.5,47
-7,-38.5,47
-6,-38.5,47
-5,-38.5,47
-4,-38.5,47
-3,-38.5,47
-2,-38.5,47
-1,-38.5,47
0,-38.5,47
1,-38.5,47
2,-38.5,47
3,-38.5,47
4,-38.5,47
5,-38.5,47
6,-38.5,47
7,-38.5,47
8,-38.5,47
9,-38.5,47
10,-38.5,47
11,-38.5,47
12,-38.5,47
13,-38.5,47
14,-38.5,47
15,-38.5,47
16,-38.5,47
17,-38.5,47
18,-38.5,47
19,-38.5,47
20,-38.5,47
21,-38.5,47
22,-38.5,47
23,-38.5,47
24,-38.5,47
25,-38.5,47
26,-38.5,47
27,-38.5,47
28,-38.5,47
29,-38.5,47
30,-38.5,47
31,-38.5,51
32,-38.5,51
33,-38.5,51
34,-38.5,51
35,-38.5,51
36,-38.5,51
37,-38.5,51
38,-38.5,51
39,-38.5,51
40,-38.5,51
41,-38.5,51
42,-38.5,51
43,-38.5,51
44,-38.5,51
45,-38.5,51
46,-38.5,51
47,-38.5,51
48,-38.5,51
49,-38.5,51
50,-38.5,51
51,-38.5,51
52,-38.5,51
53,-38.5,51
54,-38.5,51
55,-38.5,51
56,-38.5,51
57,-38.5,51
58,-38.5,51
59,-38.5,51
60,-38.5,51
61,-38.5,51
62,-38.5,51
63,-38.5,51
64,-38.5,51
65,-38.5,51
66,-38.5,51
67,-38.5,51
68,-38.5,51
69,-38.5,51
70,-38.5,51
71,-38.5,51
72,-38.5,51
73,-38.5,51
74,-38.5,51
75,-38.5,51
76,-38.5,51
77,-38.5,51
78,-38.5,51
79,-38.5,51
80,-38.5,51
81,-38.5,57
82,-38.5,57
83,-38.5,57
84,-38.5,57
85,-38.5,57
86,-38.5,57
87,-38.5,57
88,-38.5,57
89,-38.5,57
90,-38.5,57
91,-38.5,57
92,-38.5,57
93,-38.5,57
94,-38.5,57
95,-38.5,57
96,-38.5,57
97,-38.5,57
98,-38.5,57
99,-38.5,57
100,-38.5,57
101,-38.5,57
102,-38.5,57
103,-38.5,57
104,-38.5,57
105,-38.5,57
106,-38.5,57
107,-38.5,57
108,-38.5,57
109,-38.5,57
110,-38.5,57
111,-38.5,57
112,-38.5,57
113,-38.5,57
114,-38.5,57
115,-38.5,57
116,-38.5,57
117,-38.5,57
118,-38.5,148
119,-38.5,57
120,-38.5,57
121,-38.5,57
122,-38.5,57
123,-38.5,57
124,-38.5,57
125,-38.5,57
126,-38.5,57
127,-38.5,57
128,-38.5,57
129,-38.5,57
130,-38.5,57
131,-38.5,57
132,-38.5,57
133,-38.5,57
134,-38.5,146
135,-38.5,146
136,-38.5,146
137,-38.5,146
138,-38.5,146
139,-38.5,146
140,-38.5,146
141,-38.5,146
142,-38.5,146
145,-38.5,146
148,-38.5,146
149,-38.5,146
150,-38.5,146
151,-38.5,146
152,-38.5,146
153,-38.5,146
154,-38.5,81
155,-38.5,81
156,-38.5,81
157,-38.5,81
158,-38.5,81
159,-38.5,81
160,-38.5,81
161,-38.5,81
162,-38.5,81
163,-38.5,81
164,-38.5,81
165,-38.5,81
166,-38.5,81
167,-38.5,144
168,-38.5,144
169,-38.5,144
170,-38.5,144
171,-38.5,144
172,-38.5,144
173,-38.5,144
174,-38.5,144
179,-38.5,144
-179,-39.5,81
-178,-39.5,81
-177,-39.5,81
-176,-39.5,81
-175,-39.5,81
-174,-39.5,81
-173,-39.5,81
-172,-39.5,81
-171,-39.5,81
-170,-39.5,81
-169,-39.5,81
-168,-39.5,81
-167,-39.5,81
-166,-39.5,81
-165,-39.5,81
-164,-39.5,81
-163,-39.5,81
-162,-39.5,81
-161,-39.5,81
-160,-39.5,81
-159,-39.5,81
-158,-39.5,81
-157,-39.5,81
-156,-39.5,81
-155,-39.5,81
-154,-39.5,81
-153,-39.5,81
-152,-39.5,81
-151,-39.5,81
-150,-39.5,81
-149,-39.5,81
-148,-39.5,81
-147,-39.5,81
-146,-39.5,81
-145,-39.5,81
-144,-39.5,81
-143,-39.5,81
-142,-39.5,81
-141,-39.5,81
-140,-39.5,81
-139,-39.5,81
-138,-39.5,81
-137,-39.5,81
-136,-39.5,81
-135,-39.5,81
-134,-39.5,81
-133,-39.5,81
-132,-39.5,81
-131,-39.5,81
-130,-39.5,81
-129,-39.5,81
-128,-39.5,81
-127,-39.5,81
-126,-39.5,81
-125,-39.5,81
-124,-39.5,81
-123,-39.5,81
-122,-39.5,81
-121,-39.5,81
-120,-39.5,81
-119,-39.5,87
-118,-39.5,87
-117,-39.5,87
-116,-39.5,87
-115,-39.5,87
-114,-39.5,87
-113,-39.5,87
-112,-39.5,87
-111,-39.5,87
-110,-39.5,87
-109,-39.5,87
-108,-39.5,87
-107,-39.5,87
-106,-39.5,87
-105,-39.5,87
-104,-39.5,87
-103,-39.5,87
-102,-39.5,87
-101,-39.5,87
-100,-39.5,87
-99,-39.5,87
-98,-39.5,87
-97,-39.5,87
-96,-39.5,87
-95,-39.5,87
-94,-39.5,87
-93,-39.5,87
-92,-39.5,87
-91,-39.5,87
-90,-39.5,87
-89,-39.5,87
-88,-39.5,87
-87,-39.5,87
-86,-39.5,87
-85,-39.5,87
-84,-39.5,87
-83,-39.5,87
-82,-39.5,87
-81,-39.5,87
-80,-39.5,87
-79,-39.5,87
-78,-39.5,87
-77,-39.5,136
-76,-39.5,136
-75,-39.5,136
-74,-39.5,136
-62,-39.5,145
-61,-39.5,145
-60,-39.5,145
-59,-39.5,145
-58,-39.5,145
-57,-39.5,145
-56,-39.5,41
-55,-39.5,41
-54,-39.5,41
-53,-39.5,41
-52,-39.5,41
-51,-39.5,41
-50,-39.5,41
-49,-39.5,41
-48,-39.5,41
-47,-39.5,41
-46,-39.5,41
-45,-39.5,41
-44,-39.5,41
-43,-39.5,41
-42,-39.5,41
-41,-39.5,41
-40,-39.5,41
-39,-39.5,41
-38,-39.5,41
-37,-39.5,41
-36,-39.5,41
-35,-39.5,41
-34,-39.5,41
-33,-39.5,41
-32,-39.5,41
-31,-39.5,41
-30,-39.5,41
-29,-39.5,41
-28,-39.5,41
-27,-39.5,41
-26,-39.5,41
-25,-39.5,41
-24,-39.5,41
-23,-39.5,41
-22,-39.5,41
-21,-39.5,41
-20,-39.5,41
-19,-39.5,47
-18,-39.5,47
-17,-39.5,47
-16,-39.5,47
-15,-39.5,47
-14,-39.5,47
-13,-39.5,47
-12,-39.5,47
-11,-39.5,47
-10,-39.5,47
-9,-39.5,47
-8,-39.5,47
-7,-39.5,47
-6,-39.5,47
-5,-39.5,47
-4,-39.5,47
-3,-39.5,47
-2,-39.5,47
-1,-39.5,47
0,-39.5,47
1,-39.5,47
2,-39.5,47
3,-39.5,47
4,-39.5,47
5,-39.5,47
6,-39.5,47
7,-39.5,47
8,-39.5,47
9,-39.5,47
10,-39.5,47
11,-39.5,47
12,-39.5,47
13,-39.5,47
14,-39.5,47
15,-39.5,47
16,-39.5,47
17,-39.5,47
18,-39.5,47
19,-39.5,47
20,-39.5,47
21,-39.5,47
22,-39.5,47
23,-39.5,47
24,-39.5,47
25,-39.5,47
26,-39.5,47
27,-39.5,47
28,-39.5,47
29,-39.5,47
30,-39.5,47
31,-39.5,51
32,-39.5,51
33,-39.5,51
34,-39.5,51
35,-39.5,51
36,-39.5,51
37,-39.5,51
38,-39.5,51
39,-39.5,51
40,-39.5,51
41,-39.5,51
42,-39.5,51
43,-39.5,51
44,-39.5,51
45,-39.5,51
46,-39.5,51
47,-39.5,51
48,-39.5,51
49,-39.5,51
50,-39.5,51
51,-39.5,51
52,-39.5,51
53,-39.5,51
54,-39.5,51
55,-39.5,51
56,-39.5,51
57,-39.5,51
58,-39.5,51
59,-39.5,51
60,-39.5,51
61,-39.5,51
62,-39.5,51
63,-39.5,51
64,-39.5,51
65,-39.5,51
66,-39.5,51
67,-39.5,51
68,-39.5,51
69,-39.5,51
70,-39.5,51
71,-39.5,51
72,-39.5,51
73,-39.5,51
74,-39.5,51
75,-39.5,51
76,-39.5,51
77,-39.5,51
78,-39.5,51
79,-39.5,51
80,-39.5,51
81,-39.5,57
82,-39.5,57
83,-39.5,57
84,-39.5,57
85,-39.5,57
86,-39.5,57
87,-39.5,57
88,-39.5,57
89,-39.5,57
90,-39.5,57
91,-39.5,57
92,-39.5,57
93,-39.5,57
94,-39.5,57
95,-39.5,57
96,-39.5,57
97,-39.5,57
98,-39.5,57
99,-39.5,57
100,-39.5,57
101,-39.5,57
102,-39.5,57
103,-39.5,57
104,-39.5,57
105,-39.5,57
106,-39.5,57
107,-39.5,57
108,-39.5,57
109,-39.5,57
110,-39.5,57
111,-39.5,57
112,-39.5,57
113,-39.5,57
114,-39.5,57
115,-39.5,57
116,-39.5,57
117,-39.5,57
118,-39.5,57
119,-39.5,57
120,-39.5,57
121,-39.5,57
122,-39.5,57
123,-39.5,57
124,-39.5,57
125,-39.5,57
126,-39.5,57
127,-39.5,57
128,-39.5,57
129,-39.5,57
130,-39.5,57
131,-39.5,57
132,-39.5,57
133,-39.5,57
134,-39.5,57
135,-39.5,57
136,-39.5,146
137,-39.5,146
138,-39.5,146
139,-39.5,146
140,-39.5,146
141,-39.5,146
142,-39.5,146
143,-39.5,146
144,-39.5,146
145,-39.5,146
146,-39.5,146
147,-39.5,146
148,-39.5,146
149,-39.5,146
150,-39.5,146
151,-39.5,146
152,-39.5,146
153,-39.5,146
154,-39.5,81
155,-39.5,81
156,-39.5,81
157,-39.5,81
158,-39.5,81
159,-39.5,81
160,-39.5,81
161,-39.5,81
162,-39.5,81
163,-39.5,81
164,-39.5,81
165,-39.5,81
166,-39.5,81
167,-39.5,144
168,-39.5,144
169,-39.5,144
170,-39.5,144
171,-39.5,144
172,-39.5,144
173,-39.5,144
177,-39.5,144
178,-39.5,144
179,-39.5,81
-179,-40.5,81
-178,-40.5,81
-177,-40.5,81
-176,-40.5,81
-175,-40.5,81
-174,-40.5,81
-173,-40.5,81
-172,-40.5,81
-171,-40.5,81
-170,-40.5,81
-169,-40.5,81
-168,-40.5,81
-167,-40.5,81
-166,-40.5,81
-165,-40.5,81
-164,-40.5,81
-163,-40.5,81
-162,-40.5,81
-161,-40.5,81
-160,-40.5,81
-159,-40.5,81
-158,-40.5,81
-157,-40.5,81
-156,-40.5,81
-155,-40.5,81
-154,-40.5,81
-153,-40.5,81
-152,-40.5,81
-151,-40.5,81
-150,-40.5,81
-149,-40.5,81
-148,-40.5,81
-147,-40.5,81
-146,-40.5,81
-145,-40.5,81
-144,-40.5,81
-143,-40.5,81
-142,-40.5,81
-141,-40.5,81
-140,-40.5,81
-139,-40.5,81
-138,-40.5,81
-137,-40.5,81
-136,-40.5,81
-135,-40.5,81
-134,-40.5,81
-133,-40.5,81
-132,-40.5,81
-131,-40.5,81
-130,-40.5,81
-129,-40.5,81
-128,-40.5,81
-127,-40.5,81
-126,-40.5,81
-125,-40.5,81
-124,-40.5,81
-123,-40.5,81
-122,-40.5,81
-121,-40.5,81
-120,-40.5,81
-119,-40.5,87
-118,-40.5,87
-117,-40.5,87
-116,-40.5,87
-115,-40.5,87
-114,-40.5,87
-113,-40.5,87
-112,-40.5,87
-111,-40.5,87
-110,-40.5,87
-109,-40.5,87
-108,-40.5,87
-107,-40.5,87
-106,-40.5,87
-105,-40.5,87
-104,-40.5,87
-103,-40.5,87
-102,-40.5,87
-101,-40.5,87
-100,-40.5,87
-99,-40.5,87
-98,-40.5,87
-97,-40.5,87
-96,-40.5,87
-95,-40.5,87
-94,-40.5,87
-93,-40.5,87
-92,-40.5,87
-91,-40.5,87
-90,-40.5,87
-89,-40.5,87
-88,-40.5,87
-87,-40.5,87
-86,-40.5,87
-85,-40.5,87
-84,-40.5,87
-83,-40.5,87
-82,-40.5,87
-81,-40.5,87
-80,-40.5,87
-79,-40.5,87
-78,-40.5,87
-77,-40.5,136
-76,-40.5,136
-75,-40.5,136
-74,-40.5,136
-62,-40.5,145
-61,-40.5,145
-60,-40.5,145
-59,-40.5,145
-58,-40.5,145
-57,-40.5,41
-56,-40.5,41
-55,-40.5,41
-54,-40.5,41
-53,-40.5,41
-52,-40.5,41
-51,-40.5,41
-50,-40.5,41
-49,-40.5,41
-48,-40.5,41
-47,-40.5,41
-46,-40.5,41
-45,-40.5,41
-44,-40.5,41
-43,-40.5,41
-42,-40.5,41
-41,-40.5,41
-40,-40.5,41
-39,-40.5,41
-38,-40.5,41
-37,-40.5,41
-36,-40.5,41
-35,-40.5,41
-34,-40.5,41
-33,-40.5,41
-32,-40.5,41
-31,-40.5,41
-30,-40.5,41
-29,-40.5,41
-28,-40.5,41
-27,-40.5,41
-26,-40.5,41
-25,-40.5,41
-24,-40.5,41
-23,-40.5,41
-22,-40.5,41
-21,-40.5,41
-20,-40.5,41
-19,-40.5,47
-18,-40.5,47
-17,-40.5,47
-16,-40.5,47
-15,-40.5,47
-14,-40.5,47
-13,-40.5,47
-12,-40.5,47
-11,-40.5,47
-10,-40.5,47
-9,-40.5,47
-8,-40.5,47
-7,-40.5,47
-6,-40.5,47
-5,-40.5,47
-4,-40.5,47
-3,-40.5,47
-2,-40.5,47
-1,-40.5,47
0,-40.5,47
1,-40.5,47
2,-40.5,47
3,-40.5,47
4,-40.5,47
5,-40.5,47
6,-40.5,47
7,-40.5,47
8,-40.5,47
9,-40.5,47
10,-40.5,47
11,-40.5,47
12,-40.5,47
13,-40.5,47
14,-40.5,47
15,-40.5,47
16,-40.5,47
17,-40.5,47
18,-40.5,47
19,-40.5,47
20,-40.5,47
21,-40.5,47
22,-40.5,47
23,-40.5,47
24,-40.5,47
25,-40.5,47
26,-40.5,47
27,-40.5,47
28,-40.5,47
29,-40.5,47
30,-40.5,47
31,-40.5,51
32,-40.5,51
33,-40.5,51
34,-40.5,51
35,-40.5,51
36,-40.5,51
37,-40.5,51
38,-40.5,51
39,-40.5,51
40,-40.5,51
41,-40.5,51
42,-40.5,51
43,-40.5,51
44,-40.5,51
45,-40.5,51
46,-40.5,51
47,-40.5,51
48,-40.5,51
49,-40.5,51
50,-40.5,51
51,-40.5,51
52,-40.5,51
53,-40.5,51
54,-40.5,51
55,-40.5,51
56,-40.5,51
57,-40.5,51
58,-40.5,51
59,-40.5,51
60,-40.5,51
61,-40.5,51
62,-40.5,51
63,-40.5,51
64,-40.5,51
65,-40.5,51
66,-40.5,51
67,-40.5,51
68,-40.5,51
69,-40.5,51
70,-40.5,51
71,-40.5,51
72,-40.5,51
73,-40.5,51
74,-40.5,51
75,-40.5,51
76,-40.5,51
77,-40.5,51
78,-40.5,51
79,-40.5,51
80,-40.5,51
81,-40.5,57
82,-40.5,57
83,-40.5,57
84,-40.5,57
85,-40.5,57
86,-40.5,57
87,-40.5,57
88,-40.5,57
89,-40.5,57
90,-40.5,57
91,-40.5,57
92,-40.5,57
93,-40.5,57
94,-40.5,57
95,-40.5,57
96,-40.5,57
97,-40.5,57
98,-40.5,57
99,-40.5,57
100,-40.5,57
101,-40.5,57
102,-40.5,57
103,-40.5,57
104,-40.5,57
105,-40.5,57
106,-40.5,57
107,-40.5,57
108,-40.5,57
109,-40.5,57
110,-40.5,57
111,-40.5,57
112,-40.5,57
113,-40.5,57
114,-40.5,57
115,-40.5,57
116,-40.5,57
117,-40.5,57
118,-40.5,57
119,-40.5,57
120,-40.5,57
121,-40.5,57
122,-40.5,57
123,-40.5,57
124,-40.5,57
125,-40.5,57
126,-40.5,57
127,-40.5,57
128,-40.5,57
129,-40.5,57
130,-40.5,57
131,-40.5,57
132,-40.5,57
133,-40.5,57
134,-40.5,57
135,-40.5,57
136,-40.5,57
137,-40.5,57
138,-40.5,146
139,-40.5,146
140,-40.5,146
141,-40.5,146
142,-40.5,146
143,-40.5,146
144,-40.5,146
145,-40.5,146
146,-40.5,146
147,-40.5,146
148,-40.5,146
149,-40.5,146
150,-40.5,146
151,-40.5,146
152,-40.5,146
153,-40.5,81
154,-40.5,81
155,-40.5,81
156,-40.5,81
157,-40.5,81
158,-40.5,81
159,-40.5,81
160,-40.5,81
161,-40.5,81
162,-40.5,81
163,-40.5,81
164,-40.5,81
165,-40.5,81
166,-40.5,81
167,-40.5,144
168,-40.5,144
169,-40.5,144
170,-40.5,144
171,-40.5,144
172,-40.5,144
173,-40.5,144
174,-40.5,144
175,-40.5,144
177,-40.5,144
178,-40.5,81
179,-40.5,81
-179,-41.5,81
-178,-41.5,81
-177,-41.5,81
-176,-41.5,81
-175,-41.5,81
-174,-41.5,81
-173,-41.5,81
-172,-41.5,81
-171,-41.5,81
-170,-41.5,81
-169,-41.5,81
-168,-41.5,81
-167,-41.5,81
-166,-41.5,81
-165,-41.5,81
-164,-41.5,81
-163,-41.5,81
-162,-41.5,81
-161,-41.5,81
-160,-41.5,81
-159,-41.5,81
-158,-41.5,81
-157,-41.5,81
-156,-41.5,81
-155,-41.5,81
-154,-41.5,81
-153,-41.5,81
-152,-41.5,81
-151,-41.5,81
-150,-41.5,81
-149,-41.5,81
-148,-41.5,81
-147,-41.5,81
-146,-41.5,81
-145,-41.5,81
-144,-41.5,81
-143,-41.5,81
-142,-41.5,81
-141,-41.5,81
-140,-41.5,81
-139,-41.5,81
-138,-41.5,81
-137,-41.5,81
-136,-41.5,81
-135,-41.5,81
-134,-41.5,81
-133,-41.5,81
-132,-41.5,81
-131,-41.5,81
-130,-41.5,81
-129,-41.5,81
-128,-41.5,81
-127,-41.5,81
-126,-41.5,81
-125,-41.5,81
-124,-41.5,81
-123,-41.5,81
-122,-41.5,81
-121,-41.5,81
-120,-41.5,81
-119,-41.5,87
-118,-41.5,87
-117,-41.5,87
-116,-41.5,87
-115,-41.5,87
-114,-41.5,87
-113,-41.5,87
-112,-41.5,87
-111,-41.5,87
-110,-41.5,87
-109,-41.5,87
-108,-41.5,87
-107,-41.5,87
-106,-41.5,87
-105,-41.5,87
-104,-41.5,87
-103,-41.5,87
-102,-41.5,87
-101,-41.5,87
-100,-41.5,87
-99,-41.5,87
-98,-41.5,87
-97,-41.5,87
-96,-41.5,87
-95,-41.5,87
-94,-41.5,87
-93,-41.5,87
-92,-41.5,87
-91,-41.5,87
-90,-41.5,87
-89,-41.5,87
-88,-41.5,87
-87,-41.5,87
-86,-41.5,87
-85,-41.5,87
-84,-41.5,87
-83,-41.5,87
-82,-41.5,87
-81,-41.5,87
-80,-41.5,87
-79,-41.5,87
-78,-41.5,87
-77,-41.5,136
-76,-41.5,136
-75,-41.5,136
-74,-41.5,136
-73,-41.5,136
-64,-41.5,145
-63,-41.5,145
-62,-41.5,145
-61,-41.5,145
-60,-41.5,145
-59,-41.5,145
-58,-41.5,41
-57,-41.5,41
-56,-41.5,41
-55,-41.5,41
-54,-41.5,41
-53,-41.5,41
-52,-41.5,41
-51,-41.5,41
-50,-41.5,41
-49,-41.5,41
-48,-41.5,41
-47,-41.5,41
-46,-41.5,41
-45,-41.5,41
-44,-41.5,41
-43,-41.5,41
-42,-41.5,41
-41,-41.5,41
-40,-41.5,41
-39,-41.5,41
-38,-41.5,41
-37,-41.5,41
-36,-41.5,41
-35,-41.5,41
-34,-41.5,41
-33,-41.5,41
-32,-41.5,41
-31,-41.5,41
-30,-41.5,41
-29,-41.5,41
-28,-41.5,41
-27,-41.5,41
-26,-41.5,41
-25,-41.5,41
-24,-41.5,41
-23,-41.5,41
-22,-41.5,41
-21,-41.5,41
-20,-41.5,41
-19,-41.5,47
-18,-41.5,47
-17,-41.5,47
-16,-41.5,47
-15,-41.5,47
-14,-41.5,47
-13,-41.5,47
-12,-41.5,47
-11,-41.5,47
-10,-41.5,47
-9,-41.5,47
-8,-41.5,47
-7,-41.5,47
-6,-41.5,47
-5,-41.5,47
-4,-41.5,47
-3,-41.5,47
-2,-41.5,47
-1,-41.5,47
0,-41.5,47
1,-41.5,47
2,-41.5,47
3,-41.5,47
4,-41.5,47
5,-41.5,47
6,-41.5,47
7,-41.5,47
8,-41.5,47
9,-41.5,47
10,-41.5,47
11,-41.5,47
12,-41.5,47
13,-41.5,47
14,-41.5,47
15,-41.5,47
16,-41.5,47
17,-41.5,47
18,-41.5,47
19,-41.5,47
20,-41.5,47
21,-41.5,47
22,-41.5,47
23,-41.5,47
24,-41.5,47
25,-41.5,47
26,-41.5,47
27,-41.5,47
28,-41.5,47
29,-41.5,47
30,-41.5,47
31,-41.5,51
32,-41.5,51
33,-41.5,51
34,-41.5,51
35,-41.5,51
36,-41.5,51
37,-41.5,51
38,-41.5,51
39,-41.5,51
40,-41.5,51
41,-41.5,51
42,-41.5,51
43,-41.5,51
44,-41.5,51
45,-41.5,51
46,-41.5,51
47,-41.5,51
48,-41.5,51
49,-41.5,51
50,-41.5,51
51,-41.5,51
52,-41.5,51
53,-41.5,51
54,-41.5,51
55,-41.5,51
56,-41.5,51
57,-41.5,51
58,-41.5,51
59,-41.5,51
60,-41.5,51
61,-41.5,51
62,-41.5,51
63,-41.5,51
64,-41.5,51
65,-41.5,51
66,-41.5,51
67,-41.5,51
68,-41.5,51
69,-41.5,51
70,-41.5,51
71,-41.5,51
72,-41.5,51
73,-41.5,51
74,-41.5,51
75,-41.5,51
76,-41.5,51
77,-41.5,51
78,-41.5,51
79,-41.5,51
80,-41.5,51
81,-41.5,57
82,-41.5,57
83,-41.5,57
84,-41.5,57
85,-41.5,57
86,-41.5,57
87,-41.5,57
88,-41.5,57
89,-41.5,57
90,-41.5,57
91,-41.5,57
92,-41.5,57
93,-41.5,57
94,-41.5,57
95,-41.5,57
96,-41.5,57
97,-41.5,57
98,-41.5,57
99,-41.5,57
100,-41.5,57
101,-41.5,57
102,-41.5,57
103,-41.5,57
104,-41.5,57
105,-41.5,57
106,-41.5,57
107,-41.5,57
108,-41.5,57
109,-41.5,57
110,-41.5,57
111,-41.5,57
112,-41.5,57
113,-41.5,57
114,-41.5,57
115,-41.5,57
116,-41.5,57
117,-41.5,57
118,-41.5,57
119,-41.5,57
120,-41.5,57
121,-41.5,57
122,-41.5,57
123,-41.5,57
124,-41.5,57
125,-41.5,57
126,-41.5,57
127,-41.5,57
128,-41.5,57
129,-41.5,57
130,-41.5,57
131,-41.5,57
132,-41.5,57
133,-41.5,57
134,-41.5,57
135,-41.5,57
136,-41.5,57
137,-41.5,57
138,-41.5,57
139,-41.5,57
140,-41.5,146
141,-41.5,146
142,-41.5,146
143,-41.5,146
144,-41.5,146
149,-41.5,146
150,-41.5,146
151,-41.5,146
152,-41.5,146
153,-41.5,81
154,-41.5,81
155,-41.5,81
156,-41.5,81
157,-41.5,81
158,-41.5,81
159,-41.5,81
160,-41.5,81
161,-41.5,81
162,-41.5,81
163,-41.5,81
164,-41.5,81
165,-41.5,81
166,-41.5,81
167,-41.5,144
168,-41.5,144
169,-41.5,144
170,-41.5,144
171,-41.5,144
175,-41.5,144
176,-41.5,144
177,-41.5,81
178,-41.5,81
179,-41.5,81
-179,-42.5,81
-178,-42.5,81
-177,-42.5,81
-176,-42.5,81
-175,-42.5,81
-174,-42.5,81
-173,-42.5,81
-172,-42.5,81
-171,-42.5,81
-170,-42.5,81
-169,-42.5,81
-168,-42.5,81
-167,-42.5,81
-166,-42.5,81
-165,-42.5,81
-164,-42.5,81
-163,-42.5,81
-162,-42.5,81
-161,-42.5,81
-160,-42.5,81
-159,-42.5,81
-158,-42.5,81
-157,-42.5,81
-156,-42.5,81
-155,-42.5,81
-154,-42.5,81
-153,-42.5,81
-152,-42.5,81
-151,-42.5,81
-150,-42.5,81
-149,-42.5,81
-148,-42.5,81
-147,-42.5,81
-146,-42.5,81
-145,-42.5,81
-144,-42.5,81
-143,-42.5,81
-142,-42.5,81
-141,-42.5,81
-140,-42.5,81
-139,-42.5,81
-138,-42.5,81
-137,-42.5,81
-136,-42.5,81
-135,-42.5,81
-134,-42.5,81
-133,-42.5,81
-132,-42.5,81
-131,-42.5,81
-130,-42.5,81
-129,-42.5,81
-128,-42.5,81
-127,-42.5,81
-126,-42.5,81
-125,-42.5,81
-124,-42.5,81
-123,-42.5,81
-122,-42.5,81
-121,-42.5,81
-120,-42.5,81
-119,-42.5,87
-118,-42.5,87
-117,-42.5,87
-116,-42.5,87
-115,-42.5,87
-114,-42.5,87
-113,-42.5,87
-112,-42.5,87
-111,-42.5,87
-110,-42.5,87
-109,-42.5,87
-108,-42.5,87
-107,-42.5,87
-106,-42.5,87
-105,-42.5,87
-104,-42.5,87
-103,-42.5,87
-102,-42.5,87
-101,-42.5,87
-100,-42.5,87
-99,-42.5,87
-98,-42.5,87
-97,-42.5,87
-96,-42.5,87
-95,-42.5,87
-94,-42.5,87
-93,-42.5,87
-92,-42.5,87
-91,-42.5,87
-90,-42.5,87
-89,-42.5,87
-88,-42.5,87
-87,-42.5,87
-86,-42.5,87
-85,-42.5,87
-84,-42.5,87
-83,-42.5,87
-82,-42.5,87
-81,-42.5,87
-80,-42.5,87
-79,-42.5,87
-78,-42.5,87
-77,-42.5,136
-76,-42.5,136
-75,-42.5,136
-73,-42.5,136
-63,-42.5,145
-62,-42.5,145
-61,-42.5,145
-60,-42.5,145
-59,-42.5,145
-58,-42.5,41
-57,-42.5,41
-56,-42.5,41
-55,-42.5,41
-54,-42.5,41
-53,-42.5,41
-52,-42.5,41
-51,-42.5,41
-50,-42.5,41
-49,-42.5,41
-48,-42.5,41
-47,-42.5,41
-46,-42.5,41
-45,-42.5,41
-44,-42.5,41
-43,-42.5,41
-42,-42.5,41
-41,-42.5,41
-40,-42.5,41
-39,-42.5,41
-38,-42.5,41
-37,-42.5,41
-36,-42.5,41
-35,-42.5,41
-34,-42.5,41
-33,-42.5,41
-32,-42.5,41
-31,-42.5,41
-30,-42.5,41
-29,-42.5,41
-28,-42.5,41
-27,-42.5,41
-26,-42.5,41
-25,-42.5,41
-24,-42.5,41
-23,-42.5,41
-22,-42.5,41
-21,-42.5,41
-20,-42.5,41
-19,-42.5,47
-18,-42.5,47
-17,-42.5,47
-16,-42.5,47
-15,-42.5,47
-14,-42.5,47
-13,-42.5,47
-12,-42.5,47
-11,-42.5,47
-10,-42.5,47
-9,-42.5,47
-8,-42.5,47
-7,-42.5,47
-6,-42.5,47
-5,-42.5,47
-4,-42.5,47
-3,-42.5,47
-2,-42.5,47
-1,-42.5,47
0,-42.5,47
1,-42.5,47
2,-42.5,47
3,-42.5,47
4,-42.5,47
5,-42.5,47
6,-42.5,47
7,-42.5,47
8,-42.5,47
9,-42.5,47
10,-42.5,47
11,-42.5,47
12,-42.5,47
13,-42.5,47
14,-42.5,47
15,-42.5,47
16,-42.5,47
17,-42.5,47
18,-42.5,47
19,-42.5,47
20,-42.5,47
21,-42.5,47
22,-42.5,47
23,-42.5,47
24,-42.5,47
25,-42.5,47
26,-42.5,47
27,-42.5,47
28,-42.5,47
29,-42.5,47
30,-42.5,47
31,-42.5,51
32,-42.5,51
33,-42.5,51
34,-42.5,51
35,-42.5,51
36,-42.5,51
37,-42.5,51
38,-42.5,51
39,-42.5,51
40,-42.5,51
41,-42.5,51
42,-42.5,51
43,-42.5,51
44,-42.5,51
45,-42.5,51
46,-42.5,51
47,-42.5,51
48,-42.5,51
49,-42.5,51
50,-42.5,51
51,-42.5,51
52,-42.5,51
53,-42.5,51
54,-42.5,51
55,-42.5,51
56,-42.5,51
57,-42.5,51
58,-42.5,51
59,-42.5,51
60,-42.5,51
61,-42.5,51
62,-42.5,51
63,-42.5,51
64,-42.5,51
65,-42.5,51
66,-42.5,51
67,-42.5,51
68,-42.5,51
69,-42.5,51
70,-42.5,51
71,-42.5,51
72,-42.5,51
73,-42.5,51
74,-42.5,51
75,-42.5,51
76,-42.5,51
77,-42.5,51
78,-42.5,51
79,-42.5,51
80,-42.5,51
81,-42.5,57
82,-42.5,57
83,-42.5,57
84,-42.5,57
85,-42.5,57
86,-42.5,57
87,-42.5,57
88,-42.5,57
89,-42.5,57
90,-42.5,57
91,-42.5,57
92,-42.5,57
93,-42.5,57
94,-42.5,57
95,-42.5,57
96,-42.5,57
97,-42.5,57
98,-42.5,57
99,-42.5,57
100,-42.5,57
101,-42.5,57
102,-42.5,57
103,-42.5,57
104,-42.5,57
105,-42.5,57
106,-42.5,57
107,-42.5,57
108,-42.5,57
109,-42.5,57
110,-42.5,57
111,-42.5,57
112,-42.5,57
113,-42.5,57
114,-42.5,57
115,-42.5,57
116,-42.5,57
117,-42.5,57
118,-42.5,57
119,-42.5,57
120,-42.5,57
121,-42.5,57
122,-42.5,57
123,-42.5,57
124,-42.5,57
125,-42.5,57
126,-42.5,57
127,-42.5,57
128,-42.5,57
129,-42.5,57
130,-42.5,57
131,-42.5,57
132,-42.5,57
133,-42.5,57
134,-42.5,57
135,-42.5,57
136,-42.5,57
137,-42.5,57
138,-42.5,57
139,-42.5,57
140,-42.5,57
141,-42.5,146
142,-42.5,146
143,-42.5,146
144,-42.5,146
145,-42.5,146
149,-42.5,146
150,-42.5,146
151,-42.5,146
152,-42.5,146
153,-42.5,81
154,-42.5,81
155,-42.5,81
156,-42.5,81
157,-42.5,81
158,-42.5,81
159,-42.5,81
160,-42.5,81
161,-42.5,81
162,-42.5,81
163,-42.5,81
164,-42.5,81
165,-42.5,81
166,-42.5,81
167,-42.5,144
168,-42.5,144
169,-42.5,144
170,-42.5,144
171,-42.5,144
174,-42.5,144
175,-42.5,144
176,-42.5,144
177,-42.5,81
178,-42.5,81
179,-42.5,81
-179,-43.5,81
-178,-43.5,81
-177,-43.5,81
-176,-43.5,81
-175,-43.5,81
-174,-43.5,81
-173,-43.5,81
-172,-43.5,81
-171,-43.5,81
-170,-43.5,81
-169,-43.5,81
-168,-43.5,81
-167,-43.5,81
-166,-43.5,81
-165,-43.5,81
-164,-43.5,81
-163,-43.5,81
-162,-43.5,81
-161,-43.5,81
-160,-43.5,81
-159,-43.5,81
-158,-43.5,81
-157,-43.5,81
-156,-43.5,81
-155,-43.5,81
-154,-43.5,81
-153,-43.5,81
-152,-43.5,81
-151,-43.5,81
-150,-43.5,81
-149,-43.5,81
-148,-43.5,81
-147,-43.5,81
-146,-43.5,81
-145,-43.5,81
-144,-43.5,81
-143,-43.5,81
-142,-43.5,81
-141,-43.5,81
-140,-43.5,81
-139,-43.5,81
-138,-43.5,81
-137,-43.5,81
-136,-43.5,81
-135,-43.5,81
-134,-43.5,81
-133,-43.5,81
-132,-43.5,81
-131,-43.5,81
-130,-43.5,81
-129,-43.5,81
-128,-43.5,81
-127,-43.5,81
-126,-43.5,81
-125,-43.5,81
-124,-43.5,81
-123,-43.5,81
-122,-43.5,81
-121,-43.5,81
-120,-43.5,81
-119,-43.5,87
-118,-43.5,87
-117,-43.5,87
-116,-43.5,87
-115,-43.5,87
-114,-43.5,87
-113,-43.5,87
-112,-43.5,87
-111,-43.5,87
-110,-43.5,87
-109,-43.5,87
-108,-43.5,87
-107,-43.5,87
-106,-43.5,87
-105,-43.5,87
-104,-43.5,87
-103,-43.5,87
-102,-43.5,87
-101,-43.5,87
-100,-43.5,87
-99,-43.5,87
-98,-43.5,87
-97,-43.5,87
-96,-43.5,87
-95,-43.5,87
-94,-43.5,87
-93,-43.5,87
-92,-43.5,87
-91,-43.5,87
-90,-43.5,87
-89,-43.5,87
-88,-43.5,87
-87,-43.5,87
-86,-43.5,87
-85,-43.5,87
-84,-43.5,87
-83,-43.5,87
-82,-43.5,87
-81,-43.5,87
-80,-43.5,87
-79,-43.5,87
-78,-43.5,87
-77,-43.5,136
-76,-43.5,136
-75,-43.5,136
-74,-43.5,136
-65,-43.5,145
-64,-43.5,145
-63,-43.5,145
-62,-43.5,145
-61,-43.5,145
-60,-43.5,145
-59,-43.5,41
-58,-43.5,41
-57,-43.5,41
-56,-43.5,41
-55,-43.5,41
-54,-43.5,41
-53,-43.5,41
-52,-43.5,41
-51,-43.5,41
-50,-43.5,41
-49,-43.5,41
-48,-43.5,41
-47,-43.5,41
-46,-43.5,41
-45,-43.5,41
-44,-43.5,41
-43,-43.5,41
-42,-43.5,41
-41,-43.5,41
-40,-43.5,41
-39,-43.5,41
-38,-43.5,41
-37,-43.5,41
-36,-43.5,41
-35,-43.5,41
-34,-43.5,41
-33,-43.5,41
-32,-43.5,41
-31,-43.5,41
-30,-43.5,41
-29,-43.5,41
-28,-43.5,41
-27,-43.5,41
-26,-43.5,41
-25,-43.5,41
-24,-43.5,41
-23,-43.5,41
-22,-43.5,41
-21,-43.5,41
-20,-43.5,41
-19,-43.5,47
-18,-43.5,47
-17,-43.5,47
-16,-43.5,47
-15,-43.5,47
-14,-43.5,47
-13,-43.5,47
-12,-43.5,47
-11,-43.5,47
-10,-43.5,47
-9,-43.5,47
-8,-43.5,47
-7,-43.5,47
-6,-43.5,47
-5,-43.5,47
-4,-43.5,47
-3,-43.5,47
-2,-43.5,47
-1,-43.5,47
0,-43.5,47
1,-43.5,47
2,-43.5,47
3,-43.5,47
4,-43.5,47
5,-43.5,47
6,-43.5,47
7,-43.5,47
8,-43.5,47
9,-43.5,47
10,-43.5,47
11,-43.5,47
12,-43.5,47
13,-43.5,47
14,-43.5,47
15,-43.5,47
16,-43.5,47
17,-43.5,47
18,-43.5,47
19,-43.5,47
20,-43.5,47
21,-43.5,47
22,-43.5,47
23,-43.5,47
24,-43.5,47
25,-43.5,47
26,-43.5,47
27,-43.5,47
28,-43.5,47
29,-43.5,47
30,-43.5,47
31,-43.5,51
32,-43.5,51
33,-43.5,51
34,-43.5,51
35,-43.5,51
36,-43.5,51
37,-43.5,51
38,-43.5,51
39,-43.5,51
40,-43.5,51
41,-43.5,51
42,-43.5,51
43,-43.5,51
44,-43.5,51
45,-43.5,51
46,-43.5,51
47,-43.5,51
48,-43.5,51
49,-43.5,51
50,-43.5,51
51,-43.5,51
52,-43.5,51
53,-43.5,51
54,-43.5,51
55,-43.5,51
56,-43.5,51
57,-43.5,51
58,-43.5,51
59,-43.5,51
60,-43.5,51
61,-43.5,51
62,-43.5,51
63,-43.5,51
64,-43.5,51
65,-43.5,51
66,-43.5,51
67,-43.5,51
68,-43.5,51
69,-43.5,51
70,-43.5,51
71,-43.5,51
72,-43.5,51
73,-43.5,51
74,-43.5,51
75,-43.5,51
76,-43.5,51
77,-43.5,51
78,-43.5,51
79,-43.5,51
80,-43.5,51
81,-43.5,57
82,-43.5,57
83,-43.5,57
84,-43.5,57
85,-43.5,57
86,-43.5,57
87,-43.5,57
88,-43.5,57
89,-43.5,57
90,-43.5,57
91,-43.5,57
92,-43.5,57
93,-43.5,57
94,-43.5,57
95,-43.5,57
96,-43.5,57
97,-43.5,57
98,-43.5,57
99,-43.5,57
100,-43.5,57
101,-43.5,57
102,-43.5,57
103,-43.5,57
104,-43.5,57
105,-43.5,57
106,-43.5,57
107,-43.5,57
108,-43.5,57
109,-43.5,57
110,-43.5,57
111,-43.5,57
112,-43.5,57
113,-43.5,57
114,-43.5,57
115,-43.5,57
116,-43.5,57
117,-43.5,57
118,-43.5,57
119,-43.5,57
120,-43.5,57
121,-43.5,57
122,-43.5,57
123,-43.5,57
124,-43.5,57
125,-43.5,57
126,-43.5,57
127,-43.5,57
128,-43.5,57
129,-43.5,57
130,-43.5,57
131,-43.5,57
132,-43.5,57
133,-43.5,57
134,-43.5,57
135,-43.5,57
136,-43.5,57
137,-43.5,57
138,-43.5,57
139,-43.5,57
140,-43.5,57
141,-43.5,146
142,-43.5,146
143,-43.5,146
144,-43.5,146
145,-43.5,146
146,-43.5,146
147,-43.5,146
148,-43.5,146
149,-43.5,146
150,-43.5,146
151,-43.5,146
152,-43.5,146
153,-43.5,81
154,-43.5,81
155,-43.5,81
156,-43.5,81
157,-43.5,81
158,-43.5,81
159,-43.5,81
160,-43.5,81
161,-43.5,81
162,-43.5,81
163,-43.5,81
164,-43.5,81
165,-43.5,81
166,-43.5,81
167,-43.5,144
168,-43.5,144
169,-43.5,144
173,-43.5,144
174,-43.5,144
175,-43.5,144
176,-43.5,144
177,-43.5,144
178,-43.5,81
179,-43.5,81
-179,-44.5,81
-178,-44.5,81
-177,-44.5,81
-176,-44.5,81
-175,-44.5,81
-174,-44.5,81
-173,-44.5,81
-172,-44.5,81
-171,-44.5,81
-170,-44.5,81
-169,-44.5,81
-168,-44.5,81
-167,-44.5,81
-166,-44.5,81
-165,-44.5,81
-164,-44.5,81
-163,-44.5,81
-162,-44.5,81
-161,-44.5,81
-160,-44.5,81
-159,-44.5,81
-158,-44.5,81
-157,-44.5,81
-156,-44.5,81
-155,-44.5,81
-154,-44.5,81
-153,-44.5,81
-152,-44.5,81
-151,-44.5,81
-150,-44.5,81
-149,-44.5,81
-148,-44.5,81
-147,-44.5,81
-146,-44.5,81
-145,-44.5,81
-144,-44.5,81
-143,-44.5,81
-142,-44.5,81
-141,-44.5,81
-140,-44.5,81
-139,-44.5,81
-138,-44.5,81
-137,-44.5,81
-136,-44.5,81
-135,-44.5,81
-134,-44.5,81
-133,-44.5,81
-132,-44.5,81
-131,-44.5,81
-130,-44.5,81
-129,-44.5,81
-128,-44.5,81
-127,-44.5,81
-126,-44.5,81
-125,-44.5,81
-124,-44.5,81
-123,-44.5,81
-122,-44.5,81
-121,-44.5,81
-120,-44.5,81
-119,-44.5,87
-118,-44.5,87
-117,-44.5,87
-116,-44.5,87
-115,-44.5,87
-114,-44.5,87
-113,-44.5,87
-112,-44.5,87
-111,-44.5,87
-110,-44.5,87
-109,-44.5,87
-108,-44.5,87
-107,-44.5,87
-106,-44.5,87
-105,-44.5,87
-104,-44.5,87
-103,-44.5,87
-102,-44.5,87
-101,-44.5,87
-100,-44.5,87
-99,-44.5,87
-98,-44.5,87
-97,-44.5,87
-96,-44.5,87
-95,-44.5,87
-94,-44.5,87
-93,-44.5,87
-92,-44.5,87
-91,-44.5,87
-90,-44.5,87
-89,-44.5,87
-88,-44.5,87
-87,-44.5,87
-86,-44.5,87
-85,-44.5,87
-84,-44.5,87
-83,-44.5,87
-82,-44.5,87
-81,-44.5,87
-80,-44.5,87
-79,-44.5,87
-78,-44.5,136
-77,-44.5,136
-76,-44.5,136
-75,-44.5,136
-65,-44.5,145
-64,-44.5,145
-63,-44.5,145
-62,-44.5,145
-61,-44.5,145
-60,-44.5,145
-59,-44.5,41
-58,-44.5,41
-57,-44.5,41
-56,-44.5,41
-55,-44.5,41
-54,-44.5,41
-53,-44.5,41
-52,-44.5,41
-51,-44.5,41
-50,-44.5,41
-49,-44.5,41
-48,-44.5,41
-47,-44.5,41
-46,-44.5,41
-45,-44.5,41
-44,-44.5,41
-43,-44.5,41
-42,-44.5,41
-41,-44.5,41
-40,-44.5,41
-39,-44.5,41
-38,-44.5,41
-37,-44.5,41
-36,-44.5,41
-35,-44.5,41
-34,-44.5,41
-33,-44.5,41
-32,-44.5,41
-31,-44.5,41
-30,-44.5,41
-29,-44.5,41
-28,-44.5,41
-27,-44.5,41
-26,-44.5,41
-25,-44.5,41
-24,-44.5,41
-23,-44.5,41
-22,-44.5,41
-21,-44.5,41
-20,-44.5,41
-19,-44.5,47
-18,-44.5,47
-17,-44.5,47
-16,-44.5,47
-15,-44.5,47
-14,-44.5,47
-13,-44.5,47
-12,-44.5,47
-11,-44.5,47
-10,-44.5,47
-9,-44.5,47
-8,-44.5,47
-7,-44.5,47
-6,-44.5,47
-5,-44.5,47
-4,-44.5,47
-3,-44.5,47
-2,-44.5,47
-1,-44.5,47
0,-44.5,47
1,-44.5,47
2,-44.5,47
3,-44.5,47
4,-44.5,47
5,-44.5,47
6,-44.5,47
7,-44.5,47
8,-44.5,47
9,-44.5,47
10,-44.5,47
11,-44.5,47
12,-44.5,47
13,-44.5,47
14,-44.5,47
15,-44.5,47
16,-44.5,47
17,-44.5,47
18,-44.5,47
19,-44.5,47
20,-44.5,47
21,-44.5,47
22,-44.5,47
23,-44.5,47
24,-44.5,47
25,-44.5,47
26,-44.5,47
27,-44.5,47
28,-44.5,47
29,-44.5,47
30,-44.5,47
31,-44.5,51
32,-44.5,51
33,-44.5,51
34,-44.5,51
35,-44.5,51
36,-44.5,51
37,-44.5,51
38,-44.5,51
39,-44.5,51
40,-44.5,51
41,-44.5,51
42,-44.5,51
43,-44.5,51
44,-44.5,51
45,-44.5,51
46,-44.5,51
47,-44.5,51
48,-44.5,51
49,-44.5,51
50,-44.5,51
51,-44.5,51
52,-44.5,51
53,-44.5,51
54,-44.5,51
55,-44.5,51
56,-44.5,51
57,-44.5,51
58,-44.5,51
59,-44.5,51
60,-44.5,51
61,-44.5,51
62,-44.5,51
63,-44.5,51
64,-44.5,51
65,-44.5,51
66,-44.5,51
67,-44.5,51
68,-44.5,51
69,-44.5,51
70,-44.5,51
71,-44.5,51
72,-44.5,51
73,-44.5,51
74,-44.5,51
75,-44.5,51
76,-44.5,51
77,-44.5,51
78,-44.5,51
79,-44.5,51
80,-44.5,51
81,-44.5,57
82,-44.5,57
83,-44.5,57
84,-44.5,57
85,-44.5,57
86,-44.5,57
87,-44.5,57
88,-44.5,57
89,-44.5,57
90,-44.5,57
91,-44.5,57
92,-44.5,57
93,-44.5,57
94,-44.5,57
95,-44.5,57
96,-44.5,57
97,-44.5,57
98,-44.5,57
99,-44.5,57
100,-44.5,57
101,-44.5,57
102,-44.5,57
103,-44.5,57
104,-44.5,57
105,-44.5,57
106,-44.5,57
107,-44.5,57
108,-44.5,57
109,-44.5,57
110,-44.5,57
111,-44.5,57
112,-44.5,57
113,-44.5,57
114,-44.5,57
115,-44.5,57
116,-44.5,57
117,-44.5,57
118,-44.5,57
119,-44.5,57
120,-44.5,57
121,-44.5,57
122,-44.5,57
123,-44.5,57
124,-44.5,57
125,-44.5,57
126,-44.5,57
127,-44.5,57
128,-44.5,57
129,-44.5,57
130,-44.5,57
131,-44.5,57
132,-44.5,57
133,-44.5,57
134,-44.5,57
135,-44.5,57
136,-44.5,57
137,-44.5,57
138,-44.5,57
139,-44.5,57
140,-44.5,57
141,-44.5,57
142,-44.5,146
143,-44.5,146
144,-44.5,146
145,-44.5,146
146,-44.5,146
147,-44.5,146
148,-44.5,146
149,-44.5,146
150,-44.5,146
151,-44.5,146
152,-44.5,146
153,-44.5,81
154,-44.5,81
155,-44.5,81
156,-44.5,81
157,-44.5,81
158,-44.5,81
159,-44.5,81
160,-44.5,81
161,-44.5,81
162,-44.5,81
163,-44.5,81
164,-44.5,81
165,-44.5,81
166,-44.5,81
167,-44.5,144
172,-44.5,144
173,-44.5,144
174,-44.5,144
175,-44.5,144
176,-44.5,144
177,-44.5,144
178,-44.5,81
179,-44.5,81
-179,-45.5,81
-178,-45.5,81
-177,-45.5,81
-176,-45.5,81
-175,-45.5,81
-174,-45.5,81
-173,-45.5,81
-172,-45.5,81
-171,-45.5,81
-170,-45.5,81
-169,-45.5,81
-168,-45.5,81
-167,-45.5,81
-166,-45.5,81
-165,-45.5,81
-164,-45.5,81
-163,-45.5,81
-162,-45.5,81
-161,-45.5,81
-160,-45.5,81
-159,-45.5,81
-158,-45.5,81
-157,-45.5,81
-156,-45.5,81
-155,-45.5,81
-154,-45.5,81
-153,-45.5,81
-152,-45.5,81
-151,-45.5,81
-150,-45.5,81
-149,-45.5,81
-148,-45.5,81
-147,-45.5,81
-146,-45.5,81
-145,-45.5,81
-144,-45.5,81
-143,-45.5,81
-142,-45.5,81
-141,-45.5,81
-140,-45.5,81
-139,-45.5,81
-138,-45.5,81
-137,-45.5,81
-136,-45.5,81
-135,-45.5,81
-134,-45.5,81
-133,-45.5,81
-132,-45.5,81
-131,-45.5,81
-130,-45.5,81
-129,-45.5,81
-128,-45.5,81
-127,-45.5,81
-126,-45.5,81
-125,-45.5,81
-124,-45.5,81
-123,-45.5,81
-122,-45.5,81
-121,-45.5,81
-120,-45.5,81
-119,-45.5,87
-118,-45.5,87
-117,-45.5,87
-116,-45.5,87
-115,-45.5,87
-114,-45.5,87
-113,-45.5,87
-112,-45.5,87
-111,-45.5,87
-110,-45.5,87
-109,-45.5,87
-108,-45.5,87
-107,-45.5,87
-106,-45.5,87
-105,-45.5,87
-104,-45.5,87
-103,-45.5,87
-102,-45.5,87
-101,-45.5,87
-100,-45.5,87
-99,-45.5,87
-98,-45.5,87
-97,-45.5,87
-96,-45.5,87
-95,-45.5,87
-94,-45.5,87
-93,-45.5,87
-92,-45.5,87
-91,-45.5,87
-90,-45.5,87
-89,-45.5,87
-88,-45.5,87
-87,-45.5,87
-86,-45.5,87
-85,-45.5,87
-84,-45.5,87
-83,-45.5,87
-82,-45.5,87
-81,-45.5,87
-80,-45.5,87
-79,-45.5,87
-78,-45.5,136
-77,-45.5,136
-76,-45.5,136
-75,-45.5,136
-67,-45.5,145
-66,-45.5,145
-65,-45.5,145
-64,-45.5,145
-63,-45.5,145
-62,-45.5,145
-61,-45.5,145
-60,-45.5,145
-59,-45.5,41
-58,-45.5,41
-57,-45.5,41
-56,-45.5,41
-55,-45.5,41
-54,-45.5,41
-53,-45.5,41
-52,-45.5,41
-51,-45.5,41
-50,-45.5,41
-49,-45.5,41
-48,-45.5,41
-47,-45.5,41
-46,-45.5,41
-45,-45.5,41
-44,-45.5,41
-43,-45.5,41
-42,-45.5,41
-41,-45.5,41
-40,-45.5,41
-39,-45.5,41
-38,-45.5,41
-37,-45.5,41
-36,-45.5,41
-35,-45.5,41
-34,-45.5,41
-33,-45.5,41
-32,-45.5,41
-31,-45.5,41
-30,-45.5,41
-29,-45.5,41
-28,-45.5,41
-27,-45.5,41
-26,-45.5,41
-25,-45.5,41
-24,-45.5,41
-23,-45.5,41
-22,-45.5,41
-21,-45.5,41
-20,-45.5,41
-19,-45.5,47
-18,-45.5,47
-17,-45.5,47
-16,-45.5,47
-15,-45.5,47
-14,-45.5,47
-13,-45.5,47
-12,-45.5,47
-11,-45.5,47
-10,-45.5,47
-9,-45.5,47
-8,-45.5,47
-7,-45.5,47
-6,-45.5,47
-5,-45.5,47
-4,-45.5,47
-3,-45.5,47
-2,-45.5,47
-1,-45.5,47
0,-45.5,47
1,-45.5,47
2,-45.5,47
3,-45.5,47
4,-45.5,47
5,-45.5,47
6,-45.5,47
7,-45.5,47
8,-45.5,47
9,-45.5,47
10,-45.5,47
11,-45.5,47
12,-45.5,47
13,-45.5,47
14,-45.5,47
15,-45.5,47
16,-45.5,47
17,-45.5,47
18,-45.5,47
19,-45.5,47
20,-45.5,47
21,-45.5,47
22,-45.5,47
23,-45.5,47
24,-45.5,47
25,-45.5,47
26,-45.5,47
27,-45.5,47
28,-45.5,47
29,-45.5,47
30,-45.5,47
31,-45.5,58
32,-45.5,58
33,-45.5,58
34,-45.5,58
35,-45.5,58
36,-45.5,58
37,-45.5,58
38,-45.5,58
39,-45.5,58
40,-45.5,58
41,-45.5,58
42,-45.5,58
43,-45.5,58
44,-45.5,58
45,-45.5,58
46,-45.5,58
47,-45.5,58
48,-45.5,58
49,-45.5,58
50,-45.5,58
51,-45.5,58
52,-45.5,58
53,-45.5,58
54,-45.5,58
55,-45.5,58
56,-45.5,58
57,-45.5,58
58,-45.5,58
59,-45.5,58
60,-45.5,58
61,-45.5,58
62,-45.5,58
63,-45.5,58
64,-45.5,58
65,-45.5,58
66,-45.5,58
67,-45.5,58
68,-45.5,58
69,-45.5,58
70,-45.5,58
71,-45.5,58
72,-45.5,58
73,-45.5,58
74,-45.5,58
75,-45.5,58
76,-45.5,58
77,-45.5,58
78,-45.5,58
79,-45.5,58
80,-45.5,58
81,-45.5,57
82,-45.5,57
83,-45.5,57
84,-45.5,57
85,-45.5,57
86,-45.5,57
87,-45.5,57
88,-45.5,57
89,-45.5,57
90,-45.5,57
91,-45.5,57
92,-45.5,57
93,-45.5,57
94,-45.5,57
95,-45.5,57
96,-45.5,57
97,-45.5,57
98,-45.5,57
99,-45.5,57
100,-45.5,57
101,-45.5,57
102,-45.5,57
103,-45.5,57
104,-45.5,57
105,-45.5,57
106,-45.5,57
107,-45.5,57
108,-45.5,57
109,-45.5,57
110,-45.5,57
111,-45.5,57
112,-45.5,57
113,-45.5,57
114,-45.5,57
115,-45.5,57
116,-45.5,57
117,-45.5,57
118,-45.5,57
119,-45.5,57
120,-45.5,57
121,-45.5,57
122,-45.5,57
123,-45.5,57
124,-45.5,57
125,-45.5,57
126,-45.5,57
127,-45.5,57
128,-45.5,57
129,-45.5,57
130,-45.5,57
131,-45.5,57
132,-45.5,57
133,-45.5,57
134,-45.5,57
135,-45.5,57
136,-45.5,57
137,-45.5,57
138,-45.5,57
139,-45.5,57
140,-45.5,57
141,-45.5,57
142,-45.5,57
143,-45.5,146
144,-45.5,146
145,-45.5,146
146,-45.5,146
147,-45.5,146
148,-45.5,146
149,-45.5,146
150,-45.5,146
151,-45.5,146
152,-45.5,81
153,-45.5,81
154,-45.5,81
155,-45.5,81
156,-45.5,81
157,-45.5,81
158,-45.5,81
159,-45.5,81
160,-45.5,81
161,-45.5,81
162,-45.5,81
163,-45.5,81
164,-45.5,81
165,-45.5,81
166,-45.5,81
171,-45.5,144
172,-45.5,144
173,-45.5,144
174,-45.5,81
175,-45.5,81
176,-45.5,81
177,-45.5,81
178,-45.5,81
179,-45.5,81
-179,-46.5,81
-178,-46.5,81
-177,-46.5,81
-176,-46.5,81
-175,-46.5,81
-174,-46.5,81
-173,-46.5,81
-172,-46.5,81
-171,-46.5,81
-170,-46.5,81
-169,-46.5,81
-168,-46.5,81
-167,-46.5,81
-166,-46.5,81
-165,-46.5,81
-164,-46.5,81
-163,-46.5,81
-162,-46.5,81
-161,-46.5,81
-160,-46.5,81
-159,-46.5,81
-158,-46.5,81
-157,-46.5,81
-156,-46.5,81
-155,-46.5,81
-154,-46.5,81
-153,-46.5,81
-152,-46.5,81
-151,-46.5,81
-150,-46.5,81
-149,-46.5,81
-148,-46.5,81
-147,-46.5,81
-146,-46.5,81
-145,-46.5,81
-144,-46.5,81
-143,-46.5,81
-142,-46.5,81
-141,-46.5,81
-140,-46.5,81
-139,-46.5,81
-138,-46.5,81
-137,-46.5,81
-136,-46.5,81
-135,-46.5,81
-134,-46.5,81
-133,-46.5,81
-132,-46.5,81
-131,-46.5,81
-130,-46.5,81
-129,-46.5,81
-128,-46.5,81
-127,-46.5,81
-126,-46.5,81
-125,-46.5,81
-124,-46.5,81
-123,-46.5,81
-122,-46.5,81
-121,-46.5,81
-120,-46.5,81
-119,-46.5,87
-118,-46.5,87
-117,-46.5,87
-116,-46.5,87
-115,-46.5,87
-114,-46.5,87
-113,-46.5,87
-112,-46.5,87
-111,-46.5,87
-110,-46.5,87
-109,-46.5,87
-108,-46.5,87
-107,-46.5,87
-106,-46.5,87
-105,-46.5,87
-104,-46.5,87
-103,-46.5,87
-102,-46.5,87
-101,-46.5,87
-100,-46.5,87
-99,-46.5,87
-98,-46.5,87
-97,-46.5,87
-96,-46.5,87
-95,-46.5,87
-94,-46.5,87
-93,-46.5,87
-92,-46.5,87
-91,-46.5,87
-90,-46.5,87
-89,-46.5,87
-88,-46.5,87
-87,-46.5,87
-86,-46.5,87
-85,-46.5,87
-84,-46.5,87
-83,-46.5,87
-82,-46.5,87
-81,-46.5,87
-80,-46.5,87
-79,-46.5,87
-78,-46.5,136
-77,-46.5,136
-76,-46.5,136
-67,-46.5,145
-66,-46.5,145
-65,-46.5,145
-64,-46.5,145
-63,-46.5,145
-62,-46.5,145
-61,-46.5,145
-60,-46.5,145
-59,-46.5,41
-58,-46.5,41
-57,-46.5,41
-56,-46.5,41
-55,-46.5,41
-54,-46.5,41
-53,-46.5,41
-52,-46.5,41
-51,-46.5,41
-50,-46.5,41
-49,-46.5,41
-48,-46.5,41
-47,-46.5,41
-46,-46.5,41
-45,-46.5,41
-44,-46.5,41
-43,-46.5,41
-42,-46.5,41
-41,-46.5,41
-40,-46.5,41
-39,-46.5,41
-38,-46.5,41
-37,-46.5,41
-36,-46.5,41
-35,-46.5,41
-34,-46.5,41
-33,-46.5,41
-32,-46.5,41
-31,-46.5,41
-30,-46.5,41
-29,-46.5,41
-28,-46.5,41
-27,-46.5,41
-26,-46.5,41
-25,-46.5,41
-24,-46.5,41
-23,-46.5,41
-22,-46.5,41
-21,-46.5,41
-20,-46.5,41
-19,-46.5,47
-18,-46.5,47
-17,-46.5,47
-16,-46.5,47
-15,-46.5,47
-14,-46.5,47
-13,-46.5,47
-12,-46.5,47
-11,-46.5,47
-10,-46.5,47
-9,-46.5,47
-8,-46.5,47
-7,-46.5,47
-6,-46.5,47
-5,-46.5,47
-4,-46.5,47
-3,-46.5,47
-2,-46.5,47
-1,-46.5,47
0,-46.5,47
1,-46.5,47
2,-46.5,47
3,-46.5,47
4,-46.5,47
5,-46.5,47
6,-46.5,47
7,-46.5,47
8,-46.5,47
9,-46.5,47
10,-46.5,47
11,-46.5,47
12,-46.5,47
13,-46.5,47
14,-46.5,47
15,-46.5,47
16,-46.5,47
17,-46.5,47
18,-46.5,47
19,-46.5,47
20,-46.5,47
21,-46.5,47
22,-46.5,47
23,-46.5,47
24,-46.5,47
25,-46.5,47
26,-46.5,47
27,-46.5,47
28,-46.5,47
29,-46.5,47
30,-46.5,47
31,-46.5,58
32,-46.5,58
33,-46.5,58
34,-46.5,58
35,-46.5,58
36,-46.5,58
37,-46.5,58
38,-46.5,58
39,-46.5,58
40,-46.5,58
41,-46.5,58
42,-46.5,58
43,-46.5,58
44,-46.5,58
45,-46.5,58
46,-46.5,58
47,-46.5,58
48,-46.5,58
49,-46.5,58
50,-46.5,58
51,-46.5,58
52,-46.5,58
53,-46.5,58
54,-46.5,58
55,-46.5,58
56,-46.5,58
57,-46.5,58
58,-46.5,58
59,-46.5,58
60,-46.5,58
61,-46.5,58
62,-46.5,58
63,-46.5,58
64,-46.5,58
65,-46.5,58
66,-46.5,58
67,-46.5,58
68,-46.5,58
69,-46.5,58
70,-46.5,58
71,-46.5,58
72,-46.5,58
73,-46.5,58
74,-46.5,58
75,-46.5,58
76,-46.5,58
77,-46.5,58
78,-46.5,58
79,-46.5,58
80,-46.5,58
81,-46.5,57
82,-46.5,57
83,-46.5,57
84,-46.5,57
85,-46.5,57
86,-46.5,57
87,-46.5,57
88,-46.5,57
89,-46.5,57
90,-46.5,57
91,-46.5,57
92,-46.5,57
93,-46.5,57
94,-46.5,57
95,-46.5,57
96,-46.5,57
97,-46.5,57
98,-46.5,57
99,-46.5,57
100,-46.5,57
101,-46.5,57
102,-46.5,57
103,-46.5,57
104,-46.5,57
105,-46.5,57
106,-46.5,57
107,-46.5,57
108,-46.5,57
109,-46.5,57
110,-46.5,57
111,-46.5,57
112,-46.5,57
113,-46.5,57
114,-46.5,57
115,-46.5,57
116,-46.5,57
117,-46.5,57
118,-46.5,57
119,-46.5,57
120,-46.5,57
121,-46.5,57
122,-46.5,57
123,-46.5,57
124,-46.5,57
125,-46.5,57
126,-46.5,57
127,-46.5,57
128,-46.5,57
129,-46.5,57
130,-46.5,57
131,-46.5,57
132,-46.5,57
133,-46.5,57
134,-46.5,57
135,-46.5,57
136,-46.5,57
137,-46.5,57
138,-46.5,57
139,-46.5,57
140,-46.5,57
141,-46.5,57
142,-46.5,57
143,-46.5,57
144,-46.5,146
145,-46.5,146
146,-46.5,146
147,-46.5,146
148,-46.5,146
149,-46.5,146
150,-46.5,57
151,-46.5,81
152,-46.5,81
153,-46.5,81
154,-46.5,81
155,-46.5,81
156,-46.5,81
157,-46.5,81
158,-46.5,81
159,-46.5,81
160,-46.5,81
161,-46.5,81
162,-46.5,81
163,-46.5,81
164,-46.5,81
165,-46.5,81
166,-46.5,81
167,-46.5,144
168,-46.5,144
170,-46.5,144
171,-46.5,144
172,-46.5,81
173,-46.5,81
174,-46.5,81
175,-46.5,81
176,-46.5,81
177,-46.5,81
178,-46.5,81
179,-46.5,81
-179,-47.5,81
-178,-47.5,81
-177,-47.5,81
-176,-47.5,81
-175,-47.5,81
-174,-47.5,81
-173,-47.5,81
-172,-47.5,81
-171,-47.5,81
-170,-47.5,81
-169,-47.5,81
-168,-47.5,81
-167,-47.5,81
-166,-47.5,81
-165,-47.5,81
-164,-47.5,81
-163,-47.5,81
-162,-47.5,81
-161,-47.5,81
-160,-47.5,81
-159,-47.5,81
-158,-47.5,81
-157,-47.5,81
-156,-47.5,81
-155,-47.5,81
-154,-47.5,81
-153,-47.5,81
-152,-47.5,81
-151,-47.5,81
-150,-47.5,81
-149,-47.5,81
-148,-47.5,81
-147,-47.5,81
-146,-47.5,81
-145,-47.5,81
-144,-47.5,81
-143,-47.5,81
-142,-47.5,81
-141,-47.5,81
-140,-47.5,81
-139,-47.5,81
-138,-47.5,81
-137,-47.5,81
-136,-47.5,81
-135,-47.5,81
-134,-47.5,81
-133,-47.5,81
-132,-47.5,81
-131,-47.5,81
-130,-47.5,81
-129,-47.5,81
-128,-47.5,81
-127,-47.5,81
-126,-47.5,81
-125,-47.5,81
-124,-47.5,81
-123,-47.5,81
-122,-47.5,81
-121,-47.5,81
-120,-47.5,81
-119,-47.5,87
-118,-47.5,87
-117,-47.5,87
-116,-47.5,87
-115,-47.5,87
-114,-47.5,87
-113,-47.5,87
-112,-47.5,87
-111,-47.5,87
-110,-47.5,87
-109,-47.5,87
-108,-47.5,87
-107,-47.5,87
-106,-47.5,87
-105,-47.5,87
-104,-47.5,87
-103,-47.5,87
-102,-47.5,87
-101,-47.5,87
-100,-47.5,87
-99,-47.5,87
-98,-47.5,87
-97,-47.5,87
-96,-47.5,87
-95,-47.5,87
-94,-47.5,87
-93,-47.5,87
-92,-47.5,87
-91,-47.5,87
-90,-47.5,87
-89,-47.5,87
-88,-47.5,87
-87,-47.5,87
-86,-47.5,87
-85,-47.5,87
-84,-47.5,87
-83,-47.5,87
-82,-47.5,87
-81,-47.5,87
-80,-47.5,87
-79,-47.5,87
-78,-47.5,136
-77,-47.5,136
-76,-47.5,136
-75,-47.5,136
-65,-47.5,145
-64,-47.5,145
-63,-47.5,145
-62,-47.5,145
-61,-47.5,41
-60,-47.5,41
-59,-47.5,41
-58,-47.5,41
-57,-47.5,41
-56,-47.5,41
-55,-47.5,41
-54,-47.5,41
-53,-47.5,41
-52,-47.5,41
-51,-47.5,41
-50,-47.5,41
-49,-47.5,41
-48,-47.5,41
-47,-47.5,41
-46,-47.5,41
-45,-47.5,41
-44,-47.5,41
-43,-47.5,41
-42,-47.5,41
-41,-47.5,41
-40,-47.5,41
-39,-47.5,41
-38,-47.5,41
-37,-47.5,41
-36,-47.5,41
-35,-47.5,41
-34,-47.5,41
-33,-47.5,41
-32,-47.5,41
-31,-47.5,41
-30,-47.5,41
-29,-47.5,41
-28,-47.5,41
-27,-47.5,41
-26,-47.5,41
-25,-47.5,41
-24,-47.5,41
-23,-47.5,41
-22,-47.5,41
-21,-47.5,41
-20,-47.5,41
-19,-47.5,47
-18,-47.5,47
-17,-47.5,47
-16,-47.5,47
-15,-47.5,47
-14,-47.5,47
-13,-47.5,47
-12,-47.5,47
-11,-47.5,47
-10,-47.5,47
-9,-47.5,47
-8,-47.5,47
-7,-47.5,47
-6,-47.5,47
-5,-47.5,47
-4,-47.5,47
-3,-47.5,47
-2,-47.5,47
-1,-47.5,47
0,-47.5,47
1,-47.5,47
2,-47.5,47
3,-47.5,47
4,-47.5,47
5,-47.5,47
6,-47.5,47
7,-47.5,47
8,-47.5,47
9,-47.5,47
10,-47.5,47
11,-47.5,47
12,-47.5,47
13,-47.5,47
14,-47.5,47
15,-47.5,47
16,-47.5,47
17,-47.5,47
18,-47.5,47
19,-47.5,47
20,-47.5,47
21,-47.5,47
22,-47.5,47
23,-47.5,47
24,-47.5,47
25,-47.5,47
26,-47.5,47
27,-47.5,47
28,-47.5,47
29,-47.5,47
30,-47.5,47
31,-47.5,58
32,-47.5,58
33,-47.5,58
34,-47.5,58
35,-47.5,58
36,-47.5,58
37,-47.5,58
38,-47.5,58
39,-47.5,58
40,-47.5,58
41,-47.5,58
42,-47.5,58
43,-47.5,58
44,-47.5,58
45,-47.5,58
46,-47.5,58
47,-47.5,58
48,-47.5,58
49,-47.5,58
50,-47.5,58
51,-47.5,58
52,-47.5,58
53,-47.5,58
54,-47.5,58
55,-47.5,58
56,-47.5,58
57,-47.5,58
58,-47.5,58
59,-47.5,58
60,-47.5,58
61,-47.5,58
62,-47.5,58
63,-47.5,58
64,-47.5,58
65,-47.5,58
66,-47.5,58
67,-47.5,58
68,-47.5,58
69,-47.5,58
70,-47.5,58
71,-47.5,58
72,-47.5,58
73,-47.5,58
74,-47.5,58
75,-47.5,58
76,-47.5,58
77,-47.5,58
78,-47.5,58
79,-47.5,58
80,-47.5,58
81,-47.5,57
82,-47.5,57
83,-47.5,57
84,-47.5,57
85,-47.5,57
86,-47.5,57
87,-47.5,57
88,-47.5,57
89,-47.5,57
90,-47.5,57
91,-47.5,57
92,-47.5,57
93,-47.5,57
94,-47.5,57
95,-47.5,57
96,-47.5,57
97,-47.5,57
98,-47.5,57
99,-47.5,57
100,-47.5,57
101,-47.5,57
102,-47.5,57
103,-47.5,57
104,-47.5,57
105,-47.5,57
106,-47.5,57
107,-47.5,57
108,-47.5,57
109,-47.5,57
110,-47.5,57
111,-47.5,57
112,-47.5,57
113,-47.5,57
114,-47.5,57
115,-47.5,57
116,-47.5,57
117,-47.5,57
118,-47.5,57
119,-47.5,57
120,-47.5,57
121,-47.5,57
122,-47.5,57
123,-47.5,57
124,-47.5,57
125,-47.5,57
126,-47.5,57
127,-47.5,57
128,-47.5,57
129,-47.5,57
130,-47.5,57
131,-47.5,57
132,-47.5,57
133,-47.5,57
134,-47.5,57
135,-47.5,57
136,-47.5,57
137,-47.5,57
138,-47.5,57
139,-47.5,57
140,-47.5,57
141,-47.5,57
142,-47.5,57
143,-47.5,57
144,-47.5,57
145,-47.5,57
146,-47.5,57
147,-47.5,57
148,-47.5,57
149,-47.5,57
150,-47.5,57
151,-47.5,81
152,-47.5,81
153,-47.5,81
154,-47.5,81
155,-47.5,81
156,-47.5,81
157,-47.5,81
158,-47.5,81
159,-47.5,81
160,-47.5,81
161,-47.5,81
162,-47.5,81
163,-47.5,81
164,-47.5,81
165,-47.5,81
166,-47.5,81
167,-47.5,144
168,-47.5,144
169,-47.5,144
170,-47.5,144
171,-47.5,81
172,-47.5,81
173,-47.5,81
174,-47.5,81
175,-47.5,81
176,-47.5,81
177,-47.5,81
178,-47.5,81
179,-47.5,81
-179,-48.5,81
-178,-48.5,81
-177,-48.5,81
-176,-48.5,81
-175,-48.5,81
-174,-48.5,81
-173,-48.5,81
-172,-48.5,81
-171,-48.5,81
-170,-48.5,81
-169,-48.5,81
-168,-48.5,81
-167,-48.5,81
-166,-48.5,81
-165,-48.5,81
-164,-48.5,81
-163,-48.5,81
-162,-48.5,81
-161,-48.5,81
-160,-48.5,81
-159,-48.5,81
-158,-48.5,81
-157,-48.5,81
-156,-48.5,81
-155,-48.5,81
-154,-48.5,81
-153,-48.5,81
-152,-48.5,81
-151,-48.5,81
-150,-48.5,81
-149,-48.5,81
-148,-48.5,81
-147,-48.5,81
-146,-48.5,81
-145,-48.5,81
-144,-48.5,81
-143,-48.5,81
-142,-48.5,81
-141,-48.5,81
-140,-48.5,81
-139,-48.5,81
-138,-48.5,81
-137,-48.5,81
-136,-48.5,81
-135,-48.5,81
-134,-48.5,81
-133,-48.5,81
-132,-48.5,81
-131,-48.5,81
-130,-48.5,81
-129,-48.5,81
-128,-48.5,81
-127,-48.5,81
-126,-48.5,81
-125,-48.5,81
-124,-48.5,81
-123,-48.5,81
-122,-48.5,81
-121,-48.5,81
-120,-48.5,81
-119,-48.5,87
-118,-48.5,87
-117,-48.5,87
-116,-48.5,87
-115,-48.5,87
-114,-48.5,87
-113,-48.5,87
-112,-48.5,87
-111,-48.5,87
-110,-48.5,87
-109,-48.5,87
-108,-48.5,87
-107,-48.5,87
-106,-48.5,87
-105,-48.5,87
-104,-48.5,87
-103,-48.5,87
-102,-48.5,87
-101,-48.5,87
-100,-48.5,87
-99,-48.5,87
-98,-48.5,87
-97,-48.5,87
-96,-48.5,87
-95,-48.5,87
-94,-48.5,87
-93,-48.5,87
-92,-48.5,87
-91,-48.5,87
-90,-48.5,87
-89,-48.5,87
-88,-48.5,87
-87,-48.5,87
-86,-48.5,87
-85,-48.5,87
-84,-48.5,87
-83,-48.5,87
-82,-48.5,87
-81,-48.5,87
-80,-48.5,87
-79,-48.5,87
-78,-48.5,136
-77,-48.5,136
-76,-48.5,136
-66,-48.5,145
-65,-48.5,145
-64,-48.5,145
-63,-48.5,145
-62,-48.5,145
-61,-48.5,41
-60,-48.5,41
-59,-48.5,41
-58,-48.5,41
-57,-48.5,41
-56,-48.5,41
-55,-48.5,41
-54,-48.5,41
-53,-48.5,41
-52,-48.5,41
-51,-48.5,41
-50,-48.5,41
-49,-48.5,41
-48,-48.5,41
-47,-48.5,41
-46,-48.5,41
-45,-48.5,41
-44,-48.5,41
-43,-48.5,41
-42,-48.5,41
-41,-48.5,41
-40,-48.5,41
-39,-48.5,41
-38,-48.5,41
-37,-48.5,41
-36,-48.5,41
-35,-48.5,41
-34,-48.5,41
-33,-48.5,41
-32,-48.5,41
-31,-48.5,41
-30,-48.5,41
-29,-48.5,41
-28,-48.5,41
-27,-48.5,41
-26,-48.5,41
-25,-48.5,41
-24,-48.5,41
-23,-48.5,41
-22,-48.5,41
-21,-48.5,41
-20,-48.5,41
-19,-48.5,47
-18,-48.5,47
-17,-48.5,47
-16,-48.5,47
-15,-48.5,47
-14,-48.5,47
-13,-48.5,47
-12,-48.5,47
-11,-48.5,47
-10,-48.5,47
-9,-48.5,47
-8,-48.5,47
-7,-48.5,47
-6,-48.5,47
-5,-48.5,47
-4,-48.5,47
-3,-48.5,47
-2,-48.5,47
-1,-48.5,47
0,-48.5,47
1,-48.5,47
2,-48.5,47
3,-48.5,47
4,-48.5,47
5,-48.5,47
6,-48.5,47
7,-48.5,47
8,-48.5,47
9,-48.5,47
10,-48.5,47
11,-48.5,47
12,-48.5,47
13,-48.5,47
14,-48.5,47
15,-48.5,47
16,-48.5,47
17,-48.5,47
18,-48.5,47
19,-48.5,47
20,-48.5,47
21,-48.5,47
22,-48.5,47
23,-48.5,47
24,-48.5,47
25,-48.5,47
26,-48.5,47
27,-48.5,47
28,-48.5,47
29,-48.5,47
30,-48.5,47
31,-48.5,58
32,-48.5,58
33,-48.5,58
34,-48.5,58
35,-48.5,58
36,-48.5,58
37,-48.5,58
38,-48.5,58
39,-48.5,58
40,-48.5,58
41,-48.5,58
42,-48.5,58
43,-48.5,58
44,-48.5,58
45,-48.5,58
46,-48.5,58
47,-48.5,58
48,-48.5,58
49,-48.5,58
50,-48.5,58
51,-48.5,58
52,-48.5,58
53,-48.5,58
54,-48.5,58
55,-48.5,58
56,-48.5,58
57,-48.5,58
58,-48.5,58
59,-48.5,58
60,-48.5,58
61,-48.5,58
62,-48.5,58
63,-48.5,58
64,-48.5,58
65,-48.5,58
66,-48.5,58
67,-48.5,58
68,-48.5,58
69,-48.5,58
70,-48.5,58
71,-48.5,58
72,-48.5,58
73,-48.5,58
74,-48.5,58
75,-48.5,58
76,-48.5,58
77,-48.5,58
78,-48.5,58
79,-48.5,58
80,-48.5,58
81,-48.5,57
82,-48.5,57
83,-48.5,57
84,-48.5,57
85,-48.5,57
86,-48.5,57
87,-48.5,57
88,-48.5,57
89,-48.5,57
90,-48.5,57
91,-48.5,57
92,-48.5,57
93,-48.5,57
94,-48.5,57
95,-48.5,57
96,-48.5,57
97,-48.5,57
98,-48.5,57
99,-48.5,57
100,-48.5,57
101,-48.5,57
102,-48.5,57
103,-48.5,57
104,-48.5,57
105,-48.5,57
106,-48.5,57
107,-48.5,57
108,-48.5,57
109,-48.5,57
110,-48.5,57
111,-48.5,57
112,-48.5,57
113,-48.5,57
114,-48.5,57
115,-48.5,57
116,-48.5,57
117,-48.5,57
118,-48.5,57
119,-48.5,57
120,-48.5,57
121,-48.5,57
122,-48.5,57
123,-48.5,57
124,-48.5,57
125,-48.5,57
126,-48.5,57
127,-48.5,57
128,-48.5,57
129,-48.5,57
130,-48.5,57
131,-48.5,57
132,-48.5,57
133,-48.5,57
134,-48.5,57
135,-48.5,57
136,-48.5,57
137,-48.5,57
138,-48.5,57
139,-48.5,57
140,-48.5,57
141,-48.5,57
142,-48.5,57
143,-48.5,57
144,-48.5,57
145,-48.5,57
146,-48.5,57
147,-48.5,57
148,-48.5,57
149,-48.5,57
150,-48.5,57
151,-48.5,81
152,-48.5,81
153,-48.5,81
154,-48.5,81
155,-48.5,81
156,-48.5,81
157,-48.5,81
158,-48.5,81
159,-48.5,81
160,-48.5,81
161,-48.5,81
162,-48.5,81
163,-48.5,81
164,-48.5,81
165,-48.5,81
166,-48.5,81
167,-48.5,144
168,-48.5,144
169,-48.5,144
170,-48.5,81
171,-48.5,81
172,-48.5,81
173,-48.5,81
174,-48.5,81
175,-48.5,81
176,-48.5,81
177,-48.5,81
178,-48.5,81
179,-48.5,81
-179,-49.5,81
-178,-49.5,81
-177,-49.5,81
-176,-49.5,81
-175,-49.5,81
-174,-49.5,81
-173,-49.5,81
-172,-49.5,81
-171,-49.5,81
-170,-49.5,81
-169,-49.5,81
-168,-49.5,81
-167,-49.5,81
-166,-49.5,81
-165,-49.5,81
-164,-49.5,81
-163,-49.5,81
-162,-49.5,81
-161,-49.5,81
-160,-49.5,81
-159,-49.5,81
-158,-49.5,81
-157,-49.5,81
-156,-49.5,81
-155,-49.5,81
-154,-49.5,81
-153,-49.5,81
-152,-49.5,81
-151,-49.5,81
-150,-49.5,81
-149,-49.5,81
-148,-49.5,81
-147,-49.5,81
-146,-49.5,81
-145,-49.5,81
-144,-49.5,81
-143,-49.5,81
-142,-49.5,81
-141,-49.5,81
-140,-49.5,81
-139,-49.5,81
-138,-49.5,81
-137,-49.5,81
-136,-49.5,81
-135,-49.5,81
-134,-49.5,81
-133,-49.5,81
-132,-49.5,81
-131,-49.5,81
-130,-49.5,81
-129,-49.5,81
-128,-49.5,81
-127,-49.5,81
-126,-49.5,81
-125,-49.5,81
-124,-49.5,81
-123,-49.5,81
-122,-49.5,81
-121,-49.5,81
-120,-49.5,81
-119,-49.5,87
-118,-49.5,87
-117,-49.5,87
-116,-49.5,87
-115,-49.5,87
-114,-49.5,87
-113,-49.5,87
-112,-49.5,87
-111,-49.5,87
-110,-49.5,87
-109,-49.5,87
-108,-49.5,87
-107,-49.5,87
-106,-49.5,87
-105,-49.5,87
-104,-49.5,87
-103,-49.5,87
-102,-49.5,87
-101,-49.5,87
-100,-49.5,87
-99,-49.5,87
-98,-49.5,87
-97,-49.5,87
-96,-49.5,87
-95,-49.5,87
-94,-49.5,87
-93,-49.5,87
-92,-49.5,87
-91,-49.5,87
-90,-49.5,87
-89,-49.5,87
-88,-49.5,87
-87,-49.5,87
-86,-49.5,87
-85,-49.5,87
-84,-49.5,87
-83,-49.5,87
-82,-49.5,87
-81,-49.5,87
-80,-49.5,87
-79,-49.5,87
-78,-49.5,136
-77,-49.5,136
-76,-49.5,136
-67,-49.5,145
-66,-49.5,145
-65,-49.5,145
-64,-49.5,145
-63,-49.5,145
-62,-49.5,145
-61,-49.5,145
-60,-49.5,41
-59,-49.5,41
-58,-49.5,41
-57,-49.5,41
-56,-49.5,41
-55,-49.5,41
-54,-49.5,41
-53,-49.5,41
-52,-49.5,41
-51,-49.5,41
-50,-49.5,41
-49,-49.5,41
-48,-49.5,41
-47,-49.5,41
-46,-49.5,41
-45,-49.5,41
-44,-49.5,41
-43,-49.5,41
-42,-49.5,41
-41,-49.5,41
-40,-49.5,41
-39,-49.5,41
-38,-49.5,41
-37,-49.5,41
-36,-49.5,41
-35,-49.5,41
-34,-49.5,41
-33,-49.5,41
-32,-49.5,41
-31,-49.5,41
-30,-49.5,41
-29,-49.5,41
-28,-49.5,41
-27,-49.5,41
-26,-49.5,41
-25,-49.5,41
-24,-49.5,41
-23,-49.5,41
-22,-49.5,41
-21,-49.5,41
-20,-49.5,41
-19,-49.5,47
-18,-49.5,47
-17,-49.5,47
-16,-49.5,47
-15,-49.5,47
-14,-49.5,47
-13,-49.5,47
-12,-49.5,47
-11,-49.5,47
-10,-49.5,47
-9,-49.5,47
-8,-49.5,47
-7,-49.5,47
-6,-49.5,47
-5,-49.5,47
-4,-49.5,47
-3,-49.5,47
-2,-49.5,47
-1,-49.5,47
0,-49.5,47
1,-49.5,47
2,-49.5,47
3,-49.5,47
4,-49.5,47
5,-49.5,47
6,-49.5,47
7,-49.5,47
8,-49.5,47
9,-49.5,47
10,-49.5,47
11,-49.5,47
12,-49.5,47
13,-49.5,47
14,-49.5,47
15,-49.5,47
16,-49.5,47
17,-49.5,47
18,-49.5,47
19,-49.5,47
20,-49.5,47
21,-49.5,47
22,-49.5,47
23,-49.5,47
24,-49.5,47
25,-49.5,47
26,-49.5,47
27,-49.5,47
28,-49.5,47
29,-49.5,47
30,-49.5,47
31,-49.5,58
32,-49.5,58
33,-49.5,58
34,-49.5,58
35,-49.5,58
36,-49.5,58
37,-49.5,58
38,-49.5,58
39,-49.5,58
40,-49.5,58
41,-49.5,58
42,-49.5,58
43,-49.5,58
44,-49.5,58
45,-49.5,58
46,-49.5,58
47,-49.5,58
48,-49.5,58
49,-49.5,58
50,-49.5,58
51,-49.5,58
52,-49.5,58
53,-49.5,58
54,-49.5,58
55,-49.5,58
56,-49.5,58
57,-49.5,58
58,-49.5,58
59,-49.5,58
60,-49.5,58
61,-49.5,58
62,-49.5,58
63,-49.5,58
64,-49.5,58
65,-49.5,58
66,-49.5,58
67,-49.5,58
68,-49.5,58
71,-49.5,58
72,-49.5,58
73,-49.5,58
74,-49.5,58
75,-49.5,58
76,-49.5,58
77,-49.5,58
78,-49.5,58
79,-49.5,58
80,-49.5,58
81,-49.5,57
82,-49.5,57
83,-49.5,57
84,-49.5,57
85,-49.5,57
86,-49.5,57
87,-49.5,57
88,-49.5,57
89,-49.5,57
90,-49.5,57
91,-49.5,57
92,-49.5,57
93,-49.5,57
94,-49.5,57
95,-49.5,57
96,-49.5,57
97,-49.5,57
98,-49.5,57
99,-49.5,57
100,-49.5,57
101,-49.5,57
102,-49.5,57
103,-49.5,57
104,-49.5,57
105,-49.5,57
106,-49.5,57
107,-49.5,57
108,-49.5,57
109,-49.5,57
110,-49.5,57
111,-49.5,57
112,-49.5,57
113,-49.5,57
114,-49.5,57
115,-49.5,57
116,-49.5,57
117,-49.5,57
118,-49.5,57
119,-49.5,57
120,-49.5,57
121,-49.5,57
122,-49.5,57
123,-49.5,57
124,-49.5,57
125,-49.5,57
126,-49.5,57
127,-49.5,57
128,-49.5,57
129,-49.5,57
130,-49.5,57
131,-49.5,57
132,-49.5,57
133,-49.5,57
134,-49.5,57
135,-49.5,57
136,-49.5,57
137,-49.5,57
138,-49.5,57
139,-49.5,57
140,-49.5,57
141,-49.5,57
142,-49.5,57
143,-49.5,57
144,-49.5,57
145,-49.5,57
146,-49.5,57
147,-49.5,57
148,-49.5,57
149,-49.5,57
150,-49.5,57
151,-49.5,81
152,-49.5,81
153,-49.5,81
154,-49.5,81
155,-49.5,81
156,-49.5,81
157,-49.5,81
158,-49.5,81
159,-49.5,81
160,-49.5,81
161,-49.5,81
162,-49.5,81
163,-49.5,81
164,-49.5,81
165,-49.5,81
166,-49.5,81
167,-49.5,81
168,-49.5,81
169,-49.5,81
170,-49.5,81
171,-49.5,81
172,-49.5,81
173,-49.5,81
174,-49.5,81
175,-49.5,81
176,-49.5,81
177,-49.5,81
178,-49.5,81
179,-49.5,81
-179,-50.5,81
-178,-50.5,81
-177,-50.5,81
-176,-50.5,81
-175,-50.5,81
-174,-50.5,81
-173,-50.5,81
-172,-50.5,81
-171,-50.5,81
-170,-50.5,81
-169,-50.5,81
-168,-50.5,81
-167,-50.5,81
-166,-50.5,81
-165,-50.5,81
-164,-50.5,81
-163,-50.5,81
-162,-50.5,81
-161,-50.5,81
-160,-50.5,81
-159,-50.5,81
-158,-50.5,81
-157,-50.5,81
-156,-50.5,81
-155,-50.5,81
-154,-50.5,81
-153,-50.5,81
-152,-50.5,81
-151,-50.5,81
-150,-50.5,81
-149,-50.5,81
-148,-50.5,81
-147,-50.5,81
-146,-50.5,81
-145,-50.5,81
-144,-50.5,81
-143,-50.5,81
-142,-50.5,81
-141,-50.5,81
-140,-50.5,81
-139,-50.5,81
-138,-50.5,81
-137,-50.5,81
-136,-50.5,81
-135,-50.5,81
-134,-50.5,81
-133,-50.5,81
-132,-50.5,81
-131,-50.5,81
-130,-50.5,81
-129,-50.5,81
-128,-50.5,81
-127,-50.5,81
-126,-50.5,81
-125,-50.5,81
-124,-50.5,81
-123,-50.5,81
-122,-50.5,81
-121,-50.5,81
-120,-50.5,81
-119,-50.5,87
-118,-50.5,87
-117,-50.5,87
-116,-50.5,87
-115,-50.5,87
-114,-50.5,87
-113,-50.5,87
-112,-50.5,87
-111,-50.5,87
-110,-50.5,87
-109,-50.5,87
-108,-50.5,87
-107,-50.5,87
-106,-50.5,87
-105,-50.5,87
-104,-50.5,87
-103,-50.5,87
-102,-50.5,87
-101,-50.5,87
-100,-50.5,87
-99,-50.5,87
-98,-50.5,87
-97,-50.5,87
-96,-50.5,87
-95,-50.5,87
-94,-50.5,87
-93,-50.5,87
-92,-50.5,87
-91,-50.5,87
-90,-50.5,87
-89,-50.5,87
-88,-50.5,87
-87,-50.5,87
-86,-50.5,87
-85,-50.5,87
-84,-50.5,87
-83,-50.5,87
-82,-50.5,87
-81,-50.5,87
-80,-50.5,87
-79,-50.5,87
-78,-50.5,136
-77,-50.5,136
-76,-50.5,136
-75,-50.5,136
-69,-50.5,145
-68,-50.5,145
-67,-50.5,145
-66,-50.5,145
-65,-50.5,145
-64,-50.5,145
-63,-50.5,145
-62,-50.5,145
-61,-50.5,145
-60,-50.5,145
-59,-50.5,145
-58,-50.5,145
-57,-50.5,41
-56,-50.5,41
-55,-50.5,41
-54,-50.5,41
-53,-50.5,41
-52,-50.5,41
-51,-50.5,41
-50,-50.5,41
-49,-50.5,48
-48,-50.5,48
-47,-50.5,48
-46,-50.5,48
-45,-50.5,48
-44,-50.5,48
-43,-50.5,48
-42,-50.5,48
-41,-50.5,48
-40,-50.5,48
-39,-50.5,48
-38,-50.5,48
-37,-50.5,48
-36,-50.5,48
-35,-50.5,48
-34,-50.5,48
-33,-50.5,48
-32,-50.5,48
-31,-50.5,48
-30,-50.5,48
-29,-50.5,48
-28,-50.5,48
-27,-50.5,48
-26,-50.5,48
-25,-50.5,48
-24,-50.5,48
-23,-50.5,48
-22,-50.5,48
-21,-50.5,48
-20,-50.5,48
-19,-50.5,48
-18,-50.5,48
-17,-50.5,48
-16,-50.5,48
-15,-50.5,48
-14,-50.5,48
-13,-50.5,48
-12,-50.5,48
-11,-50.5,48
-10,-50.5,48
-9,-50.5,48
-8,-50.5,48
-7,-50.5,48
-6,-50.5,48
-5,-50.5,48
-4,-50.5,48
-3,-50.5,48
-2,-50.5,48
-1,-50.5,48
0,-50.5,48
1,-50.5,48
2,-50.5,48
3,-50.5,48
4,-50.5,48
5,-50.5,48
6,-50.5,48
7,-50.5,48
8,-50.5,48
9,-50.5,48
10,-50.5,48
11,-50.5,48
12,-50.5,48
13,-50.5,48
14,-50.5,48
15,-50.5,48
16,-50.5,48
17,-50.5,48
18,-50.5,48
19,-50.5,48
20,-50.5,48
21,-50.5,48
22,-50.5,48
23,-50.5,48
24,-50.5,48
25,-50.5,48
26,-50.5,48
27,-50.5,48
28,-50.5,48
29,-50.5,48
30,-50.5,48
31,-50.5,58
32,-50.5,58
33,-50.5,58
34,-50.5,58
35,-50.5,58
36,-50.5,58
37,-50.5,58
38,-50.5,58
39,-50.5,58
40,-50.5,58
41,-50.5,58
42,-50.5,58
43,-50.5,58
44,-50.5,58
45,-50.5,58
46,-50.5,58
47,-50.5,58
48,-50.5,58
49,-50.5,58
50,-50.5,58
51,-50.5,58
52,-50.5,58
53,-50.5,58
54,-50.5,58
55,-50.5,58
56,-50.5,58
57,-50.5,58
58,-50.5,58
59,-50.5,58
60,-50.5,58
61,-50.5,58
62,-50.5,58
63,-50.5,58
64,-50.5,58
65,-50.5,58
66,-50.5,58
67,-50.5,58
68,-50.5,58
69,-50.5,58
70,-50.5,58
71,-50.5,58
72,-50.5,58
73,-50.5,58
74,-50.5,58
75,-50.5,58
76,-50.5,58
77,-50.5,58
78,-50.5,58
79,-50.5,58
80,-50.5,58
81,-50.5,57
82,-50.5,57
83,-50.5,57
84,-50.5,57
85,-50.5,57
86,-50.5,57
87,-50.5,57
88,-50.5,57
89,-50.5,57
90,-50.5,57
91,-50.5,57
92,-50.5,57
93,-50.5,57
94,-50.5,57
95,-50.5,57
96,-50.5,57
97,-50.5,57
98,-50.5,57
99,-50.5,57
100,-50.5,57
101,-50.5,57
102,-50.5,57
103,-50.5,57
104,-50.5,57
105,-50.5,57
106,-50.5,57
107,-50.5,57
108,-50.5,57
109,-50.5,57
110,-50.5,57
111,-50.5,57
112,-50.5,57
113,-50.5,57
114,-50.5,57
115,-50.5,57
116,-50.5,57
117,-50.5,57
118,-50.5,57
119,-50.5,57
120,-50.5,57
121,-50.5,57
122,-50.5,57
123,-50.5,57
124,-50.5,57
125,-50.5,57
126,-50.5,57
127,-50.5,57
128,-50.5,57
129,-50.5,57
130,-50.5,57
131,-50.5,57
132,-50.5,57
133,-50.5,57
134,-50.5,57
135,-50.5,57
136,-50.5,57
137,-50.5,57
138,-50.5,57
139,-50.5,57
140,-50.5,57
141,-50.5,57
142,-50.5,57
143,-50.5,57
144,-50.5,57
145,-50.5,57
146,-50.5,57
147,-50.5,57
148,-50.5,57
149,-50.5,57
150,-50.5,57
151,-50.5,81
152,-50.5,81
153,-50.5,81
154,-50.5,81
155,-50.5,81
156,-50.5,81
157,-50.5,81
158,-50.5,81
159,-50.5,81
160,-50.5,81
161,-50.5,81
162,-50.5,81
163,-50.5,81
164,-50.5,81
165,-50.5,81
166,-50.5,81
167,-50.5,81
168,-50.5,81
169,-50.5,81
170,-50.5,81
171,-50.5,81
172,-50.5,81
173,-50.5,81
174,-50.5,81
175,-50.5,81
176,-50.5,81
177,-50.5,81
178,-50.5,81
179,-50.5,81
-179,-51.5,81
-178,-51.5,81
-177,-51.5,81
-176,-51.5,81
-175,-51.5,81
-174,-51.5,81
-173,-51.5,81
-172,-51.5,81
-171,-51.5,81
-170,-51.5,81
-169,-51.5,81
-168,-51.5,81
-167,-51.5,81
-166,-51.5,81
-165,-51.5,81
-164,-51.5,81
-163,-51.5,81
-162,-51.5,81
-161,-51.5,81
-160,-51.5,81
-159,-51.5,81
-158,-51.5,81
-157,-51.5,81
-156,-51.5,81
-155,-51.5,81
-154,-51.5,81
-153,-51.5,81
-152,-51.5,81
-151,-51.5,81
-150,-51.5,81
-149,-51.5,81
-148,-51.5,81
-147,-51.5,81
-146,-51.5,81
-145,-51.5,81
-144,-51.5,81
-143,-51.5,81
-142,-51.5,81
-141,-51.5,81
-140,-51.5,81
-139,-51.5,81
-138,-51.5,81
-137,-51.5,81
-136,-51.5,81
-135,-51.5,81
-134,-51.5,81
-133,-51.5,81
-132,-51.5,81
-131,-51.5,81
-130,-51.5,81
-129,-51.5,81
-128,-51.5,81
-127,-51.5,81
-126,-51.5,81
-125,-51.5,81
-124,-51.5,81
-123,-51.5,81
-122,-51.5,81
-121,-51.5,81
-120,-51.5,81
-119,-51.5,87
-118,-51.5,87
-117,-51.5,87
-116,-51.5,87
-115,-51.5,87
-114,-51.5,87
-113,-51.5,87
-112,-51.5,87
-111,-51.5,87
-110,-51.5,87
-109,-51.5,87
-108,-51.5,87
-107,-51.5,87
-106,-51.5,87
-105,-51.5,87
-104,-51.5,87
-103,-51.5,87
-102,-51.5,87
-101,-51.5,87
-100,-51.5,87
-99,-51.5,87
-98,-51.5,87
-97,-51.5,87
-96,-51.5,87
-95,-51.5,87
-94,-51.5,87
-93,-51.5,87
-92,-51.5,87
-91,-51.5,87
-90,-51.5,87
-89,-51.5,87
-88,-51.5,87
-87,-51.5,87
-86,-51.5,87
-85,-51.5,87
-84,-51.5,87
-83,-51.5,87
-82,-51.5,87
-81,-51.5,87
-80,-51.5,87
-79,-51.5,87
-78,-51.5,136
-77,-51.5,136
-76,-51.5,136
-75,-51.5,136
-74,-51.5,136
-68,-51.5,145
-67,-51.5,145
-66,-51.5,145
-65,-51.5,145
-64,-51.5,145
-63,-51.5,145
-62,-51.5,145
-61,-51.5,145
-59,-51.5,145
-57,-51.5,41
-56,-51.5,41
-55,-51.5,41
-54,-51.5,41
-53,-51.5,41
-52,-51.5,41
-51,-51.5,41
-50,-51.5,41
-49,-51.5,48
-48,-51.5,48
-47,-51.5,48
-46,-51.5,48
-45,-51.5,48
-44,-51.5,48
-43,-51.5,48
-42,-51.5,48
-41,-51.5,48
-40,-51.5,48
-39,-51.5,48
-38,-51.5,48
-37,-51.5,48
-36,-51.5,48
-35,-51.5,48
-34,-51.5,48
-33,-51.5,48
-32,-51.5,48
-31,-51.5,48
-30,-51.5,48
-29,-51.5,48
-28,-51.5,48
-27,-51.5,48
-26,-51.5,48
-25,-51.5,48
-24,-51.5,48
-23,-51.5,48
-22,-51.5,48
-21,-51.5,48
-20,-51.5,48
-19,-51.5,48
-18,-51.5,48
-17,-51.5,48
-16,-51.5,48
-15,-51.5,48
-14,-51.5,48
-13,-51.5,48
-12,-51.5,48
-11,-51.5,48
-10,-51.5,48
-9,-51.5,48
-8,-51.5,48
-7,-51.5,48
-6,-51.5,48
-5,-51.5,48
-4,-51.5,48
-3,-51.5,48
-2,-51.5,48
-1,-51.5,48
0,-51.5,48
1,-51.5,48
2,-51.5,48
3,-51.5,48
4,-51.5,48
5,-51.5,48
6,-51.5,48
7,-51.5,48
8,-51.5,48
9,-51.5,48
10,-51.5,48
11,-51.5,48
12,-51.5,48
13,-51.5,48
14,-51.5,48
15,-51.5,48
16,-51.5,48
17,-51.5,48
18,-51.5,48
19,-51.5,48
20,-51.5,48
21,-51.5,48
22,-51.5,48
23,-51.5,48
24,-51.5,48
25,-51.5,48
26,-51.5,48
27,-51.5,48
28,-51.5,48
29,-51.5,48
30,-51.5,48
31,-51.5,58
32,-51.5,58
33,-51.5,58
34,-51.5,58
35,-51.5,58
36,-51.5,58
37,-51.5,58
38,-51.5,58
39,-51.5,58
40,-51.5,58
41,-51.5,58
42,-51.5,58
43,-51.5,58
44,-51.5,58
45,-51.5,58
46,-51.5,58
47,-51.5,58
48,-51.5,58
49,-51.5,58
50,-51.5,58
51,-51.5,58
52,-51.5,58
53,-51.5,58
54,-51.5,58
55,-51.5,58
56,-51.5,58
57,-51.5,58
58,-51.5,58
59,-51.5,58
60,-51.5,58
61,-51.5,58
62,-51.5,58
63,-51.5,58
64,-51.5,58
65,-51.5,58
66,-51.5,58
67,-51.5,58
68,-51.5,58
69,-51.5,58
70,-51.5,58
71,-51.5,58
72,-51.5,58
73,-51.5,58
74,-51.5,58
75,-51.5,58
76,-51.5,58
77,-51.5,58
78,-51.5,58
79,-51.5,58
80,-51.5,58
81,-51.5,57
82,-51.5,57
83,-51.5,57
84,-51.5,57
85,-51.5,57
86,-51.5,57
87,-51.5,57
88,-51.5,57
89,-51.5,57
90,-51.5,57
91,-51.5,57
92,-51.5,57
93,-51.5,57
94,-51.5,57
95,-51.5,57
96,-51.5,57
97,-51.5,57
98,-51.5,57
99,-51.5,57
100,-51.5,57
101,-51.5,57
102,-51.5,57
103,-51.5,57
104,-51.5,57
105,-51.5,57
106,-51.5,57
107,-51.5,57
108,-51.5,57
109,-51.5,57
110,-51.5,57
111,-51.5,57
112,-51.5,57
113,-51.5,57
114,-51.5,57
115,-51.5,57
116,-51.5,57
117,-51.5,57
118,-51.5,57
119,-51.5,57
120,-51.5,57
121,-51.5,57
122,-51.5,57
123,-51.5,57
124,-51.5,57
125,-51.5,57
126,-51.5,57
127,-51.5,57
128,-51.5,57
129,-51.5,57
130,-51.5,57
131,-51.5,57
132,-51.5,57
133,-51.5,57
134,-51.5,57
135,-51.5,57
136,-51.5,57
137,-51.5,57
138,-51.5,57
139,-51.5,57
140,-51.5,57
141,-51.5,57
142,-51.5,57
143,-51.5,57
144,-51.5,57
145,-51.5,57
146,-51.5,57
147,-51.5,57
148,-51.5,57
149,-51.5,57
150,-51.5,57
151,-51.5,81
152,-51.5,81
153,-51.5,81
154,-51.5,81
155,-51.5,81
156,-51.5,81
157,-51.5,81
158,-51.5,81
159,-51.5,81
160,-51.5,81
161,-51.5,81
162,-51.5,81
163,-51.5,81
164,-51.5,81
165,-51.5,81
166,-51.5,81
167,-51.5,81
168,-51.5,81
169,-51.5,81
170,-51.5,81
171,-51.5,81
172,-51.5,81
173,-51.5,81
174,-51.5,81
175,-51.5,81
176,-51.5,81
177,-51.5,81
178,-51.5,81
179,-51.5,81
-179,-52.5,81
-178,-52.5,81
-177,-52.5,81
-176,-52.5,81
-175,-52.5,81
-174,-52.5,81
-173,-52.5,81
-172,-52.5,81
-171,-52.5,81
-170,-52.5,81
-169,-52.5,81
-168,-52.5,81
-167,-52.5,81
-166,-52.5,81
-165,-52.5,81
-164,-52.5,81
-163,-52.5,81
-162,-52.5,81
-161,-52.5,81
-160,-52.5,81
-159,-52.5,81
-158,-52.5,81
-157,-52.5,81
-156,-52.5,81
-155,-52.5,81
-154,-52.5,81
-153,-52.5,81
-152,-52.5,81
-151,-52.5,81
-150,-52.5,81
-149,-52.5,81
-148,-52.5,81
-147,-52.5,81
-146,-52.5,81
-145,-52.5,81
-144,-52.5,81
-143,-52.5,81
-142,-52.5,81
-141,-52.5,81
-140,-52.5,81
-139,-52.5,81
-138,-52.5,81
-137,-52.5,81
-136,-52.5,81
-135,-52.5,81
-134,-52.5,81
-133,-52.5,81
-132,-52.5,81
-131,-52.5,81
-130,-52.5,81
-129,-52.5,81
-128,-52.5,81
-127,-52.5,81
-126,-52.5,81
-125,-52.5,81
-124,-52.5,81
-123,-52.5,81
-122,-52.5,81
-121,-52.5,81
-120,-52.5,81
-119,-52.5,87
-118,-52.5,87
-117,-52.5,87
-116,-52.5,87
-115,-52.5,87
-114,-52.5,87
-113,-52.5,87
-112,-52.5,87
-111,-52.5,87
-110,-52.5,87
-109,-52.5,87
-108,-52.5,87
-107,-52.5,87
-106,-52.5,87
-105,-52.5,87
-104,-52.5,87
-103,-52.5,87
-102,-52.5,87
-101,-52.5,87
-100,-52.5,87
-99,-52.5,87
-98,-52.5,87
-97,-52.5,87
-96,-52.5,87
-95,-52.5,87
-94,-52.5,87
-93,-52.5,87
-92,-52.5,87
-91,-52.5,87
-90,-52.5,87
-89,-52.5,87
-88,-52.5,87
-87,-52.5,87
-86,-52.5,87
-85,-52.5,87
-84,-52.5,87
-83,-52.5,87
-82,-52.5,87
-81,-52.5,87
-80,-52.5,87
-79,-52.5,87
-78,-52.5,136
-77,-52.5,136
-76,-52.5,136
-75,-52.5,136
-74,-52.5,136
-73,-52.5,136
-69,-52.5,136
-68,-52.5,145
-67,-52.5,145
-66,-52.5,145
-65,-52.5,145
-64,-52.5,145
-63,-52.5,145
-62,-52.5,145
-61,-52.5,145
-60,-52.5,145
-59,-52.5,145
-58,-52.5,41
-57,-52.5,41
-56,-52.5,41
-55,-52.5,41
-54,-52.5,41
-53,-52.5,41
-52,-52.5,41
-51,-52.5,41
-50,-52.5,41
-49,-52.5,48
-48,-52.5,48
-47,-52.5,48
-46,-52.5,48
-45,-52.5,48
-44,-52.5,48
-43,-52.5,48
-42,-52.5,48
-41,-52.5,48
-40,-52.5,48
-39,-52.5,48
-38,-52.5,48
-37,-52.5,48
-36,-52.5,48
-35,-52.5,48
-34,-52.5,48
-33,-52.5,48
-32,-52.5,48
-31,-52.5,48
-30,-52.5,48
-29,-52.5,48
-28,-52.5,48
-27,-52.5,48
-26,-52.5,48
-25,-52.5,48
-24,-52.5,48
-23,-52.5,48
-22,-52.5,48
-21,-52.5,48
-20,-52.5,48
-19,-52.5,48
-18,-52.5,48
-17,-52.5,48
-16,-52.5,48
-15,-52.5,48
-14,-52.5,48
-13,-52.5,48
-12,-52.5,48
-11,-52.5,48
-10,-52.5,48
-9,-52.5,48
-8,-52.5,48
-7,-52.5,48
-6,-52.5,48
-5,-52.5,48
-4,-52.5,48
-3,-52.5,48
-2,-52.5,48
-1,-52.5,48
0,-52.5,48
1,-52.5,48
2,-52.5,48
3,-52.5,48
4,-52.5,48
5,-52.5,48
6,-52.5,48
7,-52.5,48
8,-52.5,48
9,-52.5,48
10,-52.5,48
11,-52.5,48
12,-52.5,48
13,-52.5,48
14,-52.5,48
15,-52.5,48
16,-52.5,48
17,-52.5,48
18,-52.5,48
19,-52.5,48
20,-52.5,48
21,-52.5,48
22,-52.5,48
23,-52.5,48
24,-52.5,48
25,-52.5,48
26,-52.5,48
27,-52.5,48
28,-52.5,48
29,-52.5,48
30,-52.5,48
31,-52.5,58
32,-52.5,58
33,-52.5,58
34,-52.5,58
35,-52.5,58
36,-52.5,58
37,-52.5,58
38,-52.5,58
39,-52.5,58
40,-52.5,58
41,-52.5,58
42,-52.5,58
43,-52.5,58
44,-52.5,58
45,-52.5,58
46,-52.5,58
47,-52.5,58
48,-52.5,58
49,-52.5,58
50,-52.5,58
51,-52.5,58
52,-52.5,58
53,-52.5,58
54,-52.5,58
55,-52.5,58
56,-52.5,58
57,-52.5,58
58,-52.5,58
59,-52.5,58
60,-52.5,58
61,-52.5,58
62,-52.5,58
63,-52.5,58
64,-52.5,58
65,-52.5,58
66,-52.5,58
67,-52.5,58
68,-52.5,58
69,-52.5,58
70,-52.5,58
71,-52.5,58
72,-52.5,58
73,-52.5,58
74,-52.5,58
75,-52.5,58
76,-52.5,58
77,-52.5,58
78,-52.5,58
79,-52.5,58
80,-52.5,58
81,-52.5,57
82,-52.5,57
83,-52.5,57
84,-52.5,57
85,-52.5,57
86,-52.5,57
87,-52.5,57
88,-52.5,57
89,-52.5,57
90,-52.5,57
91,-52.5,57
92,-52.5,57
93,-52.5,57
94,-52.5,57
95,-52.5,57
96,-52.5,57
97,-52.5,57
98,-52.5,57
99,-52.5,57
100,-52.5,57
101,-52.5,57
102,-52.5,57
103,-52.5,57
104,-52.5,57
105,-52.5,57
106,-52.5,57
107,-52.5,57
108,-52.5,57
109,-52.5,57
110,-52.5,57
111,-52.5,57
112,-52.5,57
113,-52.5,57
114,-52.5,57
115,-52.5,57
116,-52.5,57
117,-52.5,57
118,-52.5,57
119,-52.5,57
120,-52.5,57
121,-52.5,57
122,-52.5,57
123,-52.5,57
124,-52.5,57
125,-52.5,57
126,-52.5,57
127,-52.5,57
128,-52.5,57
129,-52.5,57
130,-52.5,57
131,-52.5,57
132,-52.5,57
133,-52.5,57
134,-52.5,57
135,-52.5,57
136,-52.5,57
137,-52.5,57
138,-52.5,57
139,-52.5,57
140,-52.5,57
141,-52.5,57
142,-52.5,57
143,-52.5,57
144,-52.5,57
145,-52.5,57
146,-52.5,57
147,-52.5,57
148,-52.5,57
149,-52.5,57
150,-52.5,57
151,-52.5,81
152,-52.5,81
153,-52.5,81
154,-52.5,81
155,-52.5,81
156,-52.5,81
157,-52.5,81
158,-52.5,81
159,-52.5,81
160,-52.5,81
161,-52.5,81
162,-52.5,81
163,-52.5,81
164,-52.5,81
165,-52.5,81
166,-52.5,81
167,-52.5,81
168,-52.5,81
169,-52.5,81
170,-52.5,81
171,-52.5,81
172,-52.5,81
173,-52.5,81
174,-52.5,81
175,-52.5,81
176,-52.5,81
177,-52.5,81
178,-52.5,81
179,-52.5,81
-179,-53.5,81
-178,-53.5,81
-177,-53.5,81
-176,-53.5,81
-175,-53.5,81
-174,-53.5,81
-173,-53.5,81
-172,-53.5,81
-171,-53.5,81
-170,-53.5,81
-169,-53.5,81
-168,-53.5,81
-167,-53.5,81
-166,-53.5,81
-165,-53.5,81
-164,-53.5,81
-163,-53.5,81
-162,-53.5,81
-161,-53.5,81
-160,-53.5,81
-159,-53.5,81
-158,-53.5,81
-157,-53.5,81
-156,-53.5,81
-155,-53.5,81
-154,-53.5,81
-153,-53.5,81
-152,-53.5,81
-151,-53.5,81
-150,-53.5,81
-149,-53.5,81
-148,-53.5,81
-147,-53.5,81
-146,-53.5,81
-145,-53.5,81
-144,-53.5,81
-143,-53.5,81
-142,-53.5,81
-141,-53.5,81
-140,-53.5,81
-139,-53.5,81
-138,-53.5,81
-137,-53.5,81
-136,-53.5,81
-135,-53.5,81
-134,-53.5,81
-133,-53.5,81
-132,-53.5,81
-131,-53.5,81
-130,-53.5,81
-129,-53.5,81
-128,-53.5,81
-127,-53.5,81
-126,-53.5,81
-125,-53.5,81
-124,-53.5,81
-123,-53.5,81
-122,-53.5,81
-121,-53.5,81
-120,-53.5,81
-119,-53.5,87
-118,-53.5,87
-117,-53.5,87
-116,-53.5,87
-115,-53.5,87
-114,-53.5,87
-113,-53.5,87
-112,-53.5,87
-111,-53.5,87
-110,-53.5,87
-109,-53.5,87
-108,-53.5,87
-107,-53.5,87
-106,-53.5,87
-105,-53.5,87
-104,-53.5,87
-103,-53.5,87
-102,-53.5,87
-101,-53.5,87
-100,-53.5,87
-99,-53.5,87
-98,-53.5,87
-97,-53.5,87
-96,-53.5,87
-95,-53.5,87
-94,-53.5,87
-93,-53.5,87
-92,-53.5,87
-91,-53.5,87
-90,-53.5,87
-89,-53.5,87
-88,-53.5,87
-87,-53.5,87
-86,-53.5,87
-85,-53.5,87
-84,-53.5,87
-83,-53.5,87
-82,-53.5,87
-81,-53.5,87
-80,-53.5,87
-79,-53.5,87
-78,-53.5,136
-77,-53.5,136
-76,-53.5,136
-75,-53.5,136
-74,-53.5,136
-70,-53.5,136
-68,-53.5,145
-67,-53.5,145
-66,-53.5,145
-65,-53.5,145
-64,-53.5,145
-63,-53.5,145
-62,-53.5,145
-61,-53.5,145
-60,-53.5,41
-59,-53.5,41
-58,-53.5,41
-57,-53.5,41
-56,-53.5,41
-55,-53.5,41
-54,-53.5,41
-53,-53.5,41
-52,-53.5,41
-51,-53.5,41
-50,-53.5,41
-49,-53.5,48
-48,-53.5,48
-47,-53.5,48
-46,-53.5,48
-45,-53.5,48
-44,-53.5,48
-43,-53.5,48
-42,-53.5,48
-41,-53.5,48
-40,-53.5,48
-39,-53.5,48
-38,-53.5,48
-37,-53.5,48
-36,-53.5,48
-35,-53.5,48
-34,-53.5,48
-33,-53.5,48
-32,-53.5,48
-31,-53.5,48
-30,-53.5,48
-29,-53.5,48
-28,-53.5,48
-27,-53.5,48
-26,-53.5,48
-25,-53.5,48
-24,-53.5,48
-23,-53.5,48
-22,-53.5,48
-21,-53.5,48
-20,-53.5,48
-19,-53.5,48
-18,-53.5,48
-17,-53.5,48
-16,-53.5,48
-15,-53.5,48
-14,-53.5,48
-13,-53.5,48
-12,-53.5,48
-11,-53.5,48
-10,-53.5,48
-9,-53.5,48
-8,-53.5,48
-7,-53.5,48
-6,-53.5,48
-5,-53.5,48
-4,-53.5,48
-3,-53.5,48
-2,-53.5,48
-1,-53.5,48
0,-53.5,48
1,-53.5,48
2,-53.5,48
3,-53.5,48
4,-53.5,48
5,-53.5,48
6,-53.5,48
7,-53.5,48
8,-53.5,48
9,-53.5,48
10,-53.5,48
11,-53.5,48
12,-53.5,48
13,-53.5,48
14,-53.5,48
15,-53.5,48
16,-53.5,48
17,-53.5,48
18,-53.5,48
19,-53.5,48
20,-53.5,48
21,-53.5,48
22,-53.5,48
23,-53.5,48
24,-53.5,48
25,-53.5,48
26,-53.5,48
27,-53.5,48
28,-53.5,48
29,-53.5,48
30,-53.5,48
31,-53.5,58
32,-53.5,58
33,-53.5,58
34,-53.5,58
35,-53.5,58
36,-53.5,58
37,-53.5,58
38,-53.5,58
39,-53.5,58
40,-53.5,58
41,-53.5,58
42,-53.5,58
43,-53.5,58
44,-53.5,58
45,-53.5,58
46,-53.5,58
47,-53.5,58
48,-53.5,58
49,-53.5,58
50,-53.5,58
51,-53.5,58
52,-53.5,58
53,-53.5,58
54,-53.5,58
55,-53.5,58
56,-53.5,58
57,-53.5,58
58,-53.5,58
59,-53.5,58
60,-53.5,58
61,-53.5,58
62,-53.5,58
63,-53.5,58
64,-53.5,58
65,-53.5,58
66,-53.5,58
67,-53.5,58
68,-53.5,58
69,-53.5,58
70,-53.5,58
71,-53.5,58
72,-53.5,58
73,-53.5,58
74,-53.5,58
75,-53.5,58
76,-53.5,58
77,-53.5,58
78,-53.5,58
79,-53.5,58
80,-53.5,58
81,-53.5,57
82,-53.5,57
83,-53.5,57
84,-53.5,57
85,-53.5,57
86,-53.5,57
87,-53.5,57
88,-53.5,57
89,-53.5,57
90,-53.5,57
91,-53.5,57
92,-53.5,57
93,-53.5,57
94,-53.5,57
95,-53.5,57
96,-53.5,57
97,-53.5,57
98,-53.5,57
99,-53.5,57
100,-53.5,57
101,-53.5,57
102,-53.5,57
103,-53.5,57
104,-53.5,57
105,-53.5,57
106,-53.5,57
107,-53.5,57
108,-53.5,57
109,-53.5,57
110,-53.5,57
111,-53.5,57
112,-53.5,57
113,-53.5,57
114,-53.5,57
115,-53.5,57
116,-53.5,57
117,-53.5,57
118,-53.5,57
119,-53.5,57
120,-53.5,57
121,-53.5,57
122,-53.5,57
123,-53.5,57
124,-53.5,57
125,-53.5,57
126,-53.5,57
127,-53.5,57
128,-53.5,57
129,-53.5,57
130,-53.5,57
131,-53.5,57
132,-53.5,57
133,-53.5,57
134,-53.5,57
135,-53.5,57
136,-53.5,57
137,-53.5,57
138,-53.5,57
139,-53.5,57
140,-53.5,57
141,-53.5,57
142,-53.5,57
143,-53.5,57
144,-53.5,57
145,-53.5,57
146,-53.5,57
147,-53.5,57
148,-53.5,57
149,-53.5,57
150,-53.5,57
151,-53.5,81
152,-53.5,81
153,-53.5,81
154,-53.5,81
155,-53.5,81
156,-53.5,81
157,-53.5,81
158,-53.5,81
159,-53.5,81
160,-53.5,81
161,-53.5,81
162,-53.5,81
163,-53.5,81
164,-53.5,81
165,-53.5,81
166,-53.5,81
167,-53.5,81
168,-53.5,81
169,-53.5,81
170,-53.5,81
171,-53.5,81
172,-53.5,81
173,-53.5,81
174,-53.5,81
175,-53.5,81
176,-53.5,81
177,-53.5,81
178,-53.5,81
179,-53.5,81
-179,-54.5,81
-178,-54.5,81
-177,-54.5,81
-176,-54.5,81
-175,-54.5,81
-174,-54.5,81
-173,-54.5,81
-172,-54.5,81
-171,-54.5,81
-170,-54.5,81
-169,-54.5,81
-168,-54.5,81
-167,-54.5,81
-166,-54.5,81
-165,-54.5,81
-164,-54.5,81
-163,-54.5,81
-162,-54.5,81
-161,-54.5,81
-160,-54.5,81
-159,-54.5,81
-158,-54.5,81
-157,-54.5,81
-156,-54.5,81
-155,-54.5,81
-154,-54.5,81
-153,-54.5,81
-152,-54.5,81
-151,-54.5,81
-150,-54.5,81
-149,-54.5,81
-148,-54.5,81
-147,-54.5,81
-146,-54.5,81
-145,-54.5,81
-144,-54.5,81
-143,-54.5,81
-142,-54.5,81
-141,-54.5,81
-140,-54.5,81
-139,-54.5,81
-138,-54.5,81
-137,-54.5,81
-136,-54.5,81
-135,-54.5,81
-134,-54.5,81
-133,-54.5,81
-132,-54.5,81
-131,-54.5,81
-130,-54.5,81
-129,-54.5,81
-128,-54.5,81
-127,-54.5,81
-126,-54.5,81
-125,-54.5,81
-124,-54.5,81
-123,-54.5,81
-122,-54.5,81
-121,-54.5,81
-120,-54.5,81
-119,-54.5,87
-118,-54.5,87
-117,-54.5,87
-116,-54.5,87
-115,-54.5,87
-114,-54.5,87
-113,-54.5,87
-112,-54.5,87
-111,-54.5,87
-110,-54.5,87
-109,-54.5,87
-108,-54.5,87
-107,-54.5,87
-106,-54.5,87
-105,-54.5,87
-104,-54.5,87
-103,-54.5,87
-102,-54.5,87
-101,-54.5,87
-100,-54.5,87
-99,-54.5,87
-98,-54.5,87
-97,-54.5,87
-96,-54.5,87
-95,-54.5,87
-94,-54.5,87
-93,-54.5,87
-92,-54.5,87
-91,-54.5,87
-90,-54.5,87
-89,-54.5,87
-88,-54.5,87
-87,-54.5,87
-86,-54.5,87
-85,-54.5,87
-84,-54.5,87
-83,-54.5,87
-82,-54.5,87
-81,-54.5,87
-80,-54.5,87
-79,-54.5,87
-78,-54.5,87
-77,-54.5,136
-76,-54.5,136
-75,-54.5,136
-74,-54.5,136
-73,-54.5,136
-72,-54.5,136
-66,-54.5,145
-65,-54.5,145
-64,-54.5,145
-63,-54.5,145
-62,-54.5,145
-61,-54.5,145
-60,-54.5,145
-59,-54.5,145
-58,-54.5,145
-57,-54.5,145
-56,-54.5,145
-55,-54.5,41
-54,-54.5,41
-53,-54.5,41
-52,-54.5,41
-51,-54.5,41
-50,-54.5,41
-49,-54.5,48
-48,-54.5,48
-47,-54.5,48
-46,-54.5,48
-45,-54.5,48
-44,-54.5,48
-43,-54.5,48
-42,-54.5,48
-41,-54.5,48
-40,-54.5,48
-39,-54.5,48
-38,-54.5,48
-37,-54.5,48
-36,-54.5,48
-35,-54.5,48
-34,-54.5,48
-33,-54.5,48
-32,-54.5,48
-31,-54.5,48
-30,-54.5,48
-29,-54.5,48
-28,-54.5,48
-27,-54.5,48
-26,-54.5,48
-25,-54.5,48
-24,-54.5,48
-23,-54.5,48
-22,-54.5,48
-21,-54.5,48
-20,-54.5,48
-19,-54.5,48
-18,-54.5,48
-17,-54.5,48
-16,-54.5,48
-15,-54.5,48
-14,-54.5,48
-13,-54.5,48
-12,-54.5,48
-11,-54.5,48
-10,-54.5,48
-9,-54.5,48
-8,-54.5,48
-7,-54.5,48
-6,-54.5,48
-5,-54.5,48
-4,-54.5,48
-3,-54.5,48
-2,-54.5,48
-1,-54.5,48
0,-54.5,48
1,-54.5,48
2,-54.5,48
3,-54.5,48
4,-54.5,48
5,-54.5,48
6,-54.5,48
7,-54.5,48
8,-54.5,48
9,-54.5,48
10,-54.5,48
11,-54.5,48
12,-54.5,48
13,-54.5,48
14,-54.5,48
15,-54.5,48
16,-54.5,48
17,-54.5,48
18,-54.5,48
19,-54.5,48
20,-54.5,48
21,-54.5,48
22,-54.5,48
23,-54.5,48
24,-54.5,48
25,-54.5,48
26,-54.5,48
27,-54.5,48
28,-54.5,48
29,-54.5,48
30,-54.5,48
31,-54.5,58
32,-54.5,58
33,-54.5,58
34,-54.5,58
35,-54.5,58
36,-54.5,58
37,-54.5,58
38,-54.5,58
39,-54.5,58
40,-54.5,58
41,-54.5,58
42,-54.5,58
43,-54.5,58
44,-54.5,58
45,-54.5,58
46,-54.5,58
47,-54.5,58
48,-54.5,58
49,-54.5,58
50,-54.5,58
51,-54.5,58
52,-54.5,58
53,-54.5,58
54,-54.5,58
55,-54.5,58
56,-54.5,58
57,-54.5,58
58,-54.5,58
59,-54.5,58
60,-54.5,58
61,-54.5,58
62,-54.5,58
63,-54.5,58
64,-54.5,58
65,-54.5,58
66,-54.5,58
67,-54.5,58
68,-54.5,58
69,-54.5,58
70,-54.5,58
71,-54.5,58
72,-54.5,58
73,-54.5,58
74,-54.5,58
75,-54.5,58
76,-54.5,58
77,-54.5,58
78,-54.5,58
79,-54.5,58
80,-54.5,58
81,-54.5,57
82,-54.5,57
83,-54.5,57
84,-54.5,57
85,-54.5,57
86,-54.5,57
87,-54.5,57
88,-54.5,57
89,-54.5,57
90,-54.5,57
91,-54.5,57
92,-54.5,57
93,-54.5,57
94,-54.5,57
95,-54.5,57
96,-54.5,57
97,-54.5,57
98,-54.5,57
99,-54.5,57
100,-54.5,57
101,-54.5,57
102,-54.5,57
103,-54.5,57
104,-54.5,57
105,-54.5,57
106,-54.5,57
107,-54.5,57
108,-54.5,57
109,-54.5,57
110,-54.5,57
111,-54.5,57
112,-54.5,57
113,-54.5,57
114,-54.5,57
115,-54.5,57
116,-54.5,57
117,-54.5,57
118,-54.5,57
119,-54.5,57
120,-54.5,57
121,-54.5,57
122,-54.5,57
123,-54.5,57
124,-54.5,57
125,-54.5,57
126,-54.5,57
127,-54.5,57
128,-54.5,57
129,-54.5,57
130,-54.5,57
131,-54.5,57
132,-54.5,57
133,-54.5,57
134,-54.5,57
135,-54.5,57
136,-54.5,57
137,-54.5,57
138,-54.5,57
139,-54.5,57
140,-54.5,57
141,-54.5,57
142,-54.5,57
143,-54.5,57
144,-54.5,57
145,-54.5,57
146,-54.5,57
147,-54.5,57
148,-54.5,57
149,-54.5,57
150,-54.5,57
151,-54.5,81
152,-54.5,81
153,-54.5,81
154,-54.5,81
155,-54.5,81
156,-54.5,81
157,-54.5,81
158,-54.5,81
159,-54.5,81
160,-54.5,81
161,-54.5,81
162,-54.5,81
163,-54.5,81
164,-54.5,81
165,-54.5,81
166,-54.5,81
167,-54.5,81
168,-54.5,81
169,-54.5,81
170,-54.5,81
171,-54.5,81
172,-54.5,81
173,-54.5,81
174,-54.5,81
175,-54.5,81
176,-54.5,81
177,-54.5,81
178,-54.5,81
179,-54.5,81
-179,-55.5,81
-178,-55.5,81
-177,-55.5,81
-176,-55.5,81
-175,-55.5,81
-174,-55.5,81
-173,-55.5,81
-172,-55.5,81
-171,-55.5,81
-170,-55.5,81
-169,-55.5,81
-168,-55.5,81
-167,-55.5,81
-166,-55.5,81
-165,-55.5,81
-164,-55.5,81
-163,-55.5,81
-162,-55.5,81
-161,-55.5,81
-160,-55.5,81
-159,-55.5,81
-158,-55.5,81
-157,-55.5,81
-156,-55.5,81
-155,-55.5,81
-154,-55.5,81
-153,-55.5,81
-152,-55.5,81
-151,-55.5,81
-150,-55.5,81
-149,-55.5,81
-148,-55.5,81
-147,-55.5,81
-146,-55.5,81
-145,-55.5,81
-144,-55.5,81
-143,-55.5,81
-142,-55.5,81
-141,-55.5,81
-140,-55.5,81
-139,-55.5,81
-138,-55.5,81
-137,-55.5,81
-136,-55.5,81
-135,-55.5,81
-134,-55.5,81
-133,-55.5,81
-132,-55.5,81
-131,-55.5,81
-130,-55.5,81
-129,-55.5,81
-128,-55.5,81
-127,-55.5,81
-126,-55.5,81
-125,-55.5,81
-124,-55.5,81
-123,-55.5,81
-122,-55.5,81
-121,-55.5,81
-120,-55.5,81
-119,-55.5,87
-118,-55.5,87
-117,-55.5,87
-116,-55.5,87
-115,-55.5,87
-114,-55.5,87
-113,-55.5,87
-112,-55.5,87
-111,-55.5,87
-110,-55.5,87
-109,-55.5,87
-108,-55.5,87
-107,-55.5,87
-106,-55.5,87
-105,-55.5,87
-104,-55.5,87
-103,-55.5,87
-102,-55.5,87
-101,-55.5,87
-100,-55.5,87
-99,-55.5,87
-98,-55.5,87
-97,-55.5,87
-96,-55.5,87
-95,-55.5,87
-94,-55.5,87
-93,-55.5,87
-92,-55.5,87
-91,-55.5,87
-90,-55.5,87
-89,-55.5,87
-88,-55.5,87
-87,-55.5,87
-86,-55.5,87
-85,-55.5,87
-84,-55.5,87
-83,-55.5,87
-82,-55.5,87
-81,-55.5,87
-80,-55.5,87
-79,-55.5,87
-78,-55.5,87
-77,-55.5,87
-76,-55.5,136
-75,-55.5,136
-74,-55.5,136
-73,-55.5,136
-72,-55.5,136
-71,-55.5,136
-70,-55.5,136
-69,-55.5,136
-68,-55.5,136
-67,-55.5,136
-66,-55.5,87
-65,-55.5,41
-64,-55.5,41
-63,-55.5,41
-62,-55.5,41
-61,-55.5,41
-60,-55.5,41
-59,-55.5,41
-58,-55.5,41
-57,-55.5,41
-56,-55.5,41
-55,-55.5,41
-54,-55.5,41
-53,-55.5,41
-52,-55.5,41
-51,-55.5,41
-50,-55.5,41
-49,-55.5,48
-48,-55.5,48
-47,-55.5,48
-46,-55.5,48
-45,-55.5,48
-44,-55.5,48
-43,-55.5,48
-42,-55.5,48
-41,-55.5,48
-40,-55.5,48
-39,-55.5,48
-38,-55.5,48
-37,-55.5,48
-36,-55.5,48
-35,-55.5,48
-34,-55.5,48
-33,-55.5,48
-32,-55.5,48
-31,-55.5,48
-30,-55.5,48
-29,-55.5,48
-28,-55.5,48
-27,-55.5,48
-26,-55.5,48
-25,-55.5,48
-24,-55.5,48
-23,-55.5,48
-22,-55.5,48
-21,-55.5,48
-20,-55.5,48
-19,-55.5,48
-18,-55.5,48
-17,-55.5,48
-16,-55.5,48
-15,-55.5,48
-14,-55.5,48
-13,-55.5,48
-12,-55.5,48
-11,-55.5,48
-10,-55.5,48
-9,-55.5,48
-8,-55.5,48
-7,-55.5,48
-6,-55.5,48
-5,-55.5,48
-4,-55.5,48
-3,-55.5,48
-2,-55.5,48
-1,-55.5,48
0,-55.5,48
1,-55.5,48
2,-55.5,48
3,-55.5,48
4,-55.5,48
5,-55.5,48
6,-55.5,48
7,-55.5,48
8,-55.5,48
9,-55.5,48
10,-55.5,48
11,-55.5,48
12,-55.5,48
13,-55.5,48
14,-55.5,48
15,-55.5,48
16,-55.5,48
17,-55.5,48
18,-55.5,48
19,-55.5,48
20,-55.5,48
21,-55.5,48
22,-55.5,48
23,-55.5,48
24,-55.5,48
25,-55.5,48
26,-55.5,48
27,-55.5,48
28,-55.5,48
29,-55.5,48
30,-55.5,48
31,-55.5,58
32,-55.5,58
33,-55.5,58
34,-55.5,58
35,-55.5,58
36,-55.5,58
37,-55.5,58
38,-55.5,58
39,-55.5,58
40,-55.5,58
41,-55.5,58
42,-55.5,58
43,-55.5,58
44,-55.5,58
45,-55.5,58
46,-55.5,58
47,-55.5,58
48,-55.5,58
49,-55.5,58
50,-55.5,58
51,-55.5,58
52,-55.5,58
53,-55.5,58
54,-55.5,58
55,-55.5,58
56,-55.5,58
57,-55.5,58
58,-55.5,58
59,-55.5,58
60,-55.5,58
61,-55.5,58
62,-55.5,58
63,-55.5,58
64,-55.5,58
65,-55.5,58
66,-55.5,58
67,-55.5,58
68,-55.5,58
69,-55.5,58
70,-55.5,58
71,-55.5,58
72,-55.5,58
73,-55.5,58
74,-55.5,58
75,-55.5,58
76,-55.5,58
77,-55.5,58
78,-55.5,58
79,-55.5,58
80,-55.5,58
81,-55.5,58
82,-55.5,58
83,-55.5,58
84,-55.5,58
85,-55.5,58
86,-55.5,58
87,-55.5,58
88,-55.5,58
89,-55.5,58
90,-55.5,58
91,-55.5,58
92,-55.5,58
93,-55.5,58
94,-55.5,58
95,-55.5,58
96,-55.5,58
97,-55.5,58
98,-55.5,58
99,-55.5,58
100,-55.5,58
101,-55.5,58
102,-55.5,58
103,-55.5,58
104,-55.5,58
105,-55.5,58
106,-55.5,58
107,-55.5,58
108,-55.5,58
109,-55.5,58
110,-55.5,58
111,-55.5,58
112,-55.5,58
113,-55.5,58
114,-55.5,58
115,-55.5,58
116,-55.5,58
117,-55.5,58
118,-55.5,58
119,-55.5,58
120,-55.5,58
121,-55.5,58
122,-55.5,58
123,-55.5,58
124,-55.5,58
125,-55.5,58
126,-55.5,58
127,-55.5,58
128,-55.5,58
129,-55.5,58
130,-55.5,58
131,-55.5,58
132,-55.5,58
133,-55.5,58
134,-55.5,58
135,-55.5,58
136,-55.5,58
137,-55.5,58
138,-55.5,58
139,-55.5,58
140,-55.5,58
141,-55.5,58
142,-55.5,58
143,-55.5,58
144,-55.5,58
145,-55.5,58
146,-55.5,58
147,-55.5,58
148,-55.5,58
149,-55.5,58
150,-55.5,58
151,-55.5,81
152,-55.5,81
153,-55.5,81
154,-55.5,81
155,-55.5,81
156,-55.5,81
157,-55.5,81
158,-55.5,81
159,-55.5,81
160,-55.5,81
161,-55.5,81
162,-55.5,81
163,-55.5,81
164,-55.5,81
165,-55.5,81
166,-55.5,81
167,-55.5,81
168,-55.5,81
169,-55.5,81
170,-55.5,81
171,-55.5,81
172,-55.5,81
173,-55.5,81
174,-55.5,81
175,-55.5,81
176,-55.5,81
177,-55.5,81
178,-55.5,81
179,-55.5,81
-179,-56.5,81
-178,-56.5,81
-177,-56.5,81
-176,-56.5,81
-175,-56.5,81
-174,-56.5,81
-173,-56.5,81
-172,-56.5,81
-171,-56.5,81
-170,-56.5,81
-169,-56.5,81
-168,-56.5,81
-167,-56.5,81
-166,-56.5,81
-165,-56.5,81
-164,-56.5,81
-163,-56.5,81
-162,-56.5,81
-161,-56.5,81
-160,-56.5,81
-159,-56.5,81
-158,-56.5,81
-157,-56.5,81
-156,-56.5,81
-155,-56.5,81
-154,-56.5,81
-153,-56.5,81
-152,-56.5,81
-151,-56.5,81
-150,-56.5,81
-149,-56.5,81
-148,-56.5,81
-147,-56.5,81
-146,-56.5,81
-145,-56.5,81
-144,-56.5,81
-143,-56.5,81
-142,-56.5,81
-141,-56.5,81
-140,-56.5,81
-139,-56.5,81
-138,-56.5,81
-137,-56.5,81
-136,-56.5,81
-135,-56.5,81
-134,-56.5,81
-133,-56.5,81
-132,-56.5,81
-131,-56.5,81
-130,-56.5,81
-129,-56.5,81
-128,-56.5,81
-127,-56.5,81
-126,-56.5,81
-125,-56.5,81
-124,-56.5,81
-123,-56.5,81
-122,-56.5,81
-121,-56.5,81
-120,-56.5,81
-119,-56.5,87
-118,-56.5,87
-117,-56.5,87
-116,-56.5,87
-115,-56.5,87
-114,-56.5,87
-113,-56.5,87
-112,-56.5,87
-111,-56.5,87
-110,-56.5,87
-109,-56.5,87
-108,-56.5,87
-107,-56.5,87
-106,-56.5,87
-105,-56.5,87
-104,-56.5,87
-103,-56.5,87
-102,-56.5,87
-101,-56.5,87
-100,-56.5,87
-99,-56.5,87
-98,-56.5,87
-97,-56.5,87
-96,-56.5,87
-95,-56.5,87
-94,-56.5,87
-93,-56.5,87
-92,-56.5,87
-91,-56.5,87
-90,-56.5,87
-89,-56.5,87
-88,-56.5,87
-87,-56.5,87
-86,-56.5,87
-85,-56.5,87
-84,-56.5,87
-83,-56.5,87
-82,-56.5,87
-81,-56.5,87
-80,-56.5,87
-79,-56.5,87
-78,-56.5,87
-77,-56.5,87
-76,-56.5,87
-75,-56.5,136
-74,-56.5,136
-73,-56.5,136
-72,-56.5,136
-71,-56.5,136
-70,-56.5,136
-69,-56.5,136
-68,-56.5,136
-67,-56.5,136
-66,-56.5,41
-65,-56.5,41
-64,-56.5,41
-63,-56.5,41
-62,-56.5,41
-61,-56.5,41
-60,-56.5,41
-59,-56.5,41
-58,-56.5,41
-57,-56.5,41
-56,-56.5,41
-55,-56.5,41
-54,-56.5,41
-53,-56.5,41
-52,-56.5,41
-51,-56.5,41
-50,-56.5,41
-49,-56.5,48
-48,-56.5,48
-47,-56.5,48
-46,-56.5,48
-45,-56.5,48
-44,-56.5,48
-43,-56.5,48
-42,-56.5,48
-41,-56.5,48
-40,-56.5,48
-39,-56.5,48
-38,-56.5,48
-37,-56.5,48
-36,-56.5,48
-35,-56.5,48
-34,-56.5,48
-33,-56.5,48
-32,-56.5,48
-31,-56.5,48
-30,-56.5,48
-29,-56.5,48
-28,-56.5,48
-27,-56.5,48
-26,-56.5,48
-25,-56.5,48
-24,-56.5,48
-23,-56.5,48
-22,-56.5,48
-21,-56.5,48
-20,-56.5,48
-19,-56.5,48
-18,-56.5,48
-17,-56.5,48
-16,-56.5,48
-15,-56.5,48
-14,-56.5,48
-13,-56.5,48
-12,-56.5,48
-11,-56.5,48
-10,-56.5,48
-9,-56.5,48
-8,-56.5,48
-7,-56.5,48
-6,-56.5,48
-5,-56.5,48
-4,-56.5,48
-3,-56.5,48
-2,-56.5,48
-1,-56.5,48
0,-56.5,48
1,-56.5,48
2,-56.5,48
3,-56.5,48
4,-56.5,48
5,-56.5,48
6,-56.5,48
7,-56.5,48
8,-56.5,48
9,-56.5,48
10,-56.5,48
11,-56.5,48
12,-56.5,48
13,-56.5,48
14,-56.5,48
15,-56.5,48
16,-56.5,48
17,-56.5,48
18,-56.5,48
19,-56.5,48
20,-56.5,48
21,-56.5,48
22,-56.5,48
23,-56.5,48
24,-56.5,48
25,-56.5,48
26,-56.5,48
27,-56.5,48
28,-56.5,48
29,-56.5,48
30,-56.5,48
31,-56.5,58
32,-56.5,58
33,-56.5,58
34,-56.5,58
35,-56.5,58
36,-56.5,58
37,-56.5,58
38,-56.5,58
39,-56.5,58
40,-56.5,58
41,-56.5,58
42,-56.5,58
43,-56.5,58
44,-56.5,58
45,-56.5,58
46,-56.5,58
47,-56.5,58
48,-56.5,58
49,-56.5,58
50,-56.5,58
51,-56.5,58
52,-56.5,58
53,-56.5,58
54,-56.5,58
55,-56.5,58
56,-56.5,58
57,-56.5,58
58,-56.5,58
59,-56.5,58
60,-56.5,58
61,-56.5,58
62,-56.5,58
63,-56.5,58
64,-56.5,58
65,-56.5,58
66,-56.5,58
67,-56.5,58
68,-56.5,58
69,-56.5,58
70,-56.5,58
71,-56.5,58
72,-56.5,58
73,-56.5,58
74,-56.5,58
75,-56.5,58
76,-56.5,58
77,-56.5,58
78,-56.5,58
79,-56.5,58
80,-56.5,58
81,-56.5,58
82,-56.5,58
83,-56.5,58
84,-56.5,58
85,-56.5,58
86,-56.5,58
87,-56.5,58
88,-56.5,58
89,-56.5,58
90,-56.5,58
91,-56.5,58
92,-56.5,58
93,-56.5,58
94,-56.5,58
95,-56.5,58
96,-56.5,58
97,-56.5,58
98,-56.5,58
99,-56.5,58
100,-56.5,58
101,-56.5,58
102,-56.5,58
103,-56.5,58
104,-56.5,58
105,-56.5,58
106,-56.5,58
107,-56.5,58
108,-56.5,58
109,-56.5,58
110,-56.5,58
111,-56.5,58
112,-56.5,58
113,-56.5,58
114,-56.5,58
115,-56.5,58
116,-56.5,58
117,-56.5,58
118,-56.5,58
119,-56.5,58
120,-56.5,58
121,-56.5,58
122,-56.5,58
123,-56.5,58
124,-56.5,58
125,-56.5,58
126,-56.5,58
127,-56.5,58
128,-56.5,58
129,-56.5,58
130,-56.5,58
131,-56.5,58
132,-56.5,58
133,-56.5,58
134,-56.5,58
135,-56.5,58
136,-56.5,58
137,-56.5,58
138,-56.5,58
139,-56.5,58
140,-56.5,58
141,-56.5,58
142,-56.5,58
143,-56.5,58
144,-56.5,58
145,-56.5,58
146,-56.5,58
147,-56.5,58
148,-56.5,58
149,-56.5,58
150,-56.5,58
151,-56.5,81
152,-56.5,81
153,-56.5,81
154,-56.5,81
155,-56.5,81
156,-56.5,81
157,-56.5,81
158,-56.5,81
159,-56.5,81
160,-56.5,81
161,-56.5,81
162,-56.5,81
163,-56.5,81
164,-56.5,81
165,-56.5,81
166,-56.5,81
167,-56.5,81
168,-56.5,81
169,-56.5,81
170,-56.5,81
171,-56.5,81
172,-56.5,81
173,-56.5,81
174,-56.5,81
175,-56.5,81
176,-56.5,81
177,-56.5,81
178,-56.5,81
179,-56.5,81
-179,-57.5,81
-178,-57.5,81
-177,-57.5,81
-176,-57.5,81
-175,-57.5,81
-174,-57.5,81
-173,-57.5,81
-172,-57.5,81
-171,-57.5,81
-170,-57.5,81
-169,-57.5,81
-168,-57.5,81
-167,-57.5,81
-166,-57.5,81
-165,-57.5,81
-164,-57.5,81
-163,-57.5,81
-162,-57.5,81
-161,-57.5,81
-160,-57.5,81
-159,-57.5,81
-158,-57.5,81
-157,-57.5,81
-156,-57.5,81
-155,-57.5,81
-154,-57.5,81
-153,-57.5,81
-152,-57.5,81
-151,-57.5,81
-150,-57.5,81
-149,-57.5,81
-148,-57.5,81
-147,-57.5,81
-146,-57.5,81
-145,-57.5,81
-144,-57.5,81
-143,-57.5,81
-142,-57.5,81
-141,-57.5,81
-140,-57.5,81
-139,-57.5,81
-138,-57.5,81
-137,-57.5,81
-136,-57.5,81
-135,-57.5,81
-134,-57.5,81
-133,-57.5,81
-132,-57.5,81
-131,-57.5,81
-130,-57.5,81
-129,-57.5,81
-128,-57.5,81
-127,-57.5,81
-126,-57.5,81
-125,-57.5,81
-124,-57.5,81
-123,-57.5,81
-122,-57.5,81
-121,-57.5,81
-120,-57.5,81
-119,-57.5,87
-118,-57.5,87
-117,-57.5,87
-116,-57.5,87
-115,-57.5,87
-114,-57.5,87
-113,-57.5,87
-112,-57.5,87
-111,-57.5,87
-110,-57.5,87
-109,-57.5,87
-108,-57.5,87
-107,-57.5,87
-106,-57.5,87
-105,-57.5,87
-104,-57.5,87
-103,-57.5,87
-102,-57.5,87
-101,-57.5,87
-100,-57.5,87
-99,-57.5,87
-98,-57.5,87
-97,-57.5,87
-96,-57.5,87
-95,-57.5,87
-94,-57.5,87
-93,-57.5,87
-92,-57.5,87
-91,-57.5,87
-90,-57.5,87
-89,-57.5,87
-88,-57.5,87
-87,-57.5,87
-86,-57.5,87
-85,-57.5,87
-84,-57.5,87
-83,-57.5,87
-82,-57.5,87
-81,-57.5,87
-80,-57.5,87
-79,-57.5,87
-78,-57.5,87
-77,-57.5,87
-76,-57.5,87
-75,-57.5,87
-74,-57.5,87
-73,-57.5,87
-72,-57.5,87
-71,-57.5,136
-70,-57.5,87
-69,-57.5,87
-68,-57.5,87
-67,-57.5,41
-66,-57.5,41
-65,-57.5,41
-64,-57.5,41
-63,-57.5,41
-62,-57.5,41
-61,-57.5,41
-60,-57.5,41
-59,-57.5,41
-58,-57.5,41
-57,-57.5,41
-56,-57.5,41
-55,-57.5,41
-54,-57.5,41
-53,-57.5,41
-52,-57.5,41
-51,-57.5,41
-50,-57.5,41
-49,-57.5,48
-48,-57.5,48
-47,-57.5,48
-46,-57.5,48
-45,-57.5,48
-44,-57.5,48
-43,-57.5,48
-42,-57.5,48
-41,-57.5,48
-40,-57.5,48
-39,-57.5,48
-38,-57.5,48
-37,-57.5,48
-36,-57.5,48
-35,-57.5,48
-34,-57.5,48
-33,-57.5,48
-32,-57.5,48
-31,-57.5,48
-30,-57.5,48
-29,-57.5,48
-28,-57.5,48
-27,-57.5,48
-26,-57.5,48
-25,-57.5,48
-24,-57.5,48
-23,-57.5,48
-22,-57.5,48
-21,-57.5,48
-20,-57.5,48
-19,-57.5,48
-18,-57.5,48
-17,-57.5,48
-16,-57.5,48
-15,-57.5,48
-14,-57.5,48
-13,-57.5,48
-12,-57.5,48
-11,-57.5,48
-10,-57.5,48
-9,-57.5,48
-8,-57.5,48
-7,-57.5,48
-6,-57.5,48
-5,-57.5,48
-4,-57.5,48
-3,-57.5,48
-2,-57.5,48
-1,-57.5,48
0,-57.5,48
1,-57.5,48
2,-57.5,48
3,-57.5,48
4,-57.5,48
5,-57.5,48
6,-57.5,48
7,-57.5,48
8,-57.5,48
9,-57.5,48
10,-57.5,48
11,-57.5,48
12,-57.5,48
13,-57.5,48
14,-57.5,48
15,-57.5,48
16,-57.5,48
17,-57.5,48
18,-57.5,48
19,-57.5,48
20,-57.5,48
21,-57.5,48
22,-57.5,48
23,-57.5,48
24,-57.5,48
25,-57.5,48
26,-57.5,48
27,-57.5,48
28,-57.5,48
29,-57.5,48
30,-57.5,48
31,-57.5,58
32,-57.5,58
33,-57.5,58
34,-57.5,58
35,-57.5,58
36,-57.5,58
37,-57.5,58
38,-57.5,58
39,-57.5,58
40,-57.5,58
41,-57.5,58
42,-57.5,58
43,-57.5,58
44,-57.5,58
45,-57.5,58
46,-57.5,58
47,-57.5,58
48,-57.5,58
49,-57.5,58
50,-57.5,58
51,-57.5,58
52,-57.5,58
53,-57.5,58
54,-57.5,58
55,-57.5,58
56,-57.5,58
57,-57.5,58
58,-57.5,58
59,-57.5,58
60,-57.5,58
61,-57.5,58
62,-57.5,58
63,-57.5,58
64,-57.5,58
65,-57.5,58
66,-57.5,58
67,-57.5,58
68,-57.5,58
69,-57.5,58
70,-57.5,58
71,-57.5,58
72,-57.5,58
73,-57.5,58
74,-57.5,58
75,-57.5,58
76,-57.5,58
77,-57.5,58
78,-57.5,58
79,-57.5,58
80,-57.5,58
81,-57.5,58
82,-57.5,58
83,-57.5,58
84,-57.5,58
85,-57.5,58
86,-57.5,58
87,-57.5,58
88,-57.5,58
89,-57.5,58
90,-57.5,58
91,-57.5,58
92,-57.5,58
93,-57.5,58
94,-57.5,58
95,-57.5,58
96,-57.5,58
97,-57.5,58
98,-57.5,58
99,-57.5,58
100,-57.5,58
101,-57.5,58
102,-57.5,58
103,-57.5,58
104,-57.5,58
105,-57.5,58
106,-57.5,58
107,-57.5,58
108,-57.5,58
109,-57.5,58
110,-57.5,58
111,-57.5,58
112,-57.5,58
113,-57.5,58
114,-57.5,58
115,-57.5,58
116,-57.5,58
117,-57.5,58
118,-57.5,58
119,-57.5,58
120,-57.5,58
121,-57.5,58
122,-57.5,58
123,-57.5,58
124,-57.5,58
125,-57.5,58
126,-57.5,58
127,-57.5,58
128,-57.5,58
129,-57.5,58
130,-57.5,58
131,-57.5,58
132,-57.5,58
133,-57.5,58
134,-57.5,58
135,-57.5,58
136,-57.5,58
137,-57.5,58
138,-57.5,58
139,-57.5,58
140,-57.5,58
141,-57.5,58
142,-57.5,58
143,-57.5,58
144,-57.5,58
145,-57.5,58
146,-57.5,58
147,-57.5,58
148,-57.5,58
149,-57.5,58
150,-57.5,58
151,-57.5,81
152,-57.5,81
153,-57.5,81
154,-57.5,81
155,-57.5,81
156,-57.5,81
157,-57.5,81
158,-57.5,81
159,-57.5,81
160,-57.5,81
161,-57.5,81
162,-57.5,81
163,-57.5,81
164,-57.5,81
165,-57.5,81
166,-57.5,81
167,-57.5,81
168,-57.5,81
169,-57.5,81
170,-57.5,81
171,-57.5,81
172,-57.5,81
173,-57.5,81
174,-57.5,81
175,-57.5,81
176,-57.5,81
177,-57.5,81
178,-57.5,81
179,-57.5,81
-179,-58.5,81
-178,-58.5,81
-177,-58.5,81
-176,-58.5,81
-175,-58.5,81
-174,-58.5,81
-173,-58.5,81
-172,-58.5,81
-171,-58.5,81
-170,-58.5,81
-169,-58.5,81
-168,-58.5,81
-167,-58.5,81
-166,-58.5,81
-165,-58.5,81
-164,-58.5,81
-163,-58.5,81
-162,-58.5,81
-161,-58.5,81
-160,-58.5,81
-159,-58.5,81
-158,-58.5,81
-157,-58.5,81
-156,-58.5,81
-155,-58.5,81
-154,-58.5,81
-153,-58.5,81
-152,-58.5,81
-151,-58.5,81
-150,-58.5,81
-149,-58.5,81
-148,-58.5,81
-147,-58.5,81
-146,-58.5,81
-145,-58.5,81
-144,-58.5,81
-143,-58.5,81
-142,-58.5,81
-141,-58.5,81
-140,-58.5,81
-139,-58.5,81
-138,-58.5,81
-137,-58.5,81
-136,-58.5,81
-135,-58.5,81
-134,-58.5,81
-133,-58.5,81
-132,-58.5,81
-131,-58.5,81
-130,-58.5,81
-129,-58.5,81
-128,-58.5,81
-127,-58.5,81
-126,-58.5,81
-125,-58.5,81
-124,-58.5,81
-123,-58.5,81
-122,-58.5,81
-121,-58.5,81
-120,-58.5,81
-119,-58.5,87
-118,-58.5,87
-117,-58.5,87
-116,-58.5,87
-115,-58.5,87
-114,-58.5,87
-113,-58.5,87
-112,-58.5,87
-111,-58.5,87
-110,-58.5,87
-109,-58.5,87
-108,-58.5,87
-107,-58.5,87
-106,-58.5,87
-105,-58.5,87
-104,-58.5,87
-103,-58.5,87
-102,-58.5,87
-101,-58.5,87
-100,-58.5,87
-99,-58.5,87
-98,-58.5,87
-97,-58.5,87
-96,-58.5,87
-95,-58.5,87
-94,-58.5,87
-93,-58.5,87
-92,-58.5,87
-91,-58.5,87
-90,-58.5,87
-89,-58.5,87
-88,-58.5,87
-87,-58.5,87
-86,-58.5,87
-85,-58.5,87
-84,-58.5,87
-83,-58.5,87
-82,-58.5,87
-81,-58.5,87
-80,-58.5,87
-79,-58.5,87
-78,-58.5,87
-77,-58.5,87
-76,-58.5,87
-75,-58.5,87
-74,-58.5,87
-73,-58.5,87
-72,-58.5,87
-71,-58.5,87
-70,-58.5,87
-69,-58.5,87
-68,-58.5,87
-67,-58.5,41
-66,-58.5,41
-65,-58.5,41
-64,-58.5,41
-63,-58.5,41
-62,-58.5,41
-61,-58.5,41
-60,-58.5,41
-59,-58.5,41
-58,-58.5,41
-57,-58.5,41
-56,-58.5,41
-55,-58.5,41
-54,-58.5,41
-53,-58.5,41
-52,-58.5,41
-51,-58.5,41
-50,-58.5,41
-49,-58.5,48
-48,-58.5,48
-47,-58.5,48
-46,-58.5,48
-45,-58.5,48
-44,-58.5,48
-43,-58.5,48
-42,-58.5,48
-41,-58.5,48
-40,-58.5,48
-39,-58.5,48
-38,-58.5,48
-37,-58.5,48
-36,-58.5,48
-35,-58.5,48
-34,-58.5,48
-33,-58.5,48
-32,-58.5,48
-31,-58.5,48
-30,-58.5,48
-29,-58.5,48
-28,-58.5,48
-27,-58.5,48
-26,-58.5,48
-25,-58.5,48
-24,-58.5,48
-23,-58.5,48
-22,-58.5,48
-21,-58.5,48
-20,-58.5,48
-19,-58.5,48
-18,-58.5,48
-17,-58.5,48
-16,-58.5,48
-15,-58.5,48
-14,-58.5,48
-13,-58.5,48
-12,-58.5,48
-11,-58.5,48
-10,-58.5,48
-9,-58.5,48
-8,-58.5,48
-7,-58.5,48
-6,-58.5,48
-5,-58.5,48
-4,-58.5,48
-3,-58.5,48
-2,-58.5,48
-1,-58.5,48
0,-58.5,48
1,-58.5,48
2,-58.5,48
3,-58.5,48
4,-58.5,48
5,-58.5,48
6,-58.5,48
7,-58.5,48
8,-58.5,48
9,-58.5,48
10,-58.5,48
11,-58.5,48
12,-58.5,48
13,-58.5,48
14,-58.5,48
15,-58.5,48
16,-58.5,48
17,-58.5,48
18,-58.5,48
19,-58.5,48
20,-58.5,48
21,-58.5,48
22,-58.5,48
23,-58.5,48
24,-58.5,48
25,-58.5,48
26,-58.5,48
27,-58.5,48
28,-58.5,48
29,-58.5,48
30,-58.5,48
31,-58.5,58
32,-58.5,58
33,-58.5,58
34,-58.5,58
35,-58.5,58
36,-58.5,58
37,-58.5,58
38,-58.5,58
39,-58.5,58
40,-58.5,58
41,-58.5,58
42,-58.5,58
43,-58.5,58
44,-58.5,58
45,-58.5,58
46,-58.5,58
47,-58.5,58
48,-58.5,58
49,-58.5,58
50,-58.5,58
51,-58.5,58
52,-58.5,58
53,-58.5,58
54,-58.5,58
55,-58.5,58
56,-58.5,58
57,-58.5,58
58,-58.5,58
59,-58.5,58
60,-58.5,58
61,-58.5,58
62,-58.5,58
63,-58.5,58
64,-58.5,58
65,-58.5,58
66,-58.5,58
67,-58.5,58
68,-58.5,58
69,-58.5,58
70,-58.5,58
71,-58.5,58
72,-58.5,58
73,-58.5,58
74,-58.5,58
75,-58.5,58
76,-58.5,58
77,-58.5,58
78,-58.5,58
79,-58.5,58
80,-58.5,58
81,-58.5,58
82,-58.5,58
83,-58.5,58
84,-58.5,58
85,-58.5,58
86,-58.5,58
87,-58.5,58
88,-58.5,58
89,-58.5,58
90,-58.5,58
91,-58.5,58
92,-58.5,58
93,-58.5,58
94,-58.5,58
95,-58.5,58
96,-58.5,58
97,-58.5,58
98,-58.5,58
99,-58.5,58
100,-58.5,58
101,-58.5,58
102,-58.5,58
103,-58.5,58
104,-58.5,58
105,-58.5,58
106,-58.5,58
107,-58.5,58
108,-58.5,58
109,-58.5,58
110,-58.5,58
111,-58.5,58
112,-58.5,58
113,-58.5,58
114,-58.5,58
115,-58.5,58
116,-58.5,58
117,-58.5,58
118,-58.5,58
119,-58.5,58
120,-58.5,58
121,-58.5,58
122,-58.5,58
123,-58.5,58
124,-58.5,58
125,-58.5,58
126,-58.5,58
127,-58.5,58
128,-58.5,58
129,-58.5,58
130,-58.5,58
131,-58.5,58
132,-58.5,58
133,-58.5,58
134,-58.5,58
135,-58.5,58
136,-58.5,58
137,-58.5,58
138,-58.5,58
139,-58.5,58
140,-58.5,58
141,-58.5,58
142,-58.5,58
143,-58.5,58
144,-58.5,58
145,-58.5,58
146,-58.5,58
147,-58.5,58
148,-58.5,58
149,-58.5,58
150,-58.5,58
151,-58.5,81
152,-58.5,81
153,-58.5,81
154,-58.5,81
155,-58.5,81
156,-58.5,81
157,-58.5,81
158,-58.5,81
159,-58.5,81
160,-58.5,81
161,-58.5,81
162,-58.5,81
163,-58.5,81
164,-58.5,81
165,-58.5,81
166,-58.5,81
167,-58.5,81
168,-58.5,81
169,-58.5,81
170,-58.5,81
171,-58.5,81
172,-58.5,81
173,-58.5,81
174,-58.5,81
175,-58.5,81
176,-58.5,81
177,-58.5,81
178,-58.5,81
179,-58.5,81
-179,-59.5,81
-178,-59.5,81
-177,-59.5,81
-176,-59.5,81
-175,-59.5,81
-174,-59.5,81
-173,-59.5,81
-172,-59.5,81
-171,-59.5,81
-170,-59.5,81
-169,-59.5,81
-168,-59.5,81
-167,-59.5,81
-166,-59.5,81
-165,-59.5,81
-164,-59.5,81
-163,-59.5,81
-162,-59.5,81
-161,-59.5,81
-160,-59.5,81
-159,-59.5,81
-158,-59.5,81
-157,-59.5,81
-156,-59.5,81
-155,-59.5,81
-154,-59.5,81
-153,-59.5,81
-152,-59.5,81
-151,-59.5,81
-150,-59.5,81
-149,-59.5,81
-148,-59.5,81
-147,-59.5,81
-146,-59.5,81
-145,-59.5,81
-144,-59.5,81
-143,-59.5,81
-142,-59.5,81
-141,-59.5,81
-140,-59.5,81
-139,-59.5,81
-138,-59.5,81
-137,-59.5,81
-136,-59.5,81
-135,-59.5,81
-134,-59.5,81
-133,-59.5,81
-132,-59.5,81
-131,-59.5,81
-130,-59.5,81
-129,-59.5,81
-128,-59.5,81
-127,-59.5,81
-126,-59.5,81
-125,-59.5,81
-124,-59.5,81
-123,-59.5,81
-122,-59.5,81
-121,-59.5,81
-120,-59.5,81
-119,-59.5,87
-118,-59.5,87
-117,-59.5,87
-116,-59.5,87
-115,-59.5,87
-114,-59.5,87
-113,-59.5,87
-112,-59.5,87
-111,-59.5,87
-110,-59.5,87
-109,-59.5,87
-108,-59.5,87
-107,-59.5,87
-106,-59.5,87
-105,-59.5,87
-104,-59.5,87
-103,-59.5,87
-102,-59.5,87
-101,-59.5,87
-100,-59.5,87
-99,-59.5,87
-98,-59.5,87
-97,-59.5,87
-96,-59.5,87
-95,-59.5,87
-94,-59.5,87
-93,-59.5,87
-92,-59.5,87
-91,-59.5,87
-90,-59.5,87
-89,-59.5,87
-88,-59.5,87
-87,-59.5,87
-86,-59.5,87
-85,-59.5,87
-84,-59.5,87
-83,-59.5,87
-82,-59.5,87
-81,-59.5,87
-80,-59.5,87
-79,-59.5,87
-78,-59.5,87
-77,-59.5,87
-76,-59.5,87
-75,-59.5,87
-74,-59.5,87
-73,-59.5,87
-72,-59.5,87
-71,-59.5,87
-70,-59.5,87
-69,-59.5,87
-68,-59.5,87
-67,-59.5,41
-66,-59.5,41
-65,-59.5,41
-64,-59.5,41
-63,-59.5,41
-62,-59.5,41
-61,-59.5,41
-60,-59.5,41
-59,-59.5,41
-58,-59.5,41
-57,-59.5,41
-56,-59.5,41
-55,-59.5,41
-54,-59.5,41
-53,-59.5,41
-52,-59.5,41
-51,-59.5,41
-50,-59.5,41
-49,-59.5,48
-48,-59.5,48
-47,-59.5,48
-46,-59.5,48
-45,-59.5,48
-44,-59.5,48
-43,-59.5,48
-42,-59.5,48
-41,-59.5,48
-40,-59.5,48
-39,-59.5,48
-38,-59.5,48
-37,-59.5,48
-36,-59.5,48
-35,-59.5,48
-34,-59.5,48
-33,-59.5,48
-32,-59.5,48
-31,-59.5,48
-30,-59.5,48
-29,-59.5,48
-28,-59.5,48
-27,-59.5,48
-26,-59.5,48
-25,-59.5,48
-24,-59.5,48
-23,-59.5,48
-22,-59.5,48
-21,-59.5,48
-20,-59.5,48
-19,-59.5,48
-18,-59.5,48
-17,-59.5,48
-16,-59.5,48
-15,-59.5,48
-14,-59.5,48
-13,-59.5,48
-12,-59.5,48
-11,-59.5,48
-10,-59.5,48
-9,-59.5,48
-8,-59.5,48
-7,-59.5,48
-6,-59.5,48
-5,-59.5,48
-4,-59.5,48
-3,-59.5,48
-2,-59.5,48
-1,-59.5,48
0,-59.5,48
1,-59.5,48
2,-59.5,48
3,-59.5,48
4,-59.5,48
5,-59.5,48
6,-59.5,48
7,-59.5,48
8,-59.5,48
9,-59.5,48
10,-59.5,48
11,-59.5,48
12,-59.5,48
13,-59.5,48
14,-59.5,48
15,-59.5,48
16,-59.5,48
17,-59.5,48
18,-59.5,48
19,-59.5,48
20,-59.5,48
21,-59.5,48
22,-59.5,48
23,-59.5,48
24,-59.5,48
25,-59.5,48
26,-59.5,48
27,-59.5,48
28,-59.5,48
29,-59.5,48
30,-59.5,48
31,-59.5,58
32,-59.5,58
33,-59.5,58
34,-59.5,58
35,-59.5,58
36,-59.5,58
37,-59.5,58
38,-59.5,58
39,-59.5,58
40,-59.5,58
41,-59.5,58
42,-59.5,58
43,-59.5,58
44,-59.5,58
45,-59.5,58
46,-59.5,58
47,-59.5,58
48,-59.5,58
49,-59.5,58
50,-59.5,58
51,-59.5,58
52,-59.5,58
53,-59.5,58
54,-59.5,58
55,-59.5,58
56,-59.5,58
57,-59.5,58
58,-59.5,58
59,-59.5,58
60,-59.5,58
61,-59.5,58
62,-59.5,58
63,-59.5,58
64,-59.5,58
65,-59.5,58
66,-59.5,58
67,-59.5,58
68,-59.5,58
69,-59.5,58
70,-59.5,58
71,-59.5,58
72,-59.5,58
73,-59.5,58
74,-59.5,58
75,-59.5,58
76,-59.5,58
77,-59.5,58
78,-59.5,58
79,-59.5,58
80,-59.5,58
81,-59.5,58
82,-59.5,58
83,-59.5,58
84,-59.5,58
85,-59.5,58
86,-59.5,58
87,-59.5,58
88,-59.5,58
89,-59.5,58
90,-59.5,58
91,-59.5,58
92,-59.5,58
93,-59.5,58
94,-59.5,58
95,-59.5,58
96,-59.5,58
97,-59.5,58
98,-59.5,58
99,-59.5,58
100,-59.5,58
101,-59.5,58
102,-59.5,58
103,-59.5,58
104,-59.5,58
105,-59.5,58
106,-59.5,58
107,-59.5,58
108,-59.5,58
109,-59.5,58
110,-59.5,58
111,-59.5,58
112,-59.5,58
113,-59.5,58
114,-59.5,58
115,-59.5,58
116,-59.5,58
117,-59.5,58
118,-59.5,58
119,-59.5,58
120,-59.5,58
121,-59.5,58
122,-59.5,58
123,-59.5,58
124,-59.5,58
125,-59.5,58
126,-59.5,58
127,-59.5,58
128,-59.5,58
129,-59.5,58
130,-59.5,58
131,-59.5,58
132,-59.5,58
133,-59.5,58
134,-59.5,58
135,-59.5,58
136,-59.5,58
137,-59.5,58
138,-59.5,58
139,-59.5,58
140,-59.5,58
141,-59.5,58
142,-59.5,58
143,-59.5,58
144,-59.5,58
145,-59.5,58
146,-59.5,58
147,-59.5,58
148,-59.5,58
149,-59.5,58
150,-59.5,58
151,-59.5,81
152,-59.5,81
153,-59.5,81
154,-59.5,81
155,-59.5,81
156,-59.5,81
157,-59.5,81
158,-59.5,81
159,-59.5,81
160,-59.5,81
161,-59.5,81
162,-59.5,81
163,-59.5,81
164,-59.5,81
165,-59.5,81
166,-59.5,81
167,-59.5,81
168,-59.5,81
169,-59.5,81
170,-59.5,81
171,-59.5,81
172,-59.5,81
173,-59.5,81
174,-59.5,81
175,-59.5,81
176,-59.5,81
177,-59.5,81
178,-59.5,81
179,-59.5,81
-179,-60.5,88
-178,-60.5,88
-177,-60.5,88
-176,-60.5,88
-175,-60.5,88
-174,-60.5,88
-173,-60.5,88
-172,-60.5,88
-171,-60.5,88
-170,-60.5,88
-169,-60.5,88
-168,-60.5,88
-167,-60.5,88
-166,-60.5,88
-165,-60.5,88
-164,-60.5,88
-163,-60.5,88
-162,-60.5,88
-161,-60.5,88
-160,-60.5,88
-159,-60.5,88
-158,-60.5,88
-157,-60.5,88
-156,-60.5,88
-155,-60.5,88
-154,-60.5,88
-153,-60.5,88
-152,-60.5,88
-151,-60.5,88
-150,-60.5,88
-149,-60.5,88
-148,-60.5,88
-147,-60.5,88
-146,-60.5,88
-145,-60.5,88
-144,-60.5,88
-143,-60.5,88
-142,-60.5,88
-141,-60.5,88
-140,-60.5,88
-139,-60.5,88
-138,-60.5,88
-137,-60.5,88
-136,-60.5,88
-135,-60.5,88
-134,-60.5,88
-133,-60.5,88
-132,-60.5,88
-131,-60.5,88
-130,-60.5,88
-129,-60.5,88
-128,-60.5,88
-127,-60.5,88
-126,-60.5,88
-125,-60.5,88
-124,-60.5,88
-123,-60.5,88
-122,-60.5,88
-121,-60.5,88
-120,-60.5,88
-119,-60.5,88
-118,-60.5,88
-117,-60.5,88
-116,-60.5,88
-115,-60.5,88
-114,-60.5,88
-113,-60.5,88
-112,-60.5,88
-111,-60.5,88
-110,-60.5,88
-109,-60.5,88
-108,-60.5,88
-107,-60.5,88
-106,-60.5,88
-105,-60.5,88
-104,-60.5,88
-103,-60.5,88
-102,-60.5,88
-101,-60.5,88
-100,-60.5,88
-99,-60.5,88
-98,-60.5,88
-97,-60.5,88
-96,-60.5,88
-95,-60.5,88
-94,-60.5,88
-93,-60.5,88
-92,-60.5,88
-91,-60.5,88
-90,-60.5,88
-89,-60.5,88
-88,-60.5,88
-87,-60.5,88
-86,-60.5,88
-85,-60.5,88
-84,-60.5,88
-83,-60.5,88
-82,-60.5,88
-81,-60.5,88
-80,-60.5,88
-79,-60.5,88
-78,-60.5,88
-77,-60.5,88
-76,-60.5,88
-75,-60.5,88
-74,-60.5,88
-73,-60.5,88
-72,-60.5,88
-71,-60.5,88
-70,-60.5,88
-69,-60.5,48
-68,-60.5,48
-67,-60.5,48
-66,-60.5,48
-65,-60.5,48
-64,-60.5,48
-63,-60.5,48
-62,-60.5,48
-61,-60.5,48
-60,-60.5,48
-59,-60.5,48
-58,-60.5,48
-57,-60.5,48
-56,-60.5,48
-55,-60.5,48
-54,-60.5,48
-53,-60.5,147
-52,-60.5,48
-51,-60.5,48
-50,-60.5,48
-49,-60.5,48
-48,-60.5,48
-47,-60.5,48
-46,-60.5,48
-45,-60.5,48
-44,-60.5,48
-43,-60.5,48
-42,-60.5,48
-41,-60.5,48
-40,-60.5,48
-39,-60.5,48
-38,-60.5,48
-37,-60.5,48
-36,-60.5,48
-35,-60.5,48
-34,-60.5,48
-33,-60.5,48
-32,-60.5,48
-31,-60.5,48
-30,-60.5,48
-29,-60.5,48
-28,-60.5,48
-27,-60.5,48
-26,-60.5,48
-25,-60.5,48
-24,-60.5,48
-23,-60.5,48
-22,-60.5,48
-21,-60.5,48
-20,-60.5,48
-19,-60.5,48
-18,-60.5,48
-17,-60.5,48
-16,-60.5,48
-15,-60.5,48
-14,-60.5,48
-13,-60.5,48
-12,-60.5,48
-11,-60.5,48
-10,-60.5,48
-9,-60.5,48
-8,-60.5,48
-7,-60.5,48
-6,-60.5,48
-5,-60.5,48
-4,-60.5,48
-3,-60.5,48
-2,-60.5,48
-1,-60.5,48
0,-60.5,48
1,-60.5,48
2,-60.5,48
3,-60.5,48
4,-60.5,48
5,-60.5,48
6,-60.5,48
7,-60.5,48
8,-60.5,48
9,-60.5,48
10,-60.5,48
11,-60.5,48
12,-60.5,48
13,-60.5,48
14,-60.5,48
15,-60.5,48
16,-60.5,48
17,-60.5,48
18,-60.5,48
19,-60.5,48
20,-60.5,48
21,-60.5,48
22,-60.5,48
23,-60.5,48
24,-60.5,48
25,-60.5,48
26,-60.5,48
27,-60.5,48
28,-60.5,48
29,-60.5,48
30,-60.5,48
31,-60.5,58
32,-60.5,58
33,-60.5,58
34,-60.5,58
35,-60.5,58
36,-60.5,58
37,-60.5,58
38,-60.5,58
39,-60.5,58
40,-60.5,58
41,-60.5,58
42,-60.5,58
43,-60.5,58
44,-60.5,58
45,-60.5,58
46,-60.5,58
47,-60.5,58
48,-60.5,58
49,-60.5,58
50,-60.5,58
51,-60.5,58
52,-60.5,58
53,-60.5,58
54,-60.5,58
55,-60.5,58
56,-60.5,58
57,-60.5,58
58,-60.5,58
59,-60.5,58
60,-60.5,58
61,-60.5,58
62,-60.5,58
63,-60.5,58
64,-60.5,58
65,-60.5,58
66,-60.5,58
67,-60.5,58
68,-60.5,58
69,-60.5,58
70,-60.5,58
71,-60.5,58
72,-60.5,58
73,-60.5,58
74,-60.5,58
75,-60.5,58
76,-60.5,58
77,-60.5,58
78,-60.5,58
79,-60.5,58
80,-60.5,58
81,-60.5,58
82,-60.5,58
83,-60.5,58
84,-60.5,58
85,-60.5,58
86,-60.5,58
87,-60.5,58
88,-60.5,58
89,-60.5,58
90,-60.5,58
91,-60.5,58
92,-60.5,58
93,-60.5,58
94,-60.5,58
95,-60.5,58
96,-60.5,58
97,-60.5,58
98,-60.5,58
99,-60.5,58
100,-60.5,58
101,-60.5,58
102,-60.5,58
103,-60.5,58
104,-60.5,58
105,-60.5,58
106,-60.5,58
107,-60.5,58
108,-60.5,58
109,-60.5,58
110,-60.5,58
111,-60.5,58
112,-60.5,58
113,-60.5,58
114,-60.5,58
115,-60.5,58
116,-60.5,58
117,-60.5,58
118,-60.5,58
119,-60.5,58
120,-60.5,58
121,-60.5,58
122,-60.5,58
123,-60.5,58
124,-60.5,58
125,-60.5,58
126,-60.5,58
127,-60.5,58
128,-60.5,58
129,-60.5,58
130,-60.5,58
131,-60.5,58
132,-60.5,58
133,-60.5,58
134,-60.5,58
135,-60.5,58
136,-60.5,58
137,-60.5,58
138,-60.5,58
139,-60.5,58
140,-60.5,58
141,-60.5,58
142,-60.5,58
143,-60.5,58
144,-60.5,58
145,-60.5,58
146,-60.5,58
147,-60.5,58
148,-60.5,58
149,-60.5,58
150,-60.5,58
151,-60.5,88
152,-60.5,88
153,-60.5,88
154,-60.5,88
155,-60.5,88
156,-60.5,88
157,-60.5,88
158,-60.5,88
159,-60.5,88
160,-60.5,88
161,-60.5,88
162,-60.5,88
163,-60.5,88
164,-60.5,88
165,-60.5,88
166,-60.5,88
167,-60.5,88
168,-60.5,88
169,-60.5,88
170,-60.5,88
171,-60.5,88
172,-60.5,88
173,-60.5,88
174,-60.5,88
175,-60.5,88
176,-60.5,88
177,-60.5,88
178,-60.5,88
179,-60.5,88
-179,-61.5,88
-178,-61.5,88
-177,-61.5,88
-176,-61.5,88
-175,-61.5,88
-174,-61.5,88
-173,-61.5,88
-172,-61.5,88
-171,-61.5,88
-170,-61.5,88
-169,-61.5,88
-168,-61.5,88
-167,-61.5,88
-166,-61.5,88
-165,-61.5,88
-164,-61.5,88
-163,-61.5,88
-162,-61.5,88
-161,-61.5,88
-160,-61.5,88
-159,-61.5,88
-158,-61.5,88
-157,-61.5,88
-156,-61.5,88
-155,-61.5,88
-154,-61.5,88
-153,-61.5,88
-152,-61.5,88
-151,-61.5,88
-150,-61.5,88
-149,-61.5,88
-148,-61.5,88
-147,-61.5,88
-146,-61.5,88
-145,-61.5,88
-144,-61.5,88
-143,-61.5,88
-142,-61.5,88
-141,-61.5,88
-140,-61.5,88
-139,-61.5,88
-138,-61.5,88
-137,-61.5,88
-136,-61.5,88
-135,-61.5,88
-134,-61.5,88
-133,-61.5,88
-132,-61.5,88
-131,-61.5,88
-130,-61.5,88
-129,-61.5,88
-128,-61.5,88
-127,-61.5,88
-126,-61.5,88
-125,-61.5,88
-124,-61.5,88
-123,-61.5,88
-122,-61.5,88
-121,-61.5,88
-120,-61.5,88
-119,-61.5,88
-118,-61.5,88
-117,-61.5,88
-116,-61.5,88
-115,-61.5,88
-114,-61.5,88
-113,-61.5,88
-112,-61.5,88
-111,-61.5,88
-110,-61.5,88
-109,-61.5,88
-108,-61.5,88
-107,-61.5,88
-106,-61.5,88
-105,-61.5,88
-104,-61.5,88
-103,-61.5,88
-102,-61.5,88
-101,-61.5,88
-100,-61.5,88
-99,-61.5,88
-98,-61.5,88
-97,-61.5,88
-96,-61.5,88
-95,-61.5,88
-94,-61.5,88
-93,-61.5,88
-92,-61.5,88
-91,-61.5,88
-90,-61.5,88
-89,-61.5,88
-88,-61.5,88
-87,-61.5,88
-86,-61.5,88
-85,-61.5,88
-84,-61.5,88
-83,-61.5,88
-82,-61.5,88
-81,-61.5,88
-80,-61.5,88
-79,-61.5,88
-78,-61.5,88
-77,-61.5,88
-76,-61.5,88
-75,-61.5,88
-74,-61.5,88
-73,-61.5,88
-72,-61.5,88
-71,-61.5,88
-70,-61.5,88
-69,-61.5,48
-68,-61.5,48
-67,-61.5,48
-66,-61.5,48
-65,-61.5,48
-64,-61.5,48
-63,-61.5,48
-62,-61.5,48
-61,-61.5,48
-60,-61.5,48
-59,-61.5,48
-58,-61.5,147
-57,-61.5,147
-56,-61.5,147
-55,-61.5,147
-54,-61.5,147
-53,-61.5,147
-52,-61.5,147
-51,-61.5,48
-50,-61.5,48
-49,-61.5,48
-48,-61.5,48
-47,-61.5,48
-46,-61.5,48
-45,-61.5,48
-44,-61.5,48
-43,-61.5,48
-42,-61.5,48
-41,-61.5,48
-40,-61.5,48
-39,-61.5,48
-38,-61.5,48
-37,-61.5,48
-36,-61.5,48
-35,-61.5,48
-34,-61.5,48
-33,-61.5,48
-32,-61.5,48
-31,-61.5,48
-30,-61.5,48
-29,-61.5,48
-28,-61.5,48
-27,-61.5,48
-26,-61.5,48
-25,-61.5,48
-24,-61.5,48
-23,-61.5,48
-22,-61.5,48
-21,-61.5,48
-20,-61.5,48
-19,-61.5,48
-18,-61.5,48
-17,-61.5,48
-16,-61.5,48
-15,-61.5,48
-14,-61.5,48
-13,-61.5,48
-12,-61.5,48
-11,-61.5,48
-10,-61.5,48
-9,-61.5,48
-8,-61.5,48
-7,-61.5,48
-6,-61.5,48
-5,-61.5,48
-4,-61.5,48
-3,-61.5,48
-2,-61.5,48
-1,-61.5,48
0,-61.5,48
1,-61.5,48
2,-61.5,48
3,-61.5,48
4,-61.5,48
5,-61.5,48
6,-61.5,48
7,-61.5,48
8,-61.5,48
9,-61.5,48
10,-61.5,48
11,-61.5,48
12,-61.5,48
13,-61.5,48
14,-61.5,48
15,-61.5,48
16,-61.5,48
17,-61.5,48
18,-61.5,48
19,-61.5,48
20,-61.5,48
21,-61.5,48
22,-61.5,48
23,-61.5,48
24,-61.5,48
25,-61.5,48
26,-61.5,48
27,-61.5,48
28,-61.5,48
29,-61.5,48
30,-61.5,48
31,-61.5,58
32,-61.5,58
33,-61.5,58
34,-61.5,58
35,-61.5,58
36,-61.5,58
37,-61.5,58
38,-61.5,58
39,-61.5,58
40,-61.5,58
41,-61.5,58
42,-61.5,58
43,-61.5,58
44,-61.5,58
45,-61.5,58
46,-61.5,58
47,-61.5,58
48,-61.5,58
49,-61.5,58
50,-61.5,58
51,-61.5,58
52,-61.5,58
53,-61.5,58
54,-61.5,58
55,-61.5,58
56,-61.5,58
57,-61.5,58
58,-61.5,58
59,-61.5,58
60,-61.5,58
61,-61.5,58
62,-61.5,58
63,-61.5,58
64,-61.5,58
65,-61.5,58
66,-61.5,58
67,-61.5,58
68,-61.5,58
69,-61.5,58
70,-61.5,58
71,-61.5,58
72,-61.5,58
73,-61.5,58
74,-61.5,58
75,-61.5,58
76,-61.5,58
77,-61.5,58
78,-61.5,58
79,-61.5,58
80,-61.5,58
81,-61.5,58
82,-61.5,58
83,-61.5,58
84,-61.5,58
85,-61.5,58
86,-61.5,58
87,-61.5,58
88,-61.5,58
89,-61.5,58
90,-61.5,58
91,-61.5,58
92,-61.5,58
93,-61.5,58
94,-61.5,58
95,-61.5,58
96,-61.5,58
97,-61.5,58
98,-61.5,58
99,-61.5,58
100,-61.5,58
101,-61.5,58
102,-61.5,58
103,-61.5,58
104,-61.5,58
105,-61.5,58
106,-61.5,58
107,-61.5,58
108,-61.5,58
109,-61.5,58
110,-61.5,58
111,-61.5,58
112,-61.5,58
113,-61.5,58
114,-61.5,58
115,-61.5,58
116,-61.5,58
117,-61.5,58
118,-61.5,58
119,-61.5,58
120,-61.5,58
121,-61.5,58
122,-61.5,58
123,-61.5,58
124,-61.5,58
125,-61.5,58
126,-61.5,58
127,-61.5,58
128,-61.5,58
129,-61.5,58
130,-61.5,58
131,-61.5,58
132,-61.5,58
133,-61.5,58
134,-61.5,58
135,-61.5,58
136,-61.5,58
137,-61.5,58
138,-61.5,58
139,-61.5,58
140,-61.5,58
141,-61.5,58
142,-61.5,58
143,-61.5,58
144,-61.5,58
145,-61.5,58
146,-61.5,58
147,-61.5,58
148,-61.5,58
149,-61.5,58
150,-61.5,58
151,-61.5,88
152,-61.5,88
153,-61.5,88
154,-61.5,88
155,-61.5,88
156,-61.5,88
157,-61.5,88
158,-61.5,88
159,-61.5,88
160,-61.5,88
161,-61.5,88
162,-61.5,88
163,-61.5,88
164,-61.5,88
165,-61.5,88
166,-61.5,88
167,-61.5,88
168,-61.5,88
169,-61.5,88
170,-61.5,88
171,-61.5,88
172,-61.5,88
173,-61.5,88
174,-61.5,88
175,-61.5,88
176,-61.5,88
177,-61.5,88
178,-61.5,88
179,-61.5,88
-179,-62.5,88
-178,-62.5,88
-177,-62.5,88
-176,-62.5,88
-175,-62.5,88
-174,-62.5,88
-173,-62.5,88
-172,-62.5,88
-171,-62.5,88
-170,-62.5,88
-169,-62.5,88
-168,-62.5,88
-167,-62.5,88
-166,-62.5,88
-165,-62.5,88
-164,-62.5,88
-163,-62.5,88
-162,-62.5,88
-161,-62.5,88
-160,-62.5,88
-159,-62.5,88
-158,-62.5,88
-157,-62.5,88
-156,-62.5,88
-155,-62.5,88
-154,-62.5,88
-153,-62.5,88
-152,-62.5,88
-151,-62.5,88
-150,-62.5,88
-149,-62.5,88
-148,-62.5,88
-147,-62.5,88
-146,-62.5,88
-145,-62.5,88
-144,-62.5,88
-143,-62.5,88
-142,-62.5,88
-141,-62.5,88
-140,-62.5,88
-139,-62.5,88
-138,-62.5,88
-137,-62.5,88
-136,-62.5,88
-135,-62.5,88
-134,-62.5,88
-133,-62.5,88
-132,-62.5,88
-131,-62.5,88
-130,-62.5,88
-129,-62.5,88
-128,-62.5,88
-127,-62.5,88
-126,-62.5,88
-125,-62.5,88
-124,-62.5,88
-123,-62.5,88
-122,-62.5,88
-121,-62.5,88
-120,-62.5,88
-119,-62.5,88
-118,-62.5,88
-117,-62.5,88
-116,-62.5,88
-115,-62.5,88
-114,-62.5,88
-113,-62.5,88
-112,-62.5,88
-111,-62.5,88
-110,-62.5,88
-109,-62.5,88
-108,-62.5,88
-107,-62.5,88
-106,-62.5,88
-105,-62.5,88
-104,-62.5,88
-103,-62.5,88
-102,-62.5,88
-101,-62.5,88
-100,-62.5,88
-99,-62.5,88
-98,-62.5,88
-97,-62.5,88
-96,-62.5,88
-95,-62.5,88
-94,-62.5,88
-93,-62.5,88
-92,-62.5,88
-91,-62.5,88
-90,-62.5,88
-89,-62.5,88
-88,-62.5,88
-87,-62.5,88
-86,-62.5,88
-85,-62.5,88
-84,-62.5,88
-83,-62.5,88
-82,-62.5,88
-81,-62.5,88
-80,-62.5,88
-79,-62.5,88
-78,-62.5,88
-77,-62.5,88
-76,-62.5,88
-75,-62.5,88
-74,-62.5,88
-73,-62.5,88
-72,-62.5,88
-71,-62.5,88
-70,-62.5,88
-69,-62.5,48
-68,-62.5,48
-67,-62.5,48
-66,-62.5,48
-65,-62.5,48
-64,-62.5,48
-63,-62.5,48
-62,-62.5,147
-61,-62.5,147
-60,-62.5,147
-59,-62.5,147
-58,-62.5,147
-57,-62.5,147
-56,-62.5,147
-55,-62.5,147
-54,-62.5,147
-53,-62.5,48
-52,-62.5,48
-51,-62.5,48
-50,-62.5,48
-49,-62.5,48
-48,-62.5,48
-47,-62.5,48
-46,-62.5,48
-45,-62.5,48
-44,-62.5,48
-43,-62.5,48
-42,-62.5,48
-41,-62.5,48
-40,-62.5,48
-39,-62.5,48
-38,-62.5,48
-37,-62.5,48
-36,-62.5,48
-35,-62.5,48
-34,-62.5,48
-33,-62.5,48
-32,-62.5,48
-31,-62.5,48
-30,-62.5,48
-29,-62.5,48
-28,-62.5,48
-27,-62.5,48
-26,-62.5,48
-25,-62.5,48
-24,-62.5,48
-23,-62.5,48
-22,-62.5,48
-21,-62.5,48
-20,-62.5,48
-19,-62.5,48
-18,-62.5,48
-17,-62.5,48
-16,-62.5,48
-15,-62.5,48
-14,-62.5,48
-13,-62.5,48
-12,-62.5,48
-11,-62.5,48
-10,-62.5,48
-9,-62.5,48
-8,-62.5,48
-7,-62.5,48
-6,-62.5,48
-5,-62.5,48
-4,-62.5,48
-3,-62.5,48
-2,-62.5,48
-1,-62.5,48
0,-62.5,48
1,-62.5,48
2,-62.5,48
3,-62.5,48
4,-62.5,48
5,-62.5,48
6,-62.5,48
7,-62.5,48
8,-62.5,48
9,-62.5,48
10,-62.5,48
11,-62.5,48
12,-62.5,48
13,-62.5,48
14,-62.5,48
15,-62.5,48
16,-62.5,48
17,-62.5,48
18,-62.5,48
19,-62.5,48
20,-62.5,48
21,-62.5,48
22,-62.5,48
23,-62.5,48
24,-62.5,48
25,-62.5,48
26,-62.5,48
27,-62.5,48
28,-62.5,48
29,-62.5,48
30,-62.5,48
31,-62.5,58
32,-62.5,58
33,-62.5,58
34,-62.5,58
35,-62.5,58
36,-62.5,58
37,-62.5,58
38,-62.5,58
39,-62.5,58
40,-62.5,58
41,-62.5,58
42,-62.5,58
43,-62.5,58
44,-62.5,58
45,-62.5,58
46,-62.5,58
47,-62.5,58
48,-62.5,58
49,-62.5,58
50,-62.5,58
51,-62.5,58
52,-62.5,58
53,-62.5,58
54,-62.5,58
55,-62.5,58
56,-62.5,58
57,-62.5,58
58,-62.5,58
59,-62.5,58
60,-62.5,58
61,-62.5,58
62,-62.5,58
63,-62.5,58
64,-62.5,58
65,-62.5,58
66,-62.5,58
67,-62.5,58
68,-62.5,58
69,-62.5,58
70,-62.5,58
71,-62.5,58
72,-62.5,58
73,-62.5,58
74,-62.5,58
75,-62.5,58
76,-62.5,58
77,-62.5,58
78,-62.5,58
79,-62.5,58
80,-62.5,58
81,-62.5,58
82,-62.5,58
83,-62.5,58
84,-62.5,58
85,-62.5,58
86,-62.5,58
87,-62.5,58
88,-62.5,58
89,-62.5,58
90,-62.5,58
91,-62.5,58
92,-62.5,58
93,-62.5,58
94,-62.5,58
95,-62.5,58
96,-62.5,58
97,-62.5,58
98,-62.5,58
99,-62.5,58
100,-62.5,58
101,-62.5,58
102,-62.5,58
103,-62.5,58
104,-62.5,58
105,-62.5,58
106,-62.5,58
107,-62.5,58
108,-62.5,58
109,-62.5,58
110,-62.5,58
111,-62.5,58
112,-62.5,58
113,-62.5,58
114,-62.5,58
115,-62.5,58
116,-62.5,58
117,-62.5,58
118,-62.5,58
119,-62.5,58
120,-62.5,58
121,-62.5,58
122,-62.5,58
123,-62.5,58
124,-62.5,58
125,-62.5,58
126,-62.5,58
127,-62.5,58
128,-62.5,58
129,-62.5,58
130,-62.5,58
131,-62.5,58
132,-62.5,58
133,-62.5,58
134,-62.5,58
135,-62.5,58
136,-62.5,58
137,-62.5,58
138,-62.5,58
139,-62.5,58
140,-62.5,58
141,-62.5,58
142,-62.5,58
143,-62.5,58
144,-62.5,58
145,-62.5,58
146,-62.5,58
147,-62.5,58
148,-62.5,58
149,-62.5,58
150,-62.5,58
151,-62.5,88
152,-62.5,88
153,-62.5,88
154,-62.5,88
155,-62.5,88
156,-62.5,88
157,-62.5,88
158,-62.5,88
159,-62.5,88
160,-62.5,88
161,-62.5,88
162,-62.5,88
163,-62.5,88
164,-62.5,88
165,-62.5,88
166,-62.5,88
167,-62.5,88
168,-62.5,88
169,-62.5,88
170,-62.5,88
171,-62.5,88
172,-62.5,88
173,-62.5,88
174,-62.5,88
175,-62.5,88
176,-62.5,88
177,-62.5,88
178,-62.5,88
179,-62.5,88
-179,-63.5,88
-178,-63.5,88
-177,-63.5,88
-176,-63.5,88
-175,-63.5,88
-174,-63.5,88
-173,-63.5,88
-172,-63.5,88
-171,-63.5,88
-170,-63.5,88
-169,-63.5,88
-168,-63.5,88
-167,-63.5,88
-166,-63.5,88
-165,-63.5,88
-164,-63.5,88
-163,-63.5,88
-162,-63.5,88
-161,-63.5,88
-160,-63.5,88
-159,-63.5,88
-158,-63.5,88
-157,-63.5,88
-156,-63.5,88
-155,-63.5,88
-154,-63.5,88
-153,-63.5,88
-152,-63.5,88
-151,-63.5,88
-150,-63.5,88
-149,-63.5,88
-148,-63.5,88
-147,-63.5,88
-146,-63.5,88
-145,-63.5,88
-144,-63.5,88
-143,-63.5,88
-142,-63.5,88
-141,-63.5,88
-140,-63.5,88
-139,-63.5,88
-138,-63.5,88
-137,-63.5,88
-136,-63.5,88
-135,-63.5,88
-134,-63.5,88
-133,-63.5,88
-132,-63.5,88
-131,-63.5,88
-130,-63.5,88
-129,-63.5,88
-128,-63.5,88
-127,-63.5,88
-126,-63.5,88
-125,-63.5,88
-124,-63.5,88
-123,-63.5,88
-122,-63.5,88
-121,-63.5,88
-120,-63.5,88
-119,-63.5,88
-118,-63.5,88
-117,-63.5,88
-116,-63.5,88
-115,-63.5,88
-114,-63.5,88
-113,-63.5,88
-112,-63.5,88
-111,-63.5,88
-110,-63.5,88
-109,-63.5,88
-108,-63.5,88
-107,-63.5,88
-106,-63.5,88
-105,-63.5,88
-104,-63.5,88
-103,-63.5,88
-102,-63.5,88
-101,-63.5,88
-100,-63.5,88
-99,-63.5,88
-98,-63.5,88
-97,-63.5,88
-96,-63.5,88
-95,-63.5,88
-94,-63.5,88
-93,-63.5,88
-92,-63.5,88
-91,-63.5,88
-90,-63.5,88
-89,-63.5,88
-88,-63.5,88
-87,-63.5,88
-86,-63.5,88
-85,-63.5,88
-84,-63.5,88
-83,-63.5,88
-82,-63.5,88
-81,-63.5,88
-80,-63.5,88
-79,-63.5,88
-78,-63.5,88
-77,-63.5,88
-76,-63.5,88
-75,-63.5,88
-74,-63.5,88
-73,-63.5,88
-72,-63.5,88
-71,-63.5,88
-70,-63.5,88
-69,-63.5,48
-68,-63.5,48
-67,-63.5,48
-66,-63.5,48
-65,-63.5,48
-64,-63.5,147
-63,-63.5,147
-62,-63.5,147
-61,-63.5,147
-60,-63.5,147
-59,-63.5,147
-55,-63.5,147
-54,-63.5,147
-53,-63.5,147
-52,-63.5,48
-51,-63.5,48
-50,-63.5,48
-49,-63.5,48
-48,-63.5,48
-47,-63.5,48
-46,-63.5,48
-45,-63.5,48
-44,-63.5,48
-43,-63.5,48
-42,-63.5,48
-41,-63.5,48
-40,-63.5,48
-39,-63.5,48
-38,-63.5,48
-37,-63.5,48
-36,-63.5,48
-35,-63.5,48
-34,-63.5,48
-33,-63.5,48
-32,-63.5,48
-31,-63.5,48
-30,-63.5,48
-29,-63.5,48
-28,-63.5,48
-27,-63.5,48
-26,-63.5,48
-25,-63.5,48
-24,-63.5,48
-23,-63.5,48
-22,-63.5,48
-21,-63.5,48
-20,-63.5,48
-19,-63.5,48
-18,-63.5,48
-17,-63.5,48
-16,-63.5,48
-15,-63.5,48
-14,-63.5,48
-13,-63.5,48
-12,-63.5,48
-11,-63.5,48
-10,-63.5,48
-9,-63.5,48
-8,-63.5,48
-7,-63.5,48
-6,-63.5,48
-5,-63.5,48
-4,-63.5,48
-3,-63.5,48
-2,-63.5,48
-1,-63.5,48
0,-63.5,48
1,-63.5,48
2,-63.5,48
3,-63.5,48
4,-63.5,48
5,-63.5,48
6,-63.5,48
7,-63.5,48
8,-63.5,48
9,-63.5,48
10,-63.5,48
11,-63.5,48
12,-63.5,48
13,-63.5,48
14,-63.5,48
15,-63.5,48
16,-63.5,48
17,-63.5,48
18,-63.5,48
19,-63.5,48
20,-63.5,48
21,-63.5,48
22,-63.5,48
23,-63.5,48
24,-63.5,48
25,-63.5,48
26,-63.5,48
27,-63.5,48
28,-63.5,48
29,-63.5,48
30,-63.5,48
31,-63.5,58
32,-63.5,58
33,-63.5,58
34,-63.5,58
35,-63.5,58
36,-63.5,58
37,-63.5,58
38,-63.5,58
39,-63.5,58
40,-63.5,58
41,-63.5,58
42,-63.5,58
43,-63.5,58
44,-63.5,58
45,-63.5,58
46,-63.5,58
47,-63.5,58
48,-63.5,58
49,-63.5,58
50,-63.5,58
51,-63.5,58
52,-63.5,58
53,-63.5,58
54,-63.5,58
55,-63.5,58
56,-63.5,58
57,-63.5,58
58,-63.5,58
59,-63.5,58
60,-63.5,58
61,-63.5,58
62,-63.5,58
63,-63.5,58
64,-63.5,58
65,-63.5,58
66,-63.5,58
67,-63.5,58
68,-63.5,58
69,-63.5,58
70,-63.5,58
71,-63.5,58
72,-63.5,58
73,-63.5,58
74,-63.5,58
75,-63.5,58
76,-63.5,58
77,-63.5,58
78,-63.5,58
79,-63.5,58
80,-63.5,58
81,-63.5,58
82,-63.5,58
83,-63.5,58
84,-63.5,58
85,-63.5,58
86,-63.5,58
87,-63.5,58
88,-63.5,58
89,-63.5,58
90,-63.5,58
91,-63.5,58
92,-63.5,58
93,-63.5,58
94,-63.5,58
95,-63.5,58
96,-63.5,58
97,-63.5,58
98,-63.5,58
99,-63.5,58
100,-63.5,58
101,-63.5,58
102,-63.5,58
103,-63.5,58
104,-63.5,58
105,-63.5,58
106,-63.5,58
107,-63.5,58
108,-63.5,58
109,-63.5,58
110,-63.5,58
111,-63.5,58
112,-63.5,58
113,-63.5,58
114,-63.5,58
115,-63.5,58
116,-63.5,58
117,-63.5,58
118,-63.5,58
119,-63.5,58
120,-63.5,58
121,-63.5,58
122,-63.5,58
123,-63.5,58
124,-63.5,58
125,-63.5,58
126,-63.5,58
127,-63.5,58
128,-63.5,58
129,-63.5,58
130,-63.5,58
131,-63.5,58
132,-63.5,58
133,-63.5,58
134,-63.5,58
135,-63.5,58
136,-63.5,58
137,-63.5,58
138,-63.5,58
139,-63.5,58
140,-63.5,58
141,-63.5,58
142,-63.5,58
143,-63.5,58
144,-63.5,58
145,-63.5,58
146,-63.5,58
147,-63.5,58
148,-63.5,58
149,-63.5,58
150,-63.5,58
151,-63.5,88
152,-63.5,88
153,-63.5,88
154,-63.5,88
155,-63.5,88
156,-63.5,88
157,-63.5,88
158,-63.5,88
159,-63.5,88
160,-63.5,88
161,-63.5,88
162,-63.5,88
163,-63.5,88
164,-63.5,88
165,-63.5,88
166,-63.5,88
167,-63.5,88
168,-63.5,88
169,-63.5,88
170,-63.5,88
171,-63.5,88
172,-63.5,88
173,-63.5,88
174,-63.5,88
175,-63.5,88
176,-63.5,88
177,-63.5,88
178,-63.5,88
179,-63.5,88
-179,-64.5,88
-178,-64.5,88
-177,-64.5,88
-176,-64.5,88
-175,-64.5,88
-174,-64.5,88
-173,-64.5,88
-172,-64.5,88
-171,-64.5,88
-170,-64.5,88
-169,-64.5,88
-168,-64.5,88
-167,-64.5,88
-166,-64.5,88
-165,-64.5,88
-164,-64.5,88
-163,-64.5,88
-162,-64.5,88
-161,-64.5,88
-160,-64.5,88
-159,-64.5,88
-158,-64.5,88
-157,-64.5,88
-156,-64.5,88
-155,-64.5,88
-154,-64.5,88
-153,-64.5,88
-152,-64.5,88
-151,-64.5,88
-150,-64.5,88
-149,-64.5,88
-148,-64.5,88
-147,-64.5,88
-146,-64.5,88
-145,-64.5,88
-144,-64.5,88
-143,-64.5,88
-142,-64.5,88
-141,-64.5,88
-140,-64.5,88
-139,-64.5,88
-138,-64.5,88
-137,-64.5,88
-136,-64.5,88
-135,-64.5,88
-134,-64.5,88
-133,-64.5,88
-132,-64.5,88
-131,-64.5,88
-130,-64.5,88
-129,-64.5,88
-128,-64.5,88
-127,-64.5,88
-126,-64.5,88
-125,-64.5,88
-124,-64.5,88
-123,-64.5,88
-122,-64.5,88
-121,-64.5,88
-120,-64.5,88
-119,-64.5,88
-118,-64.5,88
-117,-64.5,88
-116,-64.5,88
-115,-64.5,88
-114,-64.5,88
-113,-64.5,88
-112,-64.5,88
-111,-64.5,88
-110,-64.5,88
-109,-64.5,88
-108,-64.5,88
-107,-64.5,88
-106,-64.5,88
-105,-64.5,88
-104,-64.5,88
-103,-64.5,88
-102,-64.5,88
-101,-64.5,88
-100,-64.5,88
-99,-64.5,88
-98,-64.5,88
-97,-64.5,88
-96,-64.5,88
-95,-64.5,88
-94,-64.5,88
-93,-64.5,88
-92,-64.5,88
-91,-64.5,88
-90,-64.5,88
-89,-64.5,88
-88,-64.5,88
-87,-64.5,88
-86,-64.5,88
-85,-64.5,88
-84,-64.5,88
-83,-64.5,88
-82,-64.5,88
-81,-64.5,88
-80,-64.5,88
-79,-64.5,88
-78,-64.5,88
-77,-64.5,88
-76,-64.5,88
-75,-64.5,88
-74,-64.5,88
-73,-64.5,88
-72,-64.5,88
-71,-64.5,88
-70,-64.5,88
-69,-64.5,48
-68,-64.5,48
-67,-64.5,147
-66,-64.5,147
-65,-64.5,147
-64,-64.5,147
-63,-64.5,147
-62,-64.5,147
-60,-64.5,147
-58,-64.5,147
-57,-64.5,147
-56,-64.5,147
-55,-64.5,147
-54,-64.5,48
-53,-64.5,48
-52,-64.5,48
-51,-64.5,48
-50,-64.5,48
-49,-64.5,48
-48,-64.5,48
-47,-64.5,48
-46,-64.5,48
-45,-64.5,48
-44,-64.5,48
-43,-64.5,48
-42,-64.5,48
-41,-64.5,48
-40,-64.5,48
-39,-64.5,48
-38,-64.5,48
-37,-64.5,48
-36,-64.5,48
-35,-64.5,48
-34,-64.5,48
-33,-64.5,48
-32,-64.5,48
-31,-64.5,48
-30,-64.5,48
-29,-64.5,48
-28,-64.5,48
-27,-64.5,48
-26,-64.5,48
-25,-64.5,48
-24,-64.5,48
-23,-64.5,48
-22,-64.5,48
-21,-64.5,48
-20,-64.5,48
-19,-64.5,48
-18,-64.5,48
-17,-64.5,48
-16,-64.5,48
-15,-64.5,48
-14,-64.5,48
-13,-64.5,48
-12,-64.5,48
-11,-64.5,48
-10,-64.5,48
-9,-64.5,48
-8,-64.5,48
-7,-64.5,48
-6,-64.5,48
-5,-64.5,48
-4,-64.5,48
-3,-64.5,48
-2,-64.5,48
-1,-64.5,48
0,-64.5,48
1,-64.5,48
2,-64.5,48
3,-64.5,48
4,-64.5,48
5,-64.5,48
6,-64.5,48
7,-64.5,48
8,-64.5,48
9,-64.5,48
10,-64.5,48
11,-64.5,48
12,-64.5,48
13,-64.5,48
14,-64.5,48
15,-64.5,48
16,-64.5,48
17,-64.5,48
18,-64.5,48
19,-64.5,48
20,-64.5,48
21,-64.5,48
22,-64.5,48
23,-64.5,48
24,-64.5,48
25,-64.5,48
26,-64.5,48
27,-64.5,48
28,-64.5,48
29,-64.5,48
30,-64.5,48
31,-64.5,58
32,-64.5,58
33,-64.5,58
34,-64.5,58
35,-64.5,58
36,-64.5,58
37,-64.5,58
38,-64.5,58
39,-64.5,58
40,-64.5,58
41,-64.5,58
42,-64.5,58
43,-64.5,58
44,-64.5,58
45,-64.5,58
46,-64.5,58
47,-64.5,58
48,-64.5,58
49,-64.5,58
50,-64.5,58
51,-64.5,58
52,-64.5,58
53,-64.5,58
54,-64.5,58
55,-64.5,58
56,-64.5,58
57,-64.5,58
58,-64.5,58
59,-64.5,58
60,-64.5,58
61,-64.5,58
62,-64.5,58
63,-64.5,58
64,-64.5,58
65,-64.5,58
66,-64.5,58
67,-64.5,58
68,-64.5,58
69,-64.5,58
70,-64.5,58
71,-64.5,58
72,-64.5,58
73,-64.5,58
74,-64.5,58
75,-64.5,58
76,-64.5,58
77,-64.5,58
78,-64.5,58
79,-64.5,58
80,-64.5,58
81,-64.5,58
82,-64.5,58
83,-64.5,58
84,-64.5,58
85,-64.5,58
86,-64.5,58
87,-64.5,58
88,-64.5,58
89,-64.5,58
90,-64.5,58
91,-64.5,58
92,-64.5,58
93,-64.5,58
94,-64.5,58
95,-64.5,58
96,-64.5,147
97,-64.5,147
98,-64.5,147
99,-64.5,147
100,-64.5,147
101,-64.5,147
102,-64.5,58
103,-64.5,58
104,-64.5,58
105,-64.5,58
106,-64.5,58
107,-64.5,58
108,-64.5,58
109,-64.5,58
110,-64.5,58
111,-64.5,58
112,-64.5,58
113,-64.5,58
114,-64.5,58
115,-64.5,58
116,-64.5,58
117,-64.5,58
118,-64.5,58
119,-64.5,58
120,-64.5,58
121,-64.5,58
122,-64.5,58
123,-64.5,58
124,-64.5,58
125,-64.5,58
126,-64.5,58
127,-64.5,58
128,-64.5,58
129,-64.5,58
130,-64.5,58
131,-64.5,58
132,-64.5,58
133,-64.5,58
134,-64.5,58
135,-64.5,58
136,-64.5,58
137,-64.5,58
138,-64.5,58
139,-64.5,58
140,-64.5,58
141,-64.5,58
142,-64.5,58
143,-64.5,58
144,-64.5,58
145,-64.5,58
146,-64.5,58
147,-64.5,58
148,-64.5,58
149,-64.5,58
150,-64.5,58
151,-64.5,88
152,-64.5,88
153,-64.5,88
154,-64.5,88
155,-64.5,88
156,-64.5,88
157,-64.5,88
158,-64.5,88
159,-64.5,88
160,-64.5,88
161,-64.5,88
162,-64.5,88
163,-64.5,88
164,-64.5,88
165,-64.5,88
166,-64.5,88
167,-64.5,88
168,-64.5,88
169,-64.5,88
170,-64.5,88
171,-64.5,88
172,-64.5,88
173,-64.5,88
174,-64.5,88
175,-64.5,88
176,-64.5,88
177,-64.5,88
178,-64.5,88
179,-64.5,88
-179,-65.5,88
-178,-65.5,88
-177,-65.5,88
-176,-65.5,88
-175,-65.5,88
-174,-65.5,88
-173,-65.5,88
-172,-65.5,88
-171,-65.5,88
-170,-65.5,88
-169,-65.5,88
-168,-65.5,88
-167,-65.5,88
-166,-65.5,88
-165,-65.5,88
-164,-65.5,88
-163,-65.5,88
-162,-65.5,88
-161,-65.5,88
-160,-65.5,88
-159,-65.5,88
-158,-65.5,88
-157,-65.5,88
-156,-65.5,88
-155,-65.5,88
-154,-65.5,88
-153,-65.5,88
-152,-65.5,88
-151,-65.5,88
-150,-65.5,88
-149,-65.5,88
-148,-65.5,88
-147,-65.5,88
-146,-65.5,88
-145,-65.5,88
-144,-65.5,88
-143,-65.5,88
-142,-65.5,88
-141,-65.5,88
-140,-65.5,88
-139,-65.5,88
-138,-65.5,88
-137,-65.5,88
-136,-65.5,88
-135,-65.5,88
-134,-65.5,88
-133,-65.5,88
-132,-65.5,88
-131,-65.5,88
-130,-65.5,88
-129,-65.5,88
-128,-65.5,88
-127,-65.5,88
-126,-65.5,88
-125,-65.5,88
-124,-65.5,88
-123,-65.5,88
-122,-65.5,88
-121,-65.5,88
-120,-65.5,88
-119,-65.5,88
-118,-65.5,88
-117,-65.5,88
-116,-65.5,88
-115,-65.5,88
-114,-65.5,88
-113,-65.5,88
-112,-65.5,88
-111,-65.5,88
-110,-65.5,88
-109,-65.5,88
-108,-65.5,88
-107,-65.5,88
-106,-65.5,88
-105,-65.5,88
-104,-65.5,88
-103,-65.5,88
-102,-65.5,88
-101,-65.5,88
-100,-65.5,88
-99,-65.5,88
-98,-65.5,88
-97,-65.5,88
-96,-65.5,88
-95,-65.5,88
-94,-65.5,88
-93,-65.5,88
-92,-65.5,88
-91,-65.5,88
-90,-65.5,88
-89,-65.5,88
-88,-65.5,88
-87,-65.5,88
-86,-65.5,88
-85,-65.5,88
-84,-65.5,88
-83,-65.5,88
-82,-65.5,88
-81,-65.5,88
-80,-65.5,88
-79,-65.5,88
-78,-65.5,88
-77,-65.5,88
-76,-65.5,88
-75,-65.5,88
-74,-65.5,88
-73,-65.5,88
-72,-65.5,88
-71,-65.5,88
-70,-65.5,88
-69,-65.5,147
-68,-65.5,147
-67,-65.5,147
-66,-65.5,147
-65,-65.5,147
-64,-65.5,147
-61,-65.5,147
-60,-65.5,147
-59,-65.5,147
-58,-65.5,147
-57,-65.5,147
-56,-65.5,147
-55,-65.5,147
-54,-65.5,48
-53,-65.5,48
-52,-65.5,48
-51,-65.5,48
-50,-65.5,48
-49,-65.5,48
-48,-65.5,48
-47,-65.5,48
-46,-65.5,48
-45,-65.5,48
-44,-65.5,48
-43,-65.5,48
-42,-65.5,48
-41,-65.5,48
-40,-65.5,48
-39,-65.5,48
-38,-65.5,48
-37,-65.5,48
-36,-65.5,48
-35,-65.5,48
-34,-65.5,48
-33,-65.5,48
-32,-65.5,48
-31,-65.5,48
-30,-65.5,48
-29,-65.5,48
-28,-65.5,48
-27,-65.5,48
-26,-65.5,48
-25,-65.5,48
-24,-65.5,48
-23,-65.5,48
-22,-65.5,48
-21,-65.5,48
-20,-65.5,48
-19,-65.5,48
-18,-65.5,48
-17,-65.5,48
-16,-65.5,48
-15,-65.5,48
-14,-65.5,48
-13,-65.5,48
-12,-65.5,48
-11,-65.5,48
-10,-65.5,48
-9,-65.5,48
-8,-65.5,48
-7,-65.5,48
-6,-65.5,48
-5,-65.5,48
-4,-65.5,48
-3,-65.5,48
-2,-65.5,48
-1,-65.5,48
0,-65.5,48
1,-65.5,48
2,-65.5,48
3,-65.5,48
4,-65.5,48
5,-65.5,48
6,-65.5,48
7,-65.5,48
8,-65.5,48
9,-65.5,48
10,-65.5,48
11,-65.5,48
12,-65.5,48
13,-65.5,48
14,-65.5,48
15,-65.5,48
16,-65.5,48
17,-65.5,48
18,-65.5,48
19,-65.5,48
20,-65.5,48
21,-65.5,48
22,-65.5,48
23,-65.5,48
24,-65.5,48
25,-65.5,48
26,-65.5,48
27,-65.5,48
28,-65.5,48
29,-65.5,48
30,-65.5,48
31,-65.5,58
32,-65.5,58
33,-65.5,58
34,-65.5,58
35,-65.5,58
36,-65.5,58
37,-65.5,58
38,-65.5,58
39,-65.5,58
40,-65.5,58
41,-65.5,58
42,-65.5,58
43,-65.5,58
44,-65.5,58
45,-65.5,58
46,-65.5,58
47,-65.5,58
48,-65.5,58
49,-65.5,58
50,-65.5,58
51,-65.5,58
52,-65.5,58
53,-65.5,58
54,-65.5,147
55,-65.5,58
56,-65.5,58
57,-65.5,58
58,-65.5,58
59,-65.5,58
60,-65.5,58
61,-65.5,58
62,-65.5,58
63,-65.5,58
64,-65.5,58
65,-65.5,58
66,-65.5,58
67,-65.5,58
68,-65.5,58
69,-65.5,58
70,-65.5,58
71,-65.5,58
72,-65.5,58
73,-65.5,58
74,-65.5,58
75,-65.5,58
76,-65.5,58
77,-65.5,58
78,-65.5,58
79,-65.5,58
80,-65.5,58
81,-65.5,58
82,-65.5,58
83,-65.5,58
84,-65.5,58
85,-65.5,58
86,-65.5,58
87,-65.5,58
88,-65.5,58
89,-65.5,58
90,-65.5,58
91,-65.5,147
92,-65.5,147
93,-65.5,147
94,-65.5,147
95,-65.5,147
96,-65.5,147
97,-65.5,147
98,-65.5,147
99,-65.5,147
100,-65.5,147
102,-65.5,147
103,-65.5,147
104,-65.5,147
105,-65.5,147
106,-65.5,147
107,-65.5,147
108,-65.5,147
109,-65.5,147
110,-65.5,147
111,-65.5,147
112,-65.5,147
113,-65.5,147
114,-65.5,147
115,-65.5,147
116,-65.5,147
117,-65.5,147
118,-65.5,58
119,-65.5,147
120,-65.5,58
121,-65.5,58
122,-65.5,58
123,-65.5,58
124,-65.5,58
125,-65.5,147
126,-65.5,147
127,-65.5,147
128,-65.5,147
129,-65.5,147
130,-65.5,147
131,-65.5,147
132,-65.5,147
133,-65.5,147
134,-65.5,147
136,-65.5,147
137,-65.5,147
138,-65.5,147
139,-65.5,147
140,-65.5,58
141,-65.5,58
142,-65.5,58
143,-65.5,58
144,-65.5,58
145,-65.5,58
146,-65.5,58
147,-65.5,58
148,-65.5,58
149,-65.5,58
150,-65.5,58
151,-65.5,88
152,-65.5,88
153,-65.5,88
154,-65.5,88
155,-65.5,88
156,-65.5,88
157,-65.5,88
158,-65.5,88
159,-65.5,88
160,-65.5,88
161,-65.5,88
162,-65.5,88
163,-65.5,88
164,-65.5,88
165,-65.5,88
166,-65.5,88
167,-65.5,88
168,-65.5,88
169,-65.5,88
170,-65.5,88
171,-65.5,88
172,-65.5,88
173,-65.5,88
174,-65.5,88
175,-65.5,88
176,-65.5,88
177,-65.5,88
178,-65.5,88
179,-65.5,88
-179,-66.5,88
-178,-66.5,88
-177,-66.5,88
-176,-66.5,88
-175,-66.5,88
-174,-66.5,88
-173,-66.5,88
-172,-66.5,88
-171,-66.5,88
-170,-66.5,88
-169,-66.5,88
-168,-66.5,88
-167,-66.5,88
-166,-66.5,88
-165,-66.5,88
-164,-66.5,88
-163,-66.5,88
-162,-66.5,88
-161,-66.5,88
-160,-66.5,88
-159,-66.5,88
-158,-66.5,88
-157,-66.5,88
-156,-66.5,88
-155,-66.5,88
-154,-66.5,88
-153,-66.5,88
-152,-66.5,88
-151,-66.5,88
-150,-66.5,88
-149,-66.5,88
-148,-66.5,88
-147,-66.5,88
-146,-66.5,88
-145,-66.5,88
-144,-66.5,88
-143,-66.5,88
-142,-66.5,88
-141,-66.5,88
-140,-66.5,88
-139,-66.5,88
-138,-66.5,88
-137,-66.5,88
-136,-66.5,88
-135,-66.5,88
-134,-66.5,88
-133,-66.5,88
-132,-66.5,88
-131,-66.5,88
-130,-66.5,88
-129,-66.5,88
-128,-66.5,88
-127,-66.5,88
-126,-66.5,88
-125,-66.5,88
-124,-66.5,88
-123,-66.5,88
-122,-66.5,88
-121,-66.5,88
-120,-66.5,88
-119,-66.5,88
-118,-66.5,88
-117,-66.5,88
-116,-66.5,88
-115,-66.5,88
-114,-66.5,88
-113,-66.5,88
-112,-66.5,88
-111,-66.5,88
-110,-66.5,88
-109,-66.5,88
-108,-66.5,88
-107,-66.5,88
-106,-66.5,88
-105,-66.5,88
-104,-66.5,88
-103,-66.5,88
-102,-66.5,88
-101,-66.5,88
-100,-66.5,88
-99,-66.5,88
-98,-66.5,88
-97,-66.5,88
-96,-66.5,88
-95,-66.5,88
-94,-66.5,88
-93,-66.5,88
-92,-66.5,88
-91,-66.5,88
-90,-66.5,88
-89,-66.5,88
-88,-66.5,88
-87,-66.5,88
-86,-66.5,88
-85,-66.5,88
-84,-66.5,88
-83,-66.5,88
-82,-66.5,88
-81,-66.5,88
-80,-66.5,88
-79,-66.5,88
-78,-66.5,88
-77,-66.5,88
-76,-66.5,88
-75,-66.5,88
-74,-66.5,88
-73,-66.5,88
-72,-66.5,88
-71,-66.5,147
-70,-66.5,147
-69,-66.5,147
-68,-66.5,147
-67,-66.5,147
-63,-66.5,147
-62,-66.5,147
-61,-66.5,147
-60,-66.5,147
-59,-66.5,147
-58,-66.5,147
-57,-66.5,147
-56,-66.5,147
-55,-66.5,48
-54,-66.5,48
-53,-66.5,48
-52,-66.5,48
-51,-66.5,48
-50,-66.5,48
-49,-66.5,48
-48,-66.5,48
-47,-66.5,48
-46,-66.5,48
-45,-66.5,48
-44,-66.5,48
-43,-66.5,48
-42,-66.5,48
-41,-66.5,48
-40,-66.5,48
-39,-66.5,48
-38,-66.5,48
-37,-66.5,48
-36,-66.5,48
-35,-66.5,48
-34,-66.5,48
-33,-66.5,48
-32,-66.5,48
-31,-66.5,48
-30,-66.5,48
-29,-66.5,48
-28,-66.5,48
-27,-66.5,48
-26,-66.5,48
-25,-66.5,48
-24,-66.5,48
-23,-66.5,48
-22,-66.5,48
-21,-66.5,48
-20,-66.5,48
-19,-66.5,48
-18,-66.5,48
-17,-66.5,48
-16,-66.5,48
-15,-66.5,48
-14,-66.5,48
-13,-66.5,48
-12,-66.5,48
-11,-66.5,48
-10,-66.5,48
-9,-66.5,48
-8,-66.5,48
-7,-66.5,48
-6,-66.5,48
-5,-66.5,48
-4,-66.5,48
-3,-66.5,48
-2,-66.5,48
-1,-66.5,48
0,-66.5,48
1,-66.5,48
2,-66.5,48
3,-66.5,48
4,-66.5,48
5,-66.5,48
6,-66.5,48
7,-66.5,48
8,-66.5,48
9,-66.5,48
10,-66.5,48
11,-66.5,48
12,-66.5,48
13,-66.5,48
14,-66.5,48
15,-66.5,48
16,-66.5,48
17,-66.5,48
18,-66.5,48
19,-66.5,48
20,-66.5,48
21,-66.5,48
22,-66.5,48
23,-66.5,48
24,-66.5,48
25,-66.5,48
26,-66.5,48
27,-66.5,48
28,-66.5,48
29,-66.5,48
30,-66.5,48
31,-66.5,58
32,-66.5,58
33,-66.5,58
34,-66.5,58
35,-66.5,58
36,-66.5,58
37,-66.5,58
38,-66.5,58
39,-66.5,58
40,-66.5,58
41,-66.5,58
42,-66.5,58
43,-66.5,58
44,-66.5,58
45,-66.5,58
46,-66.5,58
47,-66.5,58
48,-66.5,147
49,-66.5,147
50,-66.5,147
58,-66.5,147
59,-66.5,147
60,-66.5,58
61,-66.5,58
62,-66.5,58
63,-66.5,58
64,-66.5,58
65,-66.5,58
66,-66.5,58
67,-66.5,58
68,-66.5,58
69,-66.5,58
70,-66.5,58
71,-66.5,58
72,-66.5,58
73,-66.5,58
74,-66.5,58
75,-66.5,58
76,-66.5,58
77,-66.5,58
78,-66.5,58
79,-66.5,147
80,-66.5,147
81,-66.5,147
82,-66.5,147
83,-66.5,147
84,-66.5,147
85,-66.5,147
86,-66.5,147
87,-66.5,147
88,-66.5,147
89,-66.5,147
90,-66.5,147
91,-66.5,147
92,-66.5,147
93,-66.5,147
94,-66.5,147
95,-66.5,147
96,-66.5,147
97,-66.5,147
98,-66.5,147
99,-66.5,147
109,-66.5,147
110,-66.5,147
117,-66.5,147
118,-66.5,147
119,-66.5,147
120,-66.5,147
121,-66.5,147
122,-66.5,147
123,-66.5,147
124,-66.5,147
125,-66.5,147
127,-66.5,147
128,-66.5,147
129,-66.5,147
139,-66.5,147
140,-66.5,147
141,-66.5,147
142,-66.5,147
143,-66.5,147
144,-66.5,147
145,-66.5,147
146,-66.5,147
147,-66.5,147
148,-66.5,147
149,-66.5,147
150,-66.5,147
151,-66.5,147
152,-66.5,147
153,-66.5,88
154,-66.5,88
155,-66.5,88
156,-66.5,88
157,-66.5,88
158,-66.5,88
159,-66.5,88
160,-66.5,88
161,-66.5,88
162,-66.5,88
163,-66.5,88
164,-66.5,88
165,-66.5,88
166,-66.5,88
167,-66.5,88
168,-66.5,88
169,-66.5,88
170,-66.5,88
171,-66.5,88
172,-66.5,88
173,-66.5,88
174,-66.5,88
175,-66.5,88
176,-66.5,88
177,-66.5,88
178,-66.5,88
179,-66.5,88
-179,-67.5,88
-178,-67.5,88
-177,-67.5,88
-176,-67.5,88
-175,-67.5,88
-174,-67.5,88
-173,-67.5,88
-172,-67.5,88
-171,-67.5,88
-170,-67.5,88
-169,-67.5,88
-168,-67.5,88
-167,-67.5,88
-166,-67.5,88
-165,-67.5,88
-164,-67.5,88
-163,-67.5,88
-162,-67.5,88
-161,-67.5,88
-160,-67.5,88
-159,-67.5,88
-158,-67.5,88
-157,-67.5,88
-156,-67.5,88
-155,-67.5,88
-154,-67.5,88
-153,-67.5,88
-152,-67.5,88
-151,-67.5,88
-150,-67.5,88
-149,-67.5,88
-148,-67.5,88
-147,-67.5,88
-146,-67.5,88
-145,-67.5,88
-144,-67.5,88
-143,-67.5,88
-142,-67.5,88
-141,-67.5,88
-140,-67.5,88
-139,-67.5,88
-138,-67.5,88
-137,-67.5,88
-136,-67.5,88
-135,-67.5,88
-134,-67.5,88
-133,-67.5,88
-132,-67.5,88
-131,-67.5,88
-130,-67.5,88
-129,-67.5,88
-128,-67.5,88
-127,-67.5,88
-126,-67.5,88
-125,-67.5,88
-124,-67.5,88
-123,-67.5,88
-122,-67.5,88
-121,-67.5,88
-120,-67.5,88
-119,-67.5,88
-118,-67.5,88
-117,-67.5,88
-116,-67.5,88
-115,-67.5,88
-114,-67.5,88
-113,-67.5,88
-112,-67.5,88
-111,-67.5,88
-110,-67.5,88
-109,-67.5,88
-108,-67.5,88
-107,-67.5,88
-106,-67.5,88
-105,-67.5,88
-104,-67.5,88
-103,-67.5,88
-102,-67.5,88
-101,-67.5,88
-100,-67.5,88
-99,-67.5,88
-98,-67.5,88
-97,-67.5,88
-96,-67.5,88
-95,-67.5,88
-94,-67.5,88
-93,-67.5,88
-92,-67.5,88
-91,-67.5,88
-90,-67.5,88
-89,-67.5,88
-88,-67.5,88
-87,-67.5,88
-86,-67.5,88
-85,-67.5,88
-84,-67.5,88
-83,-67.5,88
-82,-67.5,88
-81,-67.5,88
-80,-67.5,88
-79,-67.5,88
-78,-67.5,88
-77,-67.5,88
-76,-67.5,88
-75,-67.5,88
-74,-67.5,88
-73,-67.5,147
-72,-67.5,147
-71,-67.5,147
-70,-67.5,147
-68,-67.5,147
-65,-67.5,147
-64,-67.5,147
-63,-67.5,147
-62,-67.5,147
-61,-67.5,147
-60,-67.5,147
-59,-67.5,147
-58,-67.5,147
-57,-67.5,147
-56,-67.5,147
-55,-67.5,48
-54,-67.5,48
-53,-67.5,48
-52,-67.5,48
-51,-67.5,48
-50,-67.5,48
-49,-67.5,48
-48,-67.5,48
-47,-67.5,48
-46,-67.5,48
-45,-67.5,48
-44,-67.5,48
-43,-67.5,48
-42,-67.5,48
-41,-67.5,48
-40,-67.5,48
-39,-67.5,48
-38,-67.5,48
-37,-67.5,48
-36,-67.5,48
-35,-67.5,48
-34,-67.5,48
-33,-67.5,48
-32,-67.5,48
-31,-67.5,48
-30,-67.5,48
-29,-67.5,48
-28,-67.5,48
-27,-67.5,48
-26,-67.5,48
-25,-67.5,48
-24,-67.5,48
-23,-67.5,48
-22,-67.5,48
-21,-67.5,48
-20,-67.5,48
-19,-67.5,48
-18,-67.5,48
-17,-67.5,48
-16,-67.5,48
-15,-67.5,48
-14,-67.5,48
-13,-67.5,48
-12,-67.5,48
-11,-67.5,48
-10,-67.5,48
-9,-67.5,48
-8,-67.5,48
-7,-67.5,48
-6,-67.5,48
-5,-67.5,48
-4,-67.5,48
-3,-67.5,48
-2,-67.5,48
-1,-67.5,48
0,-67.5,48
1,-67.5,48
2,-67.5,48
3,-67.5,48
4,-67.5,48
5,-67.5,48
6,-67.5,48
7,-67.5,48
8,-67.5,48
9,-67.5,48
10,-67.5,48
11,-67.5,48
12,-67.5,48
13,-67.5,48
14,-67.5,48
15,-67.5,48
16,-67.5,48
17,-67.5,48
18,-67.5,48
19,-67.5,48
20,-67.5,48
21,-67.5,48
22,-67.5,48
23,-67.5,48
24,-67.5,48
25,-67.5,48
26,-67.5,48
27,-67.5,48
28,-67.5,48
29,-67.5,48
30,-67.5,48
31,-67.5,58
32,-67.5,58
33,-67.5,147
34,-67.5,58
35,-67.5,58
36,-67.5,58
37,-67.5,58
38,-67.5,58
39,-67.5,58
40,-67.5,58
41,-67.5,58
42,-67.5,58
43,-67.5,147
44,-67.5,147
45,-67.5,147
46,-67.5,147
48,-67.5,147
62,-67.5,147
63,-67.5,147
64,-67.5,147
65,-67.5,147
66,-67.5,147
67,-67.5,147
68,-67.5,147
69,-67.5,147
70,-67.5,147
71,-67.5,147
72,-67.5,147
73,-67.5,147
74,-67.5,147
75,-67.5,147
76,-67.5,147
77,-67.5,147
78,-67.5,147
79,-67.5,147
80,-67.5,147
81,-67.5,147
146,-67.5,147
147,-67.5,147
148,-67.5,147
149,-67.5,147
150,-67.5,147
151,-67.5,147
152,-67.5,147
153,-67.5,147
154,-67.5,147
155,-67.5,147
156,-67.5,147
157,-67.5,147
158,-67.5,88
159,-67.5,88
160,-67.5,88
161,-67.5,88
162,-67.5,88
163,-67.5,88
164,-67.5,88
165,-67.5,88
166,-67.5,88
167,-67.5,88
168,-67.5,88
169,-67.5,88
170,-67.5,88
171,-67.5,88
172,-67.5,88
173,-67.5,88
174,-67.5,88
175,-67.5,88
176,-67.5,88
177,-67.5,88
178,-67.5,88
179,-67.5,88
-179,-68.5,88
-178,-68.5,88
-177,-68.5,88
-176,-68.5,88
-175,-68.5,88
-174,-68.5,88
-173,-68.5,88
-172,-68.5,88
-171,-68.5,88
-170,-68.5,88
-169,-68.5,88
-168,-68.5,88
-167,-68.5,88
-166,-68.5,88
-165,-68.5,88
-164,-68.5,88
-163,-68.5,88
-162,-68.5,88
-161,-68.5,88
-160,-68.5,88
-159,-68.5,88
-158,-68.5,88
-157,-68.5,88
-156,-68.5,88
-155,-68.5,88
-154,-68.5,88
-153,-68.5,88
-152,-68.5,88
-151,-68.5,88
-150,-68.5,88
-149,-68.5,88
-148,-68.5,88
-147,-68.5,88
-146,-68.5,88
-145,-68.5,88
-144,-68.5,88
-143,-68.5,88
-142,-68.5,88
-141,-68.5,88
-140,-68.5,88
-139,-68.5,88
-138,-68.5,88
-137,-68.5,88
-136,-68.5,88
-135,-68.5,88
-134,-68.5,88
-133,-68.5,88
-132,-68.5,88
-131,-68.5,88
-130,-68.5,88
-129,-68.5,88
-128,-68.5,88
-127,-68.5,88
-126,-68.5,88
-125,-68.5,88
-124,-68.5,88
-123,-68.5,88
-122,-68.5,88
-121,-68.5,88
-120,-68.5,88
-119,-68.5,88
-118,-68.5,88
-117,-68.5,88
-116,-68.5,88
-115,-68.5,88
-114,-68.5,88
-113,-68.5,88
-112,-68.5,88
-111,-68.5,88
-110,-68.5,88
-109,-68.5,88
-108,-68.5,88
-107,-68.5,88
-106,-68.5,88
-105,-68.5,88
-104,-68.5,88
-103,-68.5,88
-102,-68.5,88
-101,-68.5,88
-100,-68.5,88
-99,-68.5,88
-98,-68.5,88
-97,-68.5,88
-96,-68.5,88
-95,-68.5,88
-94,-68.5,88
-93,-68.5,88
-92,-68.5,88
-91,-68.5,88
-90,-68.5,88
-89,-68.5,88
-88,-68.5,88
-87,-68.5,88
-86,-68.5,88
-85,-68.5,88
-84,-68.5,88
-83,-68.5,88
-82,-68.5,88
-81,-68.5,88
-80,-68.5,88
-79,-68.5,88
-78,-68.5,88
-77,-68.5,88
-76,-68.5,147
-75,-68.5,147
-74,-68.5,147
-73,-68.5,147
-72,-68.5,147
-71,-68.5,147
-70,-68.5,147
-69,-68.5,147
-68,-68.5,147
-65,-68.5,147
-63,-68.5,147
-62,-68.5,147
-61,-68.5,147
-60,-68.5,147
-59,-68.5,147
-58,-68.5,147
-57,-68.5,147
-56,-68.5,147
-55,-68.5,48
-54,-68.5,48
-53,-68.5,48
-52,-68.5,48
-51,-68.5,48
-50,-68.5,48
-49,-68.5,48
-48,-68.5,48
-47,-68.5,48
-46,-68.5,48
-45,-68.5,48
-44,-68.5,48
-43,-68.5,48
-42,-68.5,48
-41,-68.5,48
-40,-68.5,48
-39,-68.5,48
-38,-68.5,48
-37,-68.5,48
-36,-68.5,48
-35,-68.5,48
-34,-68.5,48
-33,-68.5,48
-32,-68.5,48
-31,-68.5,48
-30,-68.5,48
-29,-68.5,48
-28,-68.5,48
-27,-68.5,48
-26,-68.5,48
-25,-68.5,48
-24,-68.5,48
-23,-68.5,48
-22,-68.5,48
-21,-68.5,48
-20,-68.5,48
-19,-68.5,48
-18,-68.5,48
-17,-68.5,48
-16,-68.5,48
-15,-68.5,48
-14,-68.5,48
-13,-68.5,48
-12,-68.5,48
-11,-68.5,48
-10,-68.5,48
-9,-68.5,48
-8,-68.5,48
-7,-68.5,48
-6,-68.5,48
-5,-68.5,48
-4,-68.5,48
-3,-68.5,48
-2,-68.5,48
-1,-68.5,48
0,-68.5,48
1,-68.5,48
2,-68.5,48
3,-68.5,48
4,-68.5,48
5,-68.5,48
6,-68.5,48
7,-68.5,48
8,-68.5,48
9,-68.5,48
10,-68.5,48
11,-68.5,48
12,-68.5,48
13,-68.5,48
14,-68.5,48
15,-68.5,48
16,-68.5,48
17,-68.5,48
18,-68.5,48
19,-68.5,48
20,-68.5,48
21,-68.5,48
22,-68.5,48
23,-68.5,48
24,-68.5,48
25,-68.5,48
26,-68.5,48
27,-68.5,48
28,-68.5,48
29,-68.5,48
30,-68.5,48
31,-68.5,58
32,-68.5,147
33,-68.5,147
35,-68.5,147
36,-68.5,147
37,-68.5,58
38,-68.5,147
39,-68.5,147
40,-68.5,147
41,-68.5,147
71,-68.5,147
72,-68.5,147
73,-68.5,147
74,-68.5,147
75,-68.5,147
76,-68.5,147
77,-68.5,147
78,-68.5,147
152,-68.5,147
153,-68.5,147
155,-68.5,147
156,-68.5,147
157,-68.5,147
158,-68.5,147
159,-68.5,88
160,-68.5,88
161,-68.5,88
162,-68.5,88
163,-68.5,88
164,-68.5,88
165,-68.5,88
166,-68.5,88
167,-68.5,88
168,-68.5,88
169,-68.5,88
170,-68.5,88
171,-68.5,88
172,-68.5,88
173,-68.5,88
174,-68.5,88
175,-68.5,88
176,-68.5,88
177,-68.5,88
178,-68.5,88
179,-68.5,88
-179,-69.5,88
-178,-69.5,88
-177,-69.5,88
-176,-69.5,88
-175,-69.5,88
-174,-69.5,88
-173,-69.5,88
-172,-69.5,88
-171,-69.5,88
-170,-69.5,88
-169,-69.5,88
-168,-69.5,88
-167,-69.5,88
-166,-69.5,88
-165,-69.5,88
-164,-69.5,88
-163,-69.5,88
-162,-69.5,88
-161,-69.5,88
-160,-69.5,88
-159,-69.5,88
-158,-69.5,88
-157,-69.5,88
-156,-69.5,88
-155,-69.5,88
-154,-69.5,88
-153,-69.5,88
-152,-69.5,88
-151,-69.5,88
-150,-69.5,88
-149,-69.5,88
-148,-69.5,88
-147,-69.5,88
-146,-69.5,88
-145,-69.5,88
-144,-69.5,88
-143,-69.5,88
-142,-69.5,88
-141,-69.5,88
-140,-69.5,88
-139,-69.5,88
-138,-69.5,88
-137,-69.5,88
-136,-69.5,88
-135,-69.5,88
-134,-69.5,88
-133,-69.5,88
-132,-69.5,88
-131,-69.5,88
-130,-69.5,88
-129,-69.5,88
-128,-69.5,88
-127,-69.5,88
-126,-69.5,88
-125,-69.5,88
-124,-69.5,88
-123,-69.5,88
-122,-69.5,88
-121,-69.5,88
-120,-69.5,88
-119,-69.5,88
-118,-69.5,88
-117,-69.5,88
-116,-69.5,88
-115,-69.5,88
-114,-69.5,88
-113,-69.5,88
-112,-69.5,88
-111,-69.5,88
-110,-69.5,88
-109,-69.5,88
-108,-69.5,88
-107,-69.5,88
-106,-69.5,88
-105,-69.5,88
-104,-69.5,88
-103,-69.5,88
-102,-69.5,88
-101,-69.5,88
-100,-69.5,88
-99,-69.5,88
-98,-69.5,88
-97,-69.5,88
-96,-69.5,88
-95,-69.5,88
-94,-69.5,88
-93,-69.5,88
-92,-69.5,88
-91,-69.5,88
-90,-69.5,88
-89,-69.5,88
-88,-69.5,88
-87,-69.5,88
-86,-69.5,88
-85,-69.5,88
-84,-69.5,88
-83,-69.5,88
-82,-69.5,147
-81,-69.5,147
-80,-69.5,147
-79,-69.5,147
-78,-69.5,147
-77,-69.5,147
-76,-69.5,147
-75,-69.5,147
-74,-69.5,147
-73,-69.5,147
-72,-69.5,147
-69,-69.5,147
-61,-69.5,147
-60,-69.5,147
-59,-69.5,147
-58,-69.5,147
-57,-69.5,147
-56,-69.5,48
-55,-69.5,48
-54,-69.5,48
-53,-69.5,48
-52,-69.5,48
-51,-69.5,48
-50,-69.5,48
-49,-69.5,48
-48,-69.5,48
-47,-69.5,48
-46,-69.5,48
-45,-69.5,48
-44,-69.5,48
-43,-69.5,48
-42,-69.5,48
-41,-69.5,48
-40,-69.5,48
-39,-69.5,48
-38,-69.5,48
-37,-69.5,48
-36,-69.5,48
-35,-69.5,48
-34,-69.5,48
-33,-69.5,48
-32,-69.5,48
-31,-69.5,48
-30,-69.5,48
-29,-69.5,48
-28,-69.5,48
-27,-69.5,48
-26,-69.5,48
-25,-69.5,48
-24,-69.5,48
-23,-69.5,48
-22,-69.5,48
-21,-69.5,48
-20,-69.5,48
-19,-69.5,48
-18,-69.5,48
-17,-69.5,48
-16,-69.5,48
-15,-69.5,48
-14,-69.5,48
-13,-69.5,48
-12,-69.5,48
-11,-69.5,48
-10,-69.5,48
-9,-69.5,48
-8,-69.5,48
-7,-69.5,48
-6,-69.5,48
-5,-69.5,48
-4,-69.5,48
-3,-69.5,48
-2,-69.5,48
-1,-69.5,48
0,-69.5,48
1,-69.5,48
2,-69.5,48
3,-69.5,48
4,-69.5,48
5,-69.5,48
6,-69.5,48
7,-69.5,48
8,-69.5,48
9,-69.5,48
10,-69.5,48
11,-69.5,147
12,-69.5,147
13,-69.5,147
14,-69.5,147
15,-69.5,147
16,-69.5,147
17,-69.5,147
18,-69.5,147
19,-69.5,48
20,-69.5,48
21,-69.5,48
22,-69.5,48
23,-69.5,48
24,-69.5,48
25,-69.5,48
26,-69.5,48
27,-69.5,48
28,-69.5,147
29,-69.5,147
30,-69.5,147
31,-69.5,147
32,-69.5,147
37,-69.5,147
38,-69.5,147
39,-69.5,147
69,-69.5,147
70,-69.5,147
71,-69.5,147
72,-69.5,147
73,-69.5,147
74,-69.5,147
75,-69.5,147
159,-69.5,147
160,-69.5,147
161,-69.5,147
162,-69.5,147
163,-69.5,88
164,-69.5,88
165,-69.5,88
166,-69.5,88
167,-69.5,88
168,-69.5,88
169,-69.5,88
170,-69.5,88
171,-69.5,88
172,-69.5,88
173,-69.5,88
174,-69.5,88
175,-69.5,88
176,-69.5,88
177,-69.5,88
178,-69.5,88
179,-69.5,88
-179,-70.5,88
-178,-70.5,88
-177,-70.5,88
-176,-70.5,88
-175,-70.5,88
-174,-70.5,88
-173,-70.5,88
-172,-70.5,88
-171,-70.5,88
-170,-70.5,88
-169,-70.5,88
-168,-70.5,88
-167,-70.5,88
-166,-70.5,88
-165,-70.5,88
-164,-70.5,88
-163,-70.5,88
-162,-70.5,88
-161,-70.5,88
-160,-70.5,88
-159,-70.5,88
-158,-70.5,88
-157,-70.5,88
-156,-70.5,88
-155,-70.5,88
-154,-70.5,88
-153,-70.5,88
-152,-70.5,88
-151,-70.5,88
-150,-70.5,88
-149,-70.5,88
-148,-70.5,88
-147,-70.5,88
-146,-70.5,88
-145,-70.5,88
-144,-70.5,88
-143,-70.5,88
-142,-70.5,88
-141,-70.5,88
-140,-70.5,88
-139,-70.5,88
-138,-70.5,88
-137,-70.5,88
-136,-70.5,88
-135,-70.5,88
-134,-70.5,88
-133,-70.5,88
-132,-70.5,88
-131,-70.5,88
-130,-70.5,88
-129,-70.5,88
-128,-70.5,88
-127,-70.5,88
-126,-70.5,88
-125,-70.5,88
-124,-70.5,88
-123,-70.5,88
-122,-70.5,88
-121,-70.5,88
-120,-70.5,88
-119,-70.5,88
-118,-70.5,88
-117,-70.5,88
-116,-70.5,88
-115,-70.5,88
-114,-70.5,88
-113,-70.5,88
-112,-70.5,88
-111,-70.5,88
-110,-70.5,88
-109,-70.5,88
-108,-70.5,88
-107,-70.5,88
-106,-70.5,88
-105,-70.5,88
-104,-70.5,88
-103,-70.5,88
-102,-70.5,88
-101,-70.5,88
-100,-70.5,88
-99,-70.5,88
-98,-70.5,88
-97,-70.5,88
-96,-70.5,147
-95,-70.5,147
-94,-70.5,88
-93,-70.5,88
-92,-70.5,88
-91,-70.5,88
-90,-70.5,88
-89,-70.5,88
-88,-70.5,147
-87,-70.5,147
-86,-70.5,147
-85,-70.5,147
-84,-70.5,147
-83,-70.5,147
-82,-70.5,147
-81,-70.5,147
-80,-70.5,147
-79,-70.5,147
-78,-70.5,147
-77,-70.5,147
-76,-70.5,147
-75,-70.5,147
-74,-70.5,147
-73,-70.5,147
-68,-70.5,147
-62,-70.5,147
-60,-70.5,147
-59,-70.5,147
-58,-70.5,147
-57,-70.5,147
-56,-70.5,147
-55,-70.5,48
-54,-70.5,48
-53,-70.5,48
-52,-70.5,48
-51,-70.5,48
-50,-70.5,48
-49,-70.5,48
-48,-70.5,48
-47,-70.5,48
-46,-70.5,48
-45,-70.5,48
-44,-70.5,48
-43,-70.5,48
-42,-70.5,48
-41,-70.5,48
-40,-70.5,48
-39,-70.5,48
-38,-70.5,48
-37,-70.5,48
-36,-70.5,48
-35,-70.5,48
-34,-70.5,48
-33,-70.5,48
-32,-70.5,48
-31,-70.5,48
-30,-70.5,48
-29,-70.5,48
-28,-70.5,48
-27,-70.5,48
-26,-70.5,48
-25,-70.5,48
-24,-70.5,48
-23,-70.5,48
-22,-70.5,48
-21,-70.5,48
-20,-70.5,48
-19,-70.5,48
-18,-70.5,48
-17,-70.5,48
-16,-70.5,48
-15,-70.5,48
-14,-70.5,48
-13,-70.5,48
-12,-70.5,48
-11,-70.5,48
-10,-70.5,48
-9,-70.5,147
-8,-70.5,147
-7,-70.5,147
-5,-70.5,147
-4,-70.5,147
-3,-70.5,147
-2,-70.5,147
-1,-70.5,147
0,-70.5,147
1,-70.5,147
2,-70.5,147
4,-70.5,147
5,-70.5,147
6,-70.5,147
7,-70.5,147
11,-70.5,147
12,-70.5,147
23,-70.5,147
68,-70.5,147
70,-70.5,147
71,-70.5,147
163,-70.5,147
164,-70.5,147
165,-70.5,147
166,-70.5,147
167,-70.5,147
168,-70.5,147
169,-70.5,88
170,-70.5,88
171,-70.5,88
172,-70.5,88
173,-70.5,88
174,-70.5,88
175,-70.5,88
176,-70.5,88
177,-70.5,88
178,-70.5,88
179,-70.5,88
-179,-71.5,88
-178,-71.5,88
-177,-71.5,88
-176,-71.5,88
-175,-71.5,88
-174,-71.5,88
-173,-71.5,88
-172,-71.5,88
-171,-71.5,88
-170,-71.5,88
-169,-71.5,88
-168,-71.5,88
-167,-71.5,88
-166,-71.5,88
-165,-71.5,88
-164,-71.5,88
-163,-71.5,88
-162,-71.5,88
-161,-71.5,88
-160,-71.5,88
-159,-71.5,88
-158,-71.5,88
-157,-71.5,88
-156,-71.5,88
-155,-71.5,88
-154,-71.5,88
-153,-71.5,88
-152,-71.5,88
-151,-71.5,88
-150,-71.5,88
-149,-71.5,88
-148,-71.5,88
-147,-71.5,88
-146,-71.5,88
-145,-71.5,88
-144,-71.5,88
-143,-71.5,88
-142,-71.5,88
-141,-71.5,88
-140,-71.5,88
-139,-71.5,88
-138,-71.5,88
-137,-71.5,88
-136,-71.5,88
-135,-71.5,88
-134,-71.5,88
-133,-71.5,88
-132,-71.5,88
-131,-71.5,88
-130,-71.5,88
-129,-71.5,88
-128,-71.5,88
-127,-71.5,88
-126,-71.5,88
-125,-71.5,88
-124,-71.5,88
-123,-71.5,88
-122,-71.5,88
-121,-71.5,88
-120,-71.5,88
-119,-71.5,88
-118,-71.5,88
-117,-71.5,88
-116,-71.5,147
-115,-71.5,147
-114,-71.5,147
-113,-71.5,147
-112,-71.5,88
-111,-71.5,88
-110,-71.5,88
-109,-71.5,88
-108,-71.5,88
-107,-71.5,88
-106,-71.5,88
-105,-71.5,88
-104,-71.5,88
-103,-71.5,88
-102,-71.5,88
-101,-71.5,147
-100,-71.5,147
-99,-71.5,147
-98,-71.5,147
-97,-71.5,147
-96,-71.5,147
-95,-71.5,147
-94,-71.5,147
-93,-71.5,147
-92,-71.5,147
-91,-71.5,147
-90,-71.5,147
-89,-71.5,147
-88,-71.5,147
-87,-71.5,147
-86,-71.5,147
-85,-71.5,147
-84,-71.5,147
-83,-71.5,147
-82,-71.5,147
-81,-71.5,147
-80,-71.5,147
-79,-71.5,147
-78,-71.5,147
-77,-71.5,147
-76,-71.5,147
-75,-71.5,147
-68,-71.5,147
-61,-71.5,147
-60,-71.5,147
-59,-71.5,147
-58,-71.5,147
-57,-71.5,147
-56,-71.5,147
-55,-71.5,147
-54,-71.5,48
-53,-71.5,48
-52,-71.5,48
-51,-71.5,48
-50,-71.5,48
-49,-71.5,48
-48,-71.5,48
-47,-71.5,48
-46,-71.5,48
-45,-71.5,48
-44,-71.5,48
-43,-71.5,48
-42,-71.5,48
-41,-71.5,48
-40,-71.5,48
-39,-71.5,48
-38,-71.5,48
-37,-71.5,48
-36,-71.5,48
-35,-71.5,48
-34,-71.5,48
-33,-71.5,48
-32,-71.5,48
-31,-71.5,48
-30,-71.5,48
-29,-71.5,48
-28,-71.5,48
-27,-71.5,48
-26,-71.5,48
-25,-71.5,48
-24,-71.5,48
-23,-71.5,48
-22,-71.5,48
-21,-71.5,48
-20,-71.5,48
-19,-71.5,48
-18,-71.5,48
-17,-71.5,48
-16,-71.5,48
-15,-71.5,48
-14,-71.5,147
-13,-71.5,147
-11,-71.5,147
-8,-71.5,147
68,-71.5,147
69,-71.5,147
70,-71.5,147
71,-71.5,147
170,-71.5,147
171,-71.5,147
172,-71.5,88
173,-71.5,88
174,-71.5,88
175,-71.5,88
176,-71.5,88
177,-71.5,88
178,-71.5,88
179,-71.5,88
-179,-72.5,147
-178,-72.5,147
-177,-72.5,147
-176,-72.5,147
-175,-72.5,88
-174,-72.5,88
-173,-72.5,88
-172,-72.5,88
-171,-72.5,88
-170,-72.5,88
-169,-72.5,88
-168,-72.5,88
-167,-72.5,88
-166,-72.5,88
-165,-72.5,88
-164,-72.5,88
-163,-72.5,88
-162,-72.5,88
-161,-72.5,88
-160,-72.5,88
-159,-72.5,88
-158,-72.5,88
-157,-72.5,88
-156,-72.5,88
-155,-72.5,88
-154,-72.5,88
-153,-72.5,88
-152,-72.5,88
-151,-72.5,88
-150,-72.5,88
-149,-72.5,88
-148,-72.5,88
-147,-72.5,88
-146,-72.5,88
-145,-72.5,88
-144,-72.5,88
-143,-72.5,88
-142,-72.5,88
-141,-72.5,88
-140,-72.5,88
-139,-72.5,88
-138,-72.5,88
-137,-72.5,88
-136,-72.5,88
-135,-72.5,88
-134,-72.5,88
-133,-72.5,88
-132,-72.5,88
-131,-72.5,88
-130,-72.5,88
-129,-72.5,88
-128,-72.5,88
-127,-72.5,88
-126,-72.5,88
-125,-72.5,88
-124,-72.5,88
-123,-72.5,88
-122,-72.5,88
-121,-72.5,88
-120,-72.5,88
-119,-72.5,147
-118,-72.5,147
-117,-72.5,147
-116,-72.5,147
-115,-72.5,147
-114,-72.5,147
-113,-72.5,147
-112,-72.5,147
-111,-72.5,147
-110,-72.5,147
-109,-72.5,147
-108,-72.5,147
-107,-72.5,147
-106,-72.5,147
-105,-72.5,147
-104,-72.5,147
-103,-72.5,147
-102,-72.5,147
-101,-72.5,147
-100,-72.5,147
-99,-72.5,147
-96,-72.5,147
-95,-72.5,147
-94,-72.5,147
-93,-72.5,147
-92,-72.5,147
-91,-72.5,147
-90,-72.5,147
-89,-72.5,147
-88,-72.5,147
-87,-72.5,147
-86,-72.5,147
-85,-72.5,147
-84,-72.5,147
-83,-72.5,147
-82,-72.5,147
-81,-72.5,147
-80,-72.5,147
-78,-72.5,147
-77,-72.5,147
-76,-72.5,147
-75,-72.5,147
-74,-72.5,147
-69,-72.5,147
-68,-72.5,147
-61,-72.5,147
-60,-72.5,147
-59,-72.5,147
-58,-72.5,147
-57,-72.5,147
-56,-72.5,147
-55,-72.5,147
-54,-72.5,147
-53,-72.5,147
-52,-72.5,147
-51,-72.5,147
-50,-72.5,147
-49,-72.5,147
-48,-72.5,147
-47,-72.5,147
-46,-72.5,147
-45,-72.5,48
-44,-72.5,48
-43,-72.5,48
-42,-72.5,48
-41,-72.5,48
-40,-72.5,48
-39,-72.5,48
-38,-72.5,48
-37,-72.5,48
-36,-72.5,48
-35,-72.5,48
-34,-72.5,48
-33,-72.5,48
-32,-72.5,48
-31,-72.5,48
-30,-72.5,48
-29,-72.5,48
-28,-72.5,48
-27,-72.5,48
-26,-72.5,48
-25,-72.5,48
-24,-72.5,48
-23,-72.5,48
-22,-72.5,48
-21,-72.5,48
-20,-72.5,48
-19,-72.5,48
-18,-72.5,48
-17,-72.5,147
-16,-72.5,147
-15,-72.5,147
-14,-72.5,147
-13,-72.5,147
171,-72.5,147
172,-72.5,147
173,-72.5,147
174,-72.5,147
175,-72.5,147
176,-72.5,147
177,-72.5,88
178,-72.5,88
179,-72.5,88
-179,-73.5,147
-178,-73.5,147
-177,-73.5,88
-176,-73.5,88
-175,-73.5,88
-174,-73.5,88
-173,-73.5,88
-172,-73.5,88
-171,-73.5,88
-170,-73.5,88
-169,-73.5,88
-168,-73.5,88
-167,-73.5,88
-166,-73.5,88
-165,-73.5,88
-164,-73.5,88
-163,-73.5,88
-162,-73.5,88
-161,-73.5,88
-160,-73.5,88
-159,-73.5,88
-158,-73.5,88
-157,-73.5,88
-156,-73.5,88
-155,-73.5,88
-154,-73.5,88
-153,-73.5,88
-152,-73.5,88
-151,-73.5,88
-150,-73.5,88
-149,-73.5,88
-148,-73.5,88
-147,-73.5,88
-146,-73.5,88
-145,-73.5,88
-144,-73.5,88
-143,-73.5,88
-142,-73.5,88
-141,-73.5,88
-140,-73.5,88
-139,-73.5,88
-138,-73.5,88
-137,-73.5,88
-136,-73.5,88
-135,-73.5,88
-134,-73.5,88
-133,-73.5,88
-132,-73.5,88
-131,-73.5,147
-130,-73.5,147
-129,-73.5,147
-128,-73.5,147
-125,-73.5,147
-124,-73.5,147
-123,-73.5,147
-122,-73.5,147
-121,-73.5,147
-120,-73.5,147
-119,-73.5,147
-118,-73.5,147
-117,-73.5,147
-116,-73.5,147
-115,-73.5,147
-114,-73.5,147
-113,-73.5,147
-112,-73.5,147
-111,-73.5,147
-110,-73.5,147
-109,-73.5,147
-108,-73.5,147
-107,-73.5,147
-106,-73.5,147
-105,-73.5,147
-104,-73.5,147
-103,-73.5,147
-102,-73.5,147
-101,-73.5,147
-100,-73.5,147
-85,-73.5,147
-84,-73.5,147
-83,-73.5,147
-82,-73.5,147
-78,-73.5,147
-77,-73.5,147
-76,-73.5,147
-74,-73.5,147
-61,-73.5,147
-60,-73.5,147
-59,-73.5,147
-58,-73.5,147
-57,-73.5,147
-56,-73.5,147
-55,-73.5,147
-54,-73.5,147
-53,-73.5,147
-52,-73.5,147
-51,-73.5,147
-50,-73.5,147
-49,-73.5,147
-48,-73.5,147
-47,-73.5,147
-46,-73.5,147
-45,-73.5,147
-44,-73.5,147
-43,-73.5,147
-42,-73.5,48
-41,-73.5,48
-40,-73.5,48
-39,-73.5,48
-38,-73.5,48
-37,-73.5,48
-36,-73.5,48
-35,-73.5,48
-34,-73.5,48
-33,-73.5,48
-32,-73.5,48
-31,-73.5,48
-30,-73.5,48
-29,-73.5,48
-28,-73.5,48
-27,-73.5,48
-26,-73.5,48
-25,-73.5,48
-24,-73.5,48
-23,-73.5,147
-22,-73.5,147
-21,-73.5,147
-20,-73.5,147
-19,-73.5,147
-18,-73.5,147
-17,-73.5,147
168,-73.5,147
170,-73.5,147
171,-73.5,147
172,-73.5,147
173,-73.5,147
174,-73.5,147
175,-73.5,147
176,-73.5,147
177,-73.5,147
178,-73.5,147
179,-73.5,147
-179,-74.5,147
-178,-74.5,147
-177,-74.5,147
-176,-74.5,88
-175,-74.5,88
-174,-74.5,88
-173,-74.5,88
-172,-74.5,88
-171,-74.5,88
-170,-74.5,88
-169,-74.5,88
-168,-74.5,88
-167,-74.5,88
-166,-74.5,88
-165,-74.5,88
-164,-74.5,88
-163,-74.5,88
-162,-74.5,88
-161,-74.5,88
-160,-74.5,88
-159,-74.5,88
-158,-74.5,88
-157,-74.5,88
-156,-74.5,88
-155,-74.5,88
-154,-74.5,88
-153,-74.5,88
-152,-74.5,88
-151,-74.5,88
-150,-74.5,88
-149,-74.5,88
-148,-74.5,88
-147,-74.5,88
-146,-74.5,88
-145,-74.5,88
-144,-74.5,88
-143,-74.5,88
-142,-74.5,88
-141,-74.5,88
-140,-74.5,147
-139,-74.5,147
-138,-74.5,147
-137,-74.5,147
-136,-74.5,147
-135,-74.5,147
-134,-74.5,147
-133,-74.5,147
-132,-74.5,147
-130,-74.5,147
-129,-74.5,147
-128,-74.5,147
-127,-74.5,147
-126,-74.5,147
-125,-74.5,147
-124,-74.5,147
-123,-74.5,147
-122,-74.5,147
-121,-74.5,147
-120,-74.5,147
-119,-74.5,147
-117,-74.5,147
-116,-74.5,147
-113,-74.5,147
-112,-74.5,147
-109,-74.5,147
-108,-74.5,147
-107,-74.5,147
-106,-74.5,147
-105,-74.5,147
-104,-74.5,147
-103,-74.5,147
-102,-74.5,147
-101,-74.5,147
-61,-74.5,147
-60,-74.5,147
-59,-74.5,147
-58,-74.5,147
-57,-74.5,147
-56,-74.5,147
-55,-74.5,147
-54,-74.5,147
-53,-74.5,147
-52,-74.5,147
-51,-74.5,147
-50,-74.5,147
-49,-74.5,147
-48,-74.5,147
-47,-74.5,147
-46,-74.5,147
-45,-74.5,147
-44,-74.5,147
-43,-74.5,147
-42,-74.5,147
-41,-74.5,147
-40,-74.5,147
-39,-74.5,147
-38,-74.5,147
-37,-74.5,147
-36,-74.5,147
-35,-74.5,147
-34,-74.5,147
-33,-74.5,147
-32,-74.5,147
-31,-74.5,147
-30,-74.5,147
-29,-74.5,48
-28,-74.5,147
-27,-74.5,147
-26,-74.5,147
-25,-74.5,147
-24,-74.5,147
-23,-74.5,147
-22,-74.5,147
-20,-74.5,147
-19,-74.5,147
-18,-74.5,147
-17,-74.5,147
-16,-74.5,147
166,-74.5,147
167,-74.5,147
168,-74.5,147
169,-74.5,147
170,-74.5,147
171,-74.5,147
172,-74.5,147
173,-74.5,147
174,-74.5,147
175,-74.5,147
176,-74.5,147
177,-74.5,147
178,-74.5,147
179,-74.5,147
-179,-75.5,147
-178,-75.5,147
-177,-75.5,147
-176,-75.5,147
-175,-75.5,147
-174,-75.5,88
-173,-75.5,88
-172,-75.5,88
-171,-75.5,88
-170,-75.5,88
-169,-75.5,88
-168,-75.5,88
-167,-75.5,88
-166,-75.5,88
-165,-75.5,88
-164,-75.5,88
-163,-75.5,88
-162,-75.5,88
-161,-75.5,88
-160,-75.5,88
-159,-75.5,88
-158,-75.5,88
-157,-75.5,88
-156,-75.5,88
-155,-75.5,88
-154,-75.5,88
-153,-75.5,88
-152,-75.5,88
-151,-75.5,88
-150,-75.5,88
-149,-75.5,147
-148,-75.5,147
-147,-75.5,147
-146,-75.5,147
-145,-75.5,147
-144,-75.5,147
-142,-75.5,147
-141,-75.5,147
-63,-75.5,147
-62,-75.5,147
-61,-75.5,147
-60,-75.5,147
-59,-75.5,147
-58,-75.5,147
-57,-75.5,147
-56,-75.5,147
-55,-75.5,147
-54,-75.5,147
-53,-75.5,147
-52,-75.5,147
-51,-75.5,147
-50,-75.5,147
-49,-75.5,147
-48,-75.5,147
-47,-75.5,147
-46,-75.5,147
-45,-75.5,147
-44,-75.5,147
-43,-75.5,147
-42,-75.5,147
-41,-75.5,147
-40,-75.5,147
-39,-75.5,147
-38,-75.5,147
-37,-75.5,147
-36,-75.5,147
-35,-75.5,147
-34,-75.5,147
-33,-75.5,147
-32,-75.5,147
-31,-75.5,147
-30,-75.5,147
-29,-75.5,147
-28,-75.5,147
-27,-75.5,147
-26,-75.5,147
-25,-75.5,147
-24,-75.5,147
-23,-75.5,147
-22,-75.5,147
-21,-75.5,147
-20,-75.5,147
-19,-75.5,147
163,-75.5,147
164,-75.5,147
165,-75.5,147
166,-75.5,147
167,-75.5,147
168,-75.5,147
169,-75.5,147
170,-75.5,147
171,-75.5,147
172,-75.5,147
173,-75.5,147
174,-75.5,147
175,-75.5,147
176,-75.5,147
177,-75.5,147
178,-75.5,147
179,-75.5,147
-179,-76.5,147
-178,-76.5,147
-177,-76.5,147
-176,-76.5,147
-175,-76.5,147
-174,-76.5,147
-173,-76.5,147
-172,-76.5,147
-171,-76.5,147
-170,-76.5,147
-169,-76.5,147
-168,-76.5,147
-167,-76.5,147
-166,-76.5,147
-165,-76.5,147
-164,-76.5,147
-163,-76.5,147
-162,-76.5,147
-161,-76.5,147
-160,-76.5,147
-159,-76.5,147
-158,-76.5,147
-157,-76.5,147
-156,-76.5,147
-155,-76.5,147
-154,-76.5,147
-153,-76.5,147
-152,-76.5,147
-151,-76.5,147
-150,-76.5,147
-149,-76.5,147
-148,-76.5,147
-147,-76.5,147
-78,-76.5,147
-77,-76.5,147
-76,-76.5,147
-69,-76.5,147
-68,-76.5,147
-67,-76.5,147
-66,-76.5,147
-65,-76.5,147
-64,-76.5,147
-63,-76.5,147
-62,-76.5,147
-61,-76.5,147
-60,-76.5,147
-59,-76.5,147
-58,-76.5,147
-57,-76.5,147
-56,-76.5,147
-55,-76.5,147
-54,-76.5,147
-53,-76.5,147
-52,-76.5,147
-51,-76.5,147
-50,-76.5,147
-49,-76.5,147
-48,-76.5,147
-47,-76.5,147
-46,-76.5,147
-45,-76.5,147
-44,-76.5,147
-43,-76.5,147
-42,-76.5,147
-41,-76.5,147
-40,-76.5,147
-39,-76.5,147
-38,-76.5,147
-37,-76.5,147
-36,-76.5,147
-35,-76.5,147
-34,-76.5,147
-33,-76.5,147
-32,-76.5,147
-31,-76.5,147
-30,-76.5,147
-29,-76.5,147
-28,-76.5,147
163,-76.5,147
164,-76.5,147
165,-76.5,147
166,-76.5,147
167,-76.5,147
168,-76.5,147
169,-76.5,147
170,-76.5,147
171,-76.5,147
172,-76.5,147
173,-76.5,147
174,-76.5,147
175,-76.5,147
176,-76.5,147
177,-76.5,147
178,-76.5,147
179,-76.5,147
-179,-77.5,147
-178,-77.5,147
-177,-77.5,147
-176,-77.5,147
-175,-77.5,147
-174,-77.5,147
-173,-77.5,147
-172,-77.5,147
-171,-77.5,147
-170,-77.5,147
-169,-77.5,147
-168,-77.5,147
-167,-77.5,147
-166,-77.5,147
-165,-77.5,147
-164,-77.5,147
-163,-77.5,147
-162,-77.5,147
-161,-77.5,147
-160,-77.5,147
-159,-77.5,147
-158,-77.5,147
-150,-77.5,147
-149,-77.5,147
-73,-77.5,147
-72,-77.5,147
-71,-77.5,147
-70,-77.5,147
-69,-77.5,147
-68,-77.5,147
-67,-77.5,147
-66,-77.5,147
-65,-77.5,147
-64,-77.5,147
-63,-77.5,147
-62,-77.5,147
-61,-77.5,147
-60,-77.5,147
-59,-77.5,147
-58,-77.5,147
-57,-77.5,147
-56,-77.5,147
-55,-77.5,147
-54,-77.5,147
-53,-77.5,147
-52,-77.5,147
-51,-77.5,147
-50,-77.5,147
-49,-77.5,147
-48,-77.5,147
-47,-77.5,147
-46,-77.5,147
-45,-77.5,147
-44,-77.5,147
-43,-77.5,147
-42,-77.5,147
-41,-77.5,147
-40,-77.5,147
-39,-77.5,147
-38,-77.5,147
-37,-77.5,147
-36,-77.5,147
-35,-77.5,147
-34,-77.5,147
164,-77.5,147
165,-77.5,147
166,-77.5,147
170,-77.5,147
171,-77.5,147
172,-77.5,147
173,-77.5,147
174,-77.5,147
175,-77.5,147
176,-77.5,147
177,-77.5,147
178,-77.5,147
179,-77.5,147
-179,-78.5,147
-178,-78.5,147
-177,-78.5,147
-176,-78.5,147
-175,-78.5,147
-174,-78.5,147
-173,-78.5,147
-172,-78.5,147
-171,-78.5,147
-170,-78.5,147
-169,-78.5,147
-168,-78.5,147
-167,-78.5,147
-166,-78.5,147
-165,-78.5,147
-164,-78.5,147
-163,-78.5,147
-162,-78.5,147
-161,-78.5,147
-160,-78.5,147
-159,-78.5,147
-158,-78.5,147
-157,-78.5,147
-156,-78.5,147
-155,-78.5,147
-83,-78.5,147
-77,-78.5,147
-76,-78.5,147
-75,-78.5,147
-74,-78.5,147
-73,-78.5,147
-72,-78.5,147
-71,-78.5,147
-70,-78.5,147
-69,-78.5,147
-67,-78.5,147
-66,-78.5,147
-65,-78.5,147
-64,-78.5,147
-63,-78.5,147
-62,-78.5,147
-61,-78.5,147
-60,-78.5,147
-59,-78.5,147
-58,-78.5,147
-57,-78.5,147
-56,-78.5,147
-55,-78.5,147
-54,-78.5,147
-53,-78.5,147
-52,-78.5,147
-51,-78.5,147
-50,-78.5,147
-43,-78.5,147
-42,-78.5,147
-40,-78.5,147
-39,-78.5,147
-38,-78.5,147
-37,-78.5,147
168,-78.5,147
169,-78.5,147
170,-78.5,147
171,-78.5,147
172,-78.5,147
173,-78.5,147
174,-78.5,147
175,-78.5,147
176,-78.5,147
177,-78.5,147
178,-78.5,147
179,-78.5,147
-179,-79.5,147
-178,-79.5,147
-177,-79.5,147
-176,-79.5,147
-175,-79.5,147
-174,-79.5,147
-173,-79.5,147
-172,-79.5,147
-171,-79.5,147
-170,-79.5,147
-169,-79.5,147
-168,-79.5,147
-167,-79.5,147
-166,-79.5,147
-165,-79.5,147
-164,-79.5,147
-158,-79.5,147
-157,-79.5,147
-156,-79.5,147
-155,-79.5,147
-154,-79.5,147
-153,-79.5,147
-152,-79.5,147
-151,-79.5,147
-76,-79.5,147
-75,-79.5,147
-74,-79.5,147
-73,-79.5,147
-72,-79.5,147
-70,-79.5,147
-69,-79.5,147
-68,-79.5,147
-67,-79.5,147
-66,-79.5,147
-65,-79.5,147
-64,-79.5,147
-63,-79.5,147
-62,-79.5,147
-61,-79.5,147
-60,-79.5,147
-59,-79.5,147
-58,-79.5,147
-57,-79.5,147
-56,-79.5,147
-55,-79.5,147
-54,-79.5,147
-53,-79.5,147
-52,-79.5,147
-51,-79.5,147
-43,-79.5,147
-42,-79.5,147
-41,-79.5,147
-40,-79.5,147
-39,-79.5,147
-38,-79.5,147
-37,-79.5,147
-36,-79.5,147
-35,-79.5,147
-34,-79.5,147
-33,-79.5,147
-32,-79.5,147
-31,-79.5,147
-30,-79.5,147
161,-79.5,147
162,-79.5,147
163,-79.5,147
164,-79.5,147
165,-79.5,147
166,-79.5,147
167,-79.5,147
168,-79.5,147
169,-79.5,147
170,-79.5,147
171,-79.5,147
172,-79.5,147
173,-79.5,147
174,-79.5,147
175,-79.5,147
176,-79.5,147
177,-79.5,147
178,-79.5,147
179,-79.5,147
-179,-80.5,147
-178,-80.5,147
-177,-80.5,147
-176,-80.5,147
-175,-80.5,147
-174,-80.5,147
-173,-80.5,147
-172,-80.5,147
-171,-80.5,147
-170,-80.5,147
-169,-80.5,147
-168,-80.5,147
-167,-80.5,147
-166,-80.5,147
-165,-80.5,147
-164,-80.5,147
-163,-80.5,147
-162,-80.5,147
-161,-80.5,147
-160,-80.5,147
-159,-80.5,147
-158,-80.5,147
-157,-80.5,147
-156,-80.5,147
-155,-80.5,147
-154,-80.5,147
-153,-80.5,147
-152,-80.5,147
-151,-80.5,147
-150,-80.5,147
-149,-80.5,147
-148,-80.5,147
-147,-80.5,147
-146,-80.5,147
-75,-80.5,147
-74,-80.5,147
-73,-80.5,147
-72,-80.5,147
-71,-80.5,147
-70,-80.5,147
-69,-80.5,147
-68,-80.5,147
-67,-80.5,147
-66,-80.5,147
-64,-80.5,147
-60,-80.5,147
-59,-80.5,147
-58,-80.5,147
-57,-80.5,147
-56,-80.5,147
-55,-80.5,147
-45,-80.5,147
-44,-80.5,147
-43,-80.5,147
-42,-80.5,147
-41,-80.5,147
-40,-80.5,147
-39,-80.5,147
-38,-80.5,147
-37,-80.5,147
-36,-80.5,147
-35,-80.5,147
-34,-80.5,147
-33,-80.5,147
-32,-80.5,147
161,-80.5,147
162,-80.5,147
163,-80.5,147
164,-80.5,147
165,-80.5,147
166,-80.5,147
167,-80.5,147
168,-80.5,147
169,-80.5,147
170,-80.5,147
171,-80.5,147
172,-80.5,147
173,-80.5,147
174,-80.5,147
175,-80.5,147
176,-80.5,147
177,-80.5,147
178,-80.5,147
179,-80.5,147
-179,-81.5,147
-178,-81.5,147
-177,-81.5,147
-176,-81.5,147
-175,-81.5,147
-174,-81.5,147
-173,-81.5,147
-172,-81.5,147
-171,-81.5,147
-170,-81.5,147
-169,-81.5,147
-168,-81.5,147
-167,-81.5,147
-166,-81.5,147
-165,-81.5,147
-164,-81.5,147
-163,-81.5,147
-162,-81.5,147
-161,-81.5,147
-160,-81.5,147
-159,-81.5,147
-158,-81.5,147
-157,-81.5,147
-156,-81.5,147
-155,-81.5,147
-66,-81.5,147
-65,-81.5,147
-64,-81.5,147
-63,-81.5,147
-62,-81.5,147
-61,-81.5,147
-60,-81.5,147
-59,-81.5,147
-58,-81.5,147
-57,-81.5,147
-56,-81.5,147
-55,-81.5,147
-54,-81.5,147
-53,-81.5,147
-52,-81.5,147
-51,-81.5,147
-50,-81.5,147
-49,-81.5,147
-48,-81.5,147
-47,-81.5,147
-46,-81.5,147
-45,-81.5,147
-44,-81.5,147
-43,-81.5,147
161,-81.5,147
162,-81.5,147
163,-81.5,147
164,-81.5,147
165,-81.5,147
166,-81.5,147
167,-81.5,147
168,-81.5,147
169,-81.5,147
170,-81.5,147
171,-81.5,147
172,-81.5,147
173,-81.5,147
174,-81.5,147
175,-81.5,147
176,-81.5,147
177,-81.5,147
178,-81.5,147
179,-81.5,147
-179,-82.5,147
-178,-82.5,147
-177,-82.5,147
-176,-82.5,147
-175,-82.5,147
-174,-82.5,147
-173,-82.5,147
-172,-82.5,147
-171,-82.5,147
-170,-82.5,147
-169,-82.5,147
-168,-82.5,147
-167,-82.5,147
-166,-82.5,147
-165,-82.5,147
-164,-82.5,147
-163,-82.5,147
-162,-82.5,147
-161,-82.5,147
-160,-82.5,147
-159,-82.5,147
-158,-82.5,147
-157,-82.5,147
-156,-82.5,147
-155,-82.5,147
-154,-82.5,147
-153,-82.5,147
-59,-82.5,147
-58,-82.5,147
-57,-82.5,147
-56,-82.5,147
166,-82.5,147
167,-82.5,147
168,-82.5,147
169,-82.5,147
170,-82.5,147
171,-82.5,147
172,-82.5,147
173,-82.5,147
174,-82.5,147
175,-82.5,147
176,-82.5,147
177,-82.5,147
178,-82.5,147
179,-82.5,147
-179,-83.5,147
-178,-83.5,147
-177,-83.5,147
-176,-83.5,147
-175,-83.5,147
-174,-83.5,147
-173,-83.5,147
-172,-83.5,147
-171,-83.5,147
-170,-83.5,147
-169,-83.5,147
-168,-83.5,147
-167,-83.5,147
-166,-83.5,147
-165,-83.5,147
-164,-83.5,147
-163,-83.5,147
-162,-83.5,147
-161,-83.5,147
-160,-83.5,147
-159,-83.5,147
-158,-83.5,147
-157,-83.5,147
-156,-83.5,147
-155,-83.5,147
-154,-83.5,147
-153,-83.5,147
171,-83.5,147
172,-83.5,147
173,-83.5,147
174,-83.5,147
175,-83.5,147
176,-83.5,147
177,-83.5,147
178,-83.5,147
179,-83.5,147
-172,-84.5,147
-171,-84.5,147
-170,-84.5,147
-169,-84.5,147
-168,-84.5,147
-167,-84.5,147
-166,-84.5,147
-165,-84.5,147
-164,-84.5,147
-163,-84.5,147
-162,-84.5,147
-161,-84.5,147
-160,-84.5,147
-159,-84.5,147
-158,-84.5,147
-157,-84.5,147
-156,-84.5,147
-155,-84.5,147
-154,-84.5,147
-153,-84.5,147
-152,-84.5,147
-151,-84.5,147
